,
الفرق بين الفرق,MOSLEM SCHISMS AND SECTS
,(Al-Fark Bain al-Firak)
"المؤلف: عبد القاهر بن طاهر بن محمد بن عبد الله البغدادي التميمي الأسفراييني، أبو منصور (ت 429هـ)",Abu-Mansur ‘abd-al-Kahir ibn-Tahir al-Baghdadi (d. 1037)
,
الْبَاب الأول فِي بَيَان الحَدِيث الْمَأْثُور فِي افْتِرَاق الْأمة,PART 1
,AN EXPLANATION OF THE WELL-KNOWN TRADITIONS IN REGARD TO THE DIVISIONS OF THE (MOSLEM) COMMUNITY
أخبرنَا أَبُو سهل بشر بن أَحْمد بن بشار الإسفراءيني قَالَ أخبرنَا عبد الله بن نَاجِية قَالَ حَدثنَا وهب بن بَقِيَّة عَن خَالِد ابْن عبد الله عَن مُحَمَّد بن عَمْرو عَن أبي سَلمَة عَن أبي هُرَيْرَة قَالَ قَالَ رَسُول الله صلى الله عليه وسلم افْتَرَقت الْيَهُود على إِحْدَى وَسبعين فرقة وَتَفَرَّقَتْ النَّصَارَى على اثْنَتَيْنِ وَسبعين فرقة وتفترق أمتي على ثَلَاث وَسبعين فرقة,"Abu-Sahl Bishr ibn-Ahmad ibn- Bashshar al-Isfara’ini, ‘Abdallah ibn-Najiyah, Wahb ibn- Bakiyyah, Khalid ibn-‘Abdallah, Muhammad ibn-‘Amr, abu-Salmah, abu-Hurairah that the last said, the prophet of Allah—peace be unto him said: “The Jews are divided into 71 sects, and the Christians are divided into 72 sects, and my people will be divided into 73 sects.'"
أخبرنَا أَبُو مُحَمَّد عبد الله بن مُحَمَّد بن على بن زِيَاد السميذي الْعدْل الثِّقَة قَالَ أخبرنَا أَحْمد بن الْحسن بن عبد الْجَبَّار قَالَ حَدثنَا الْهَيْثَم بن خَارِجَة قَالَ حَدثنَا إِسْمَاعِيل بن عَبَّاس عَن عبد الرَّحْمَن بن زِيَاد بن أنعم عَن عبد الله بن يزِيد عَن عبد الله بن عَمْرو قَالَ قَالَ رَسُول الله صلى الله عليه وسلم ليَأْتِيَن على أمتي مَا أَتَى على بني إِسْرَائِيل تفرق بَنو اسرائيل على اثْنَتَيْنِ وَسبعين مِلَّة وَسَتَفْتَرِقُ امتى على ثَلَاث وَسبعين مِلَّة تزيد عَلَيْهِم مِلَّة كلهم فِي النَّار إلا مِلَّة وَاحِدَة قَالُوا يَا رَسُول الله من الْملَّة الْوَاحِدَة الَّتِي تنْقَلب قَالَ مَا أَنا عَلَيْهِ وأصحابي,"And we are told by abu-Muhammad ‘Abdallah ibn-‘Ali ibn- Ziyad al-Sumaidhi, who is considered of interest and authoritative, that he heard through the following chain of authorities: Ahmad ibn-al-Hasan ibn-‘Abd al-Jabbar, al- Haitham ibn-Kharijah, Isma‘il ibn-‘Abbas, ‘Abd-al-Rahman ibn-Ziyad ibn-An‘am, ‘Abdallah ibn-Yazid, ‘Abdallah ibn- ‘Amr, that the prophet of Allah said: ""Verily there will happen to my people what happened to the Banu Isra’il. The Banu Isra’il are divided into 72 religious bodies, and my people will be divided into 73 religious bodies, exceeding them by one. All of them are destined to hell fire except one.'’ They said: “O, prophet of Allah, which is the one religious body that will escape the fire?"" He said: “That to which I belong, and my companions.”"
أخبرنَا القَاضِي أَبُو مُحَمَّد عبد الله بن عمر الْمَالِكِي قَالَ حَدثنَا أبي عَن أَبِيه قَالَ حَدثنَا الْوَلِيد بن مسلمة قَالَ حَدثنَا الاوزاعي قَالَ حَدثنَا قَتَادَة عَن انس عَن النَّبِي صلى الله عليه وسلم قَالَ أن بنى إِسْرَائِيل افْتَرَقت على إِحْدَى وَسبعين فرقة وَإِن امتى سَتَفْتَرِقُ على ثِنْتَيْنِ وَسبعين فرقة كلهَا فِي النَّار إِلَّا وَاحِدَة وهى الْجَمَاعَة,"The Kadi abu-Muhammad ‘Abdallah ibn-‘Umar, the Malikite, says: ""We have it from my father, who had it from his father, that Walid ibn-Maslamah said that al-Auza‘i said that we are told by Katadah, who had it from Anas, who had it from the Prophet: ‘Lo, the Banu Isra’Il are divided into 71 sects, and lo my people will be divided into 72 sects, all of them destined to hell fire except one, and these are the true believers.”"
قَالَ عبد القاهر للْحَدِيث الْوَارِد فِي افْتِرَاق الإمامة أَسَانِيد كَثِيرَة وَقد رَوَاهُ عَن النَّبِي صلى الله عليه وسلم جمَاعَة من الصَّحَابَة كأنس بن مَالك وَأبي هُرَيْرَة وَأبي الدَّرْدَاء وَجَابِر وَأبي سعيد الْخُدْرِيّ وَأبي بن كَعْب وَعبد الله بن عَمْرو بن الْعَاصِ وَأبي إمامة ووائله بن الاسقع وَغَيرهم وَقد روى عَن الْخُلَفَاء الرَّاشِدين أَنهم ذكرُوا افْتِرَاق الإمامة بعدهمْ فرقا وَذكروا أن الْفرْقَة النَّاجِية مِنْهَا فرقة وَاحِدَة وسائرها على الضلال فِي الدُّنْيَا والبوار فِي الْآخِرَة,"‘Abd al-Kahir says that there are many Isnads (chains of traditions) for the tradition dealing with the division of the community. A number of the following Companions have handed it down as coming from the Prophet: Anas ibn-Malik, abu-Hurairah, abu-l-Darda, Jabir, abu-Sa‘id al-Khidri, Ubai ibn-Ka‘b, ‘Abdallah ibn- ‘Amr ibn-al-‘As, abu-Imamah, Wathilah ibn-al-Aska‘ and others. It is also handed down that the pious caliphs mentioned that the community would be divided after them, that one sect only would save itself, and that the rest of them would be given to error in this world, and to destruction in the next."
وروى عَن النَّبِي صلى الله عليه وسلم ذمّ الْقَدَرِيَّة وَأَنَّهُمْ مجوس هَذِه الإمامة وروى عَنهُ ذمّ المرجئة مَعَ الْقَدَرِيَّة وروى عَنهُ أيضا ذمّ المارقين وهم الْخَوَارِج وروى عَن أَعْلَام الصَّحَابَة ذمّ الْقَدَرِيَّة والمرجئة والخوارج المارقة,"Moreover, it is reported of the Prophet that he condemned the Kadarites, calling them the Magians of this people. It is also reported that he condemned the Murjiites together with the Kadarites. To this is added the report that he condemned the heretics, i. c. the Kharijites. While it is handed down from the leading Companions that he 6 condemned the Kadarites and the Murjiites and the heretical Kharijites."
وَقد ذكرهم على رضى الله عَنهُ فِي خطبَته الْمَعْرُوفَة بالزهراء وبرىء فِيهَا من أهل الاديموات وَقد علم كل ذِي عقل من أَصْحَاب المقالات المنسوبة إلى أن النَّبِي صلى الله عليه وسلم عليه السلام لم يرد بِالْفرقِ المذمومة الَّتِي أهل النَّار فرق الْفُقَهَاء الَّذين اخْتلفُوا فِي فروع الْفِقْه مَعَ اتِّفَاقهم على اصول الدّين لأن الْمُسلمين فِيمَا اخْتلفُوا فِيهِ من فروع الْحَلَال وَالْحرَام على قَوْلَيْنِ,"‘Ali, Allah have mercy on him, mentions these sects in his Khutbah (sermon) which is known as the Zahra’; in it he declared himself not responsible for the people of Adimawat. Every man of intelligence among the authors of the treatises ascribed to . . . (text not clear) has known that the Prophet in speaking of the divisions that were to be condemned and the members of which were destined for hell-fire, did not mean the various legal schools, who, though they disagreed as to the derivative Institutes of law, agreed concerning the fundamentals of religion. Now the Mohammedans held two opinions as regards the deductions drawn from the fundamental principles of right and wrong."
أَحدهمَا قَول من يرى تصويب الْمُجْتَهدين كلهم فِي فروع الْفِقْه وَفرق الْفِقْه كلهَا عِنْدهم مصيبون وَالثَّانِي قَول من يرى فِي كل فرع تصويب وَاحِد من المتخلفين فِيهِ وتخطئة البَاقِينَ من غير تضليل مِنْهُ للمخطئ فِيهِ,"The first looks with approval upon all those who promoted the Science of derivative Institutes. For it, all the legal schools are right. The second approves, in connection with each derivative Institute, one of the parties contending about it and disapproves all the others—without, however, attributing error to the one who goes astray in the matter."
وَإِنَّمَا فصل النَّبِي عليه السلام بِذكر الْفرق المذمومة فرق أَصْحَاب الْأَهْوَاء الضَّالة الَّذين خالفوا الْفرْقَة النَّاجِية فِي ابواب الْعدْل والتوحيد أَو فِي الْوَعْد والوعيد أَو فِي بابى الْقدر والاستطاعة أَو فِي تَقْدِير الْخَيْر وَالشَّر أَو فِي بَاب الْهِدَايَة والضلالة أَو فِي بَاب الْإِرَادَة والمشيئة أَو فِي بَاب الروية والإدراك أَو فِي بَاب صِفَات الله عز وجل وأسمائه وأوصافه أَو فِي بَاب من أَبْوَاب التَّعْدِيل والتجويز أَو فِي بَاب من أَبْوَاب النُّبُوَّة وشروطها وَنَحْوهَا من الابواب الَّتِي اتّفق عَلَيْهَا أهل السّنة وَالْجَمَاعَة من فريقى الرأى والْحَدِيث على أصل وَاحِد خالفهم فِيهَا أهل الْأَهْوَاء الضَّالة من الْقَدَرِيَّة والخوارج وَالرَّوَافِض والنجارية والجهمية والمجسمة والمشبهة.,"And verily the Prophet, in mentioning the sects condemned, had in mind only those holders of erring opinions who differ from the one sect which will be saved, in such matters as ethics and the unity (of God), promises and threats (regarding future life), predestination and freewill, the determination of good and evil, right guidance and error, the will and wish of God, prophetic vision and understanding, the attributes of Allah, his names and qualities, any question concerning what is ordered and what is permitted, [signs for] prophecy and its conditions, and similar questions in which the Sunnites and the (Moslem) community from among the followers of analogical deduction and tradition agree upon the fundamentals, and in which they are opposed by the holders of erring opinions, namely the Kadariyah, the Khawarij, the Rawafid, the Najjarlyah, the Jahmiyah, the Mujassimah, the Mushabbihah, and those who follow them  among the erring sects."
وَمن جرى من فرق الضلال فان الْمُخْتَلِفين فِي الْعدْل والتوحيد والقبور والاسلاف متحدو الروية وَالصِّفَات وَالتَّعْدِيل والتجويز,"And, verily, those who differ in regard to ethics and the unity (of God), the worship of graves and of ancestors, are agreed in regard to such matters as celestial vision, divine attributes, what is ordained and what is permitted."
وفى شُرُوط النُّبُوَّة والإمامة يكفر بَعضهم بَعْضًا فصح تَأْوِيل الحَدِيث المروى فِي افْتِرَاق الإمامة ثَلَاثًا وَسبعين فرقة إلى هَذَا النَّوْع من الِاخْتِلَاف دون الانواع الَّتِي اخْتلفت فِيهَا ائمة الْفِقْه من فروع الاحكام فِي أَبْوَاب الْحَلَال وَالْحرَام,"But in regard to the conditions of true prophecy and the Imamship, some of them accuse each other of unbelief. So that the tradition handed down in regard to the breaking-up of the community into 73 sects must be understood to refer to differences such as these not to those on which the leading jurists differed in the matter of Institutes drawn from the fundamental principles of right and wrong."
أَو لَيْسَ فِيمَا بَينهم تَكْفِير وَلَا تضليل فِيمَا اخْتلفُوا فِيهِ من احكام الْفُرُوع وَسَنذكر الْفرق الَّتِي رَجَعَ اليهم تَأْوِيل الْخَبَر المروى فِي افْتِرَاق الإمامة فِي الْبَاب الَّذِي يلى مَا نَحن فِيهِ أن شَاءَ الله عز وَجل,"Is it not that in those things in which they differ as regards Institutes, it is not at all a question of unbelief or of error? I shall mention in the following chapter the various sects to which the tradition refers concerning the subdividing of the Islamic world, so it please Allah."
الْبَاب الثَّانِي من أَبْوَاب هَذَا الْكتاب,PART II
فِي كَيْفيَّة افْتِرَاق الإمامة ثَلَاثًا وَسبعين وفى ضمنه بَيَان الْفرق الَّذين يجمعهُمْ اسْم مِلَّة الإسلام فِي الْجُمْلَة يَقع فِي هَذَا الْبَاب فصلان أَحدهمَا فِي بَيَان الْمَعْنى الْجَامِع للْفرق الْمُخْتَلفَة فِي اسْم مِلَّة الإسلام فِي الْجُمْلَة والفصل الثَّانِي فِي بَيَان كَيْفيَّة اخْتِلَاف الإمامة وَتَحْصِيل عدد فرقها الثَّلَاث وَسبعين وَسَنذكر فِي كل وَاحِد من هذَيْن الْفَصْلَيْنِ مُقْتَضَاهُ أن شَاءَ الله عز وجل,"This part treats of the manner in which this community has been divided into 73. It also contains an explanation of the sects which are collected under the general name of the Mi Hat al-Islam. There are two chapters in this part: one deals with the explanation of the idea underlying the different sects included under the general name of Millat al-Islam: the second concerns the explanation of how the community has become divided, and the enumeration of its 73 sects. I shall mention in each one of these chapters what is necessary, so it please Allah."
‌‌الْفَصْل الأول,This chapter explains the idea underlying the expression Millat al-Islam as a general designation of the various sects. Before going into details it is necessary to say that those who belong to Islam are divided in opinion in regard to those to whom the general name of Millat al-Islam is given.
فِي بَيَان الْمَعْنى الْجَامِع للْفرق الْمُخْتَلفَة فِي اسْم مِلَّة الإسلام على الْجُمْلَة قبل التَّفْصِيل اخْتلف المنتسبون إلى الإسلام فِي الَّذين يدْخلُونَ بِالِاسْمِ الْعَام فِي مِلَّة الاسلام,
فَزعم أَبُو الْقَاسِم الكعبي فِي مقالاته أن قَول الْقَائِل امة الإسلام تقع على كل مقرّ بنبوة مُحَمَّد صلى الله عليه وسلم وان كل مَا جَاءَ بِهِ حق كَائِنا قَوْله بعد ذَلِك مَا كَانَ وَزعم قوم أن أمة الإسلام كل من يرى وجوب الصَّلَاة إلى جِهَة الْكَعْبَة وَزَعَمت الكرامية مجسمة خُرَاسَان أن امة الإسلام جَامِعَة لكل من أقرّ بشهادتي الإسلام لفظا,"Abu-l-Kasim al-Ka‘bi claims in his treatises, ""When one uses the expression Ummat al-Islam, it refers to everyone who affirms the prophetic character of Muhammad, and the truth of all that he preached, no matter what he asserted after this declaration."" Others claim that Ummat al-Islam comprises all who acknowledge the necessity of turning in the direction of the Ka‘bah in prayer. The Karramiyah, the Mujassimah (corporealists) of Khurasan, say that the expression Ummat al-Islam comprises all those who enunciate the two parts of the creed."
وَقَالُوا كل من قَالَ لَا اله الا الله مُحَمَّد رَسُول الله فَهُوَ مُؤمن حَقًا وَهُوَ من أهل مِلَّة الإسلام سَوَاء كَانَ مخلصا فِيهِ أَو منافقا مُضْمر الْكفْر فِيهِ والزندقة وَلِهَذَا زَعَمُوا أن الْمُنَافِقين فِي عهد رَسُول الله صلى الله عليه وسلم كَانُوا مُؤمنين حَقًا وَكَانَ ايمانهم كايمان جِبْرِيل وميكاءيل والانبياء وَالْمَلَائِكَة مَعَ اعْتِقَادهم النِّفَاق وَإِظْهَار الشَّهَادَتَيْنِ,"They say everyone who says, “There is no God but Allah, and Muhammad is the prophet of Allah,"" is verily a true believer, and belongs to the Millat al-Islam, no matter whether he is sincere or insincere, hiding unbelief and heresy under this assertion. Thus they claimed that those who were insincere in the time of the prophet Allah were really believers, and that their faith was like the faith of Gabriel and Michael and the prophets and the angels, in spite of their joining treachery to their profession of the two parts of the creed."
وَهَذَا القَوْل مَعَ قَول الكعبى فِي تفسيراته الإسلام ينْتَقض بقول العيسوية من يهود أَصْبَهَان فانهم يقرونَ بنبوة نَبينَا مُحَمَّد صلى الله عليه وسلم وَبِأَن كل مَا جَاءَ بِهِ حق وَلَكنهُمْ زَعَمُوا انه بعث إلى الْعَرَب لَا إلى بنى اسرائيل وَقَالُوا أيضا مُحَمَّد رَسُول الله وَمَا هم معدودين فِي فرق الإسلام وَقوم من شاركانية الْيَهُود حكوا عَن زعيمهم الْمَعْرُوف بشاركان أَنه قَالَ أن مُحَمَّدًا رَسُول الله إلى الْعَرَب والى سَائِر النَّاس مَا خلا الْيَهُود,"This opinion, together with the opinion of al-Ka'bl in his expla-nations of the name of Islam, is refuted by the saying of the ‘Isawlah among the Jews of Ispahan. For verily they accept the prophetic character of our prophet Muhammad, and the truth of all his teachings. But they claim that he was sent to the Arabs, not to the Banu Israel. They say also that Muhammad is the prophet of Allah. Nevertheless, they are not numbered among the sects of Islam. And some of the Sharikaniyah among the jews relate concerning their leader known as Sharikan that he said: Indeed Muhammad was a prophet of Allah to the Arabs, and to the rest of mankind, with the exception of the Jews.”"
وَأَنه قَالَ أن الْقُرْآن حق وكل الإذان وَالْإِقَامَة والصلوات الْخمس وَصِيَام شهر رَمَضَان وَحج الْكَعْبَة كل ذَلِك حق غير أَنه مَشْرُوع للْمُسلمين دون الْيَهُود وَرُبمَا فعل ذَلِك بعض الشاركانية قد أقرُّوا بشهادتي أن لَا اله الا الله وَأَن مُحَمَّدًا رَسُول الله واقروا بِأَن دينه حق وَمَا هم مَعَ ذَلِك من أمة الإسلام لقَولهم بَان شَرِيعَة الإسلام لَا تلزمهم,"And also that he said: The Koran is true and the Adhan [the announcement of prayer], the Ikamah, the performance of io the five prayers, the fast of Ramadan, and the pilgrimage of the Ka‘bah, ail these are truths, but they are prescribed for the Moslems, not for the Jews.""Often some of the Sharikaniyah have kept some of these observances. They have professed the two parts of the creed: “There is no God but Allah, and Muhammad is the prophet of Allah.""They have also asserted that his religion is true. Yet, in spite of this, they are not of the Ummat al-Islam, because of their profession that the law of Islam has no binding force upon them."
وَأما قَول من قَالَ أن اسْم مِلَّة الإسلام امْر وَاقع على كل من يرى وجوب الصَّلَاة إلى الْكَعْبَة المنصوبة بِمَكَّة فقد رضى بعض فُقَهَاء الْحجاز هَذَا القَوْل وَأنْكرهُ أَصْحَاب الرأي لما روى عَن أبي حنيفَة أن صحّح إِيمَان من أقرّ بِوُجُوب الصَّلَاة إلى الْكَعْبَة وَشك فِي موضعهَا,"And as regards the saying of one who uses the expression Ummat al-Islam as a term to be applied to all who see the necessity of turning in prayer to the Ka‘bah situated in Mecca, it must be remembered that some of the legalists of al-Hijaz have favored this view, but the theoretical reasoners (ashab al-ra’i) rejected it, according to what Abu Hanifah reports, to the effect that he who believes in turning to the Ka‘bah in prayer, even if he is in doubt as to its location, is in the right."
وَأَصْحَاب الحَدِيث لَا يصححون إِيمَان من شكّ فِي مَوضِع الْكَعْبَة كَمَا لَا يصححون إِيمَان من شكّ فِي وجوب الصَّلَاة إلى الْكَعْبَة,"But the traditionalists (ashab al-Hadith) do not hold the belief that he is orthodox who doubts the location of the Ka‘bah, just as they do not accept one who doubts the necessity of turning to the Ka‘bah in prayer."
وَالصَّحِيح عندنَا أن أمة الإسلام تجمع المقرين بحدوث الْعَالم وتوحيد صانعه وَقدمه وَصِفَاته وعدله وحكمته وَنفى التَّشْبِيه عَنهُ وبنبوة مُحَمَّد صلى الله عليه وسلم ورسالته إلى الكافة وبتأييد شَرِيعَته وَبِأَن كل مَا جَاءَ بِهِ حق وَبِأَن الْقُرْآن منبع أَحْكَام الشَّرِيعَة وَأَن الْكَعْبَة هِيَ الْقبْلَة الَّتِي تجب الصَّلَاة اليها فَكل من أقرّ بذلك كُله وَلم يشبه ببدعة تُؤَدّى إلى الْكفْر فَهُوَ السنى الموحد وَأَن ضم إلى الاقوال بِمَا ذَكرْنَاهُ بِدعَة شنعاء نظر,"The true view, according to us, is that the Ummat al-Islam comprises those who profess the view that the world is created, the unity of its maker, his preexistence, his attributes, his equity, his wisdom, the denial of his anthropomorphic character, the prophetic character of Muhammad, and his universal Apostolate, the acknowledgment of the constant validity of his law, that all that he enjoined was truth, that the Koran is the source of all legal regulations, and that the Ka‘bah is the direction in which all prayers should be turned. Everyone who professes all this and does not follow a heresy that might lead him to unbelief, he is an orthodox Sunnite, believing in the unity of Allah. If, to the accepted beliefs which we have mentioned he adds a hateful heresy, his case must be considered."
فَإِن كَانَ على بِدعَة الباطنية أَو البيانية أَو الْمُغيرَة اَوْ الخطابية الَّذين يَعْتَقِدُونَ إلهية الائمة اَوْ إلهية بعض الْأَئِمَّة اَوْ كَانَ على مَذَاهِب الْحُلُول أَو على بعض مَذَاهِب أهل التناسخ اَوْ على مَذْهَب الميمونية من الْخَوَارِج الَّذين أباحوا نِكَاح بَنَات الْبَنَات وَبَنَات الْبَنِينَ أَو على مَذْهَب اليزيدية من الأباضية فِي قَوْلهَا بَان شَرِيعَة الإسلام تنسخ فِي آخر الزَّمَان أَو أَبَاحَ مَا نَص الْقُرْآن على تَحْرِيمه أَو حرم مَا أَبَاحَهُ الْقُرْآن نصا لَا يحْتَمل التَّأْوِيل فَلَيْسَ هُوَ من أمة الإسلام وَلَا كَرَامَة لَهُ,"And if he incline to the heresy of the Batinlyah, or the Bayanlyah, or the Alughirah, or the Khattabivah who believe in the divine character of all the Imams, or of some of them at least, or if he fellows the schools which believe in the incarnation of God, or one of the schools of the people believing in the transmigration of souls, or the school of the Alaimumyah of the Khawarij who allow marriage with one's daughter's daughter or one’s son’s daughter, or follow the school of the Yazidiyah from among the Ibadiyah with their teaching that the law of Islam will be abrogated at the end of time, or if he permits as lawful what the text of the Koran forbids, or forbids that which the text of the Koran allows as lawful, and which does not admit of differing interpretation, such an one does not belong to the Ummat al-Islam, nor should he be esteemed."
وان كَانَت بدعته من جنس بدع الْمُعْتَزلَة أَو الْخَوَارِج أَو الرافضة الامامية أَو الزيدية أَو من بدع البخارية أَو الْجَهْمِية أَو الضرارية أَو المجسمة فَهُوَ من الإمامة فِي بعض الاحكام وَهُوَ جَوَاز دَفنه فِي مَقَابِر الْمُسلمين وفى أَلا يمْنَع حَظه من الفىء وَالْغنيمَة أن غزا مَعَ الْمُسلمين وَفِي أَلا يمْنَع من الصَّلَاة فِي الْمَسَاجِد,"But if his heresy is like the heresy of the Mu‘tazilites, or the Khawarij, or the Rafidah of the Imamlyah, or the Zaidiyah heresies, or of the heresy of the Najjariyah, or the Jahmiyah, or the Darariyah, or the Mujassimah, then he would be of the Ummat al-Islam in some respects, namely: he would be entitled to be buried in the graveyard of the Moslems, and to have a share in the tribute and booty which is procured by the true believers in war with the idolators provided he fights with the true believers. Nor should he be prevented from praying in the mosques."
وَلَيْسَ من الإمامة فِي احكام سواهَا وَذَلِكَ أَلا تجوز الصَّلَاة عَلَيْهِ وَلَا خَلفه وَلَا تحل ذَبِيحَته وَلَا نِكَاحه لامْرَأَة سنية وَلَا يحل للسنى أن يتَزَوَّج الْمَرْأَة مِنْهُم إذا كَانَت على اعْتِقَادهم وَقد قَالَ عَليّ بن أبي طَالب رضي الله عنه للخوارج علينا ثَلَاث لَا نبدؤكم بِقِتَال وَلَا نمنعكم مَسَاجِد الله أن تَذكرُوا فِيهَا اسْم الله وَلَا نمنعكم من الفىء مَا دَامَت أَيْدِيكُم مَعَ أَيْدِينَا وَالله أعلم,"But he is not of the Ummat in other respects, namely that no prayer should be allowed over his dead body, nor behind him (to the grave); moreover any animal slaughtered by him is not lawful food, nor may he marry an orthodox Moslem woman. It is also not lawful for an orthodox man to marry one of their women if she partake of their belief. ‘All ibn abi-Talib said to the Khawarij: “There are three things binding upon us, that we should not start fighting with you, that we should not forbid you the mosques of Allah so that you may mention the name of Allah in them, and that we should not hinder you from sharing the booty as long as your allegiance is ""with us. Moreover, Allah knows best."""
‌‌الْفَصْل الثَّانِي من هَذَا الْبَاب,Chapter II
فِي بَيَان كَيْفيَّة اخْتِلَاف الإمامة وَتَحْصِيل عدد فرقها الثَّلَاث وَالسبْعين,"Contains an explanation of the manner in which the Ummat differed, together with an enumeration of the number of its 73 sects."
كَانَ الْمُسلمُونَ عِنْد وَفَاة رَسُول الله صلى الله عليه وسلم على منهاج وَاحِد فِي اصول الدّين وفروعه غير من أظهر وفَاقا وأضمر نفَاقًا وَأول خلاف وَقع مِنْهُم اخْتلَافهمْ فِي موت النَّبِي عليه السلام فَزعم قوم مِنْهُم أَنه لم يمت وَإِنَّمَا أَرَادَ الله تَعَالَى رَفعه اليه كَمَا رفع عِيسَى بن مَرْيَم اليه,"At the death of the prophet, the Moslems followed one path in the fundamental principles of religion and its deduced corollaries, except in the case of those who agreed in public but in private were hypocrites. The first disagreement came when the people disagreed over the death of the prophet. Some among them asserted that he had not died, and that Allah had only wished to raise him to himself as he had raised ‘Isa ibn-Maryam to himself."
وَزَالَ هَذَا الْخلاف وَأقر الْجَمِيع بِمَوْتِهِ حِين تَلا عَلَيْهِم أَبُو بكر الصّديق قَول الله لرَسُوله عليه السلام إِنَّك ميت وَإِنَّهُم ميتون وَقَالَ لَهُم من كَانَ يعبد مُحَمَّدًا فان مُحَمَّدًا قد مَاتَ وَمن كَانَ يعبد رب مُحَمَّد فانه حَيّ لَا يَمُوت,"This difference ceased, and all were agreed upon his death, when abu-Bakr al-Siddlk brought to them the words of Allah to his Prophet: “Verily thou shalt die, and they shall die.""He said to them: “Whoever worshipped Muhammad, verily Muhammad is dead; whoever worshipped the Lord of Muhammad, lo verily he is living and dieth not.”"
ثمَّ اخْتلفُوا بعد ذَلِك فِي مَوضِع دفن النَّبِي صلى الله عليه وسلم فَأَرَادَ أهل مَكَّة رده إلى مَكَّة لأنها مولده ومبعثه وقبلته وَمَوْضِع نَسْله وَبهَا قبر جده إِسْمَاعِيل عليه السلام وَأَرَادَ أهل الْمَدِينَة دَفنه بهَا لأنها دَار هجرته وَدَار أنصاره وَقَالَ آخَرُونَ بنقله إلى أَرض الْقُدس وَدَفنه بِبَيْت الْمُقَدّس عِنْد قبر جده إِبْرَاهِيم الْخَلِيل عليه السلام,"Then they differed over the Prophet’s place of burial, the people of Mecca wishing the body to be taken to Mecca because that was his birthplace, the place of his calling, the place to which he turned in prayer, the place of his family, and there is the grave of his ancestor Ishmael; while the people 13 of al-Madinah wished him to be buried in that city because that was the home of his flight and the home of his Helpers. Others desired the body to be taken to the Holy Land and be buried in Jerusalem by the grave of his ancestor, Abraham the beloved."
وَزَالَ هَذَا الْخلاف بِأَن روى لَهُم أَبُو بكر الصّديق عَن النَّبِي صلى الله عليه وسلم أن الْأَنْبِيَاء يدفنون حَيْثُ يقبضون فدفنوه فِي حجرته بِالْمَدِينَةِ ثمَّ اخْتلفُوا بعد ذَلِك فِي الامامة وأذعنت الانصار إلى الْبيعَة لسعد بن عبَادَة الخزرجي وَقَالَت قُرَيْش أن الْإِمَامَة لَا تكون الا فِي قُرَيْش,"This difference, however, ceased when abu-Bakr al-Siddik related to them on the authority of the Prophet: '‘Verily the prophets are buried where they die.""They therefore buried him in his chamber in al-Madinah. After this they differed over the Imamate. The Helpers (Ansar) agreed to acknowledge Sa'd ibn-Ubadah al-Khazrajl. But the Kuraish said: “The Imamate must not be, save among the Kuraish.”"
ثمَّ أذعنت الانصار لقريش لما روى لَهُم قَول النَّبِي صلى الله عليه وسلم الْأَئِمَّة من قُرَيْش وَهَذَا الْخلاف بَاقٍ إلى الْيَوْم لأن ضِرَارًا اَوْ الْخَوَارِج قَالُوا بِجَوَاز الْإِمَامَة فِي غير قُرَيْش ثمَّ اخْتلفُوا بعد ذَلِك فِي شَأْن فدك وفى تَوْرِيث التركات عَن الانبياء عليهم السلام ثمَّ نفذ فِي ذَلِك قَضَاء ابي بكر بروايته عَن النَّبِي صلى الله عليه وسلم أن الانبياء لَا يورثون,"Then the Ansars agreed with the Kuraish because of the saying of the Prophet relating to them: “The Imams are of the Kuraish.""But this point of difference has lasted till this day, for the Darar or the Khawarij held that the Imam could come from others than the Kuraish. The next difference arose over the affair of Fadakff and over the inheritance of property left by prophets. The decision of Abu-Bakr settled this matter by the tradition coming from the prophet, “Verily the prophets do not bequeath anything.”"
ثمَّ اخْتلفُوا بعد ذَلِك فِي مَا نعى وجوب الزَّكَاة ثمَّ اتَّفقُوا على رَأْي أبي بكر فِي وجوب قِتَالهمْ ثمَّ اشتغلوا بعد ذَلِك بِقِتَال طليحة حِين تبنى وارتد حَتَّى انهزم إلى الشَّام ثمَّ رَجَعَ فِي أَيَّام عمر إلى الإسلام وَشهد مَعَ سعد بن أبي وَقاص حَرْب الْقَادِسِيَّة وَشهد بعد ذَلِك حَرْب نهاوند وَقتل بهَا شَهِيدا,"They then differed over the view as to what cancels the obligation of alms. But they finally agreed to the judgment of Abu-Bakr concerning the duty of their warfare. After this they busied themselves making war upon Tulaihah 2 when he declared himself a prophet and rebelled, until he was driven to Syria. In the days of 'Umar he returned to Islam and was present with Sa'd ibn Abl-Wakkas at the battle of al-KadisIyah, and after that at the battle of Naha- wand, where he was killed as a martyr."
ثمَّ اشتغلوا بعد ذَلِك بِقِتَال مُسَيْلمَة الْكذَّاب إلى أن كفى الله تَعَالَى امْرَهْ وَأمر سجَاح المتنبية وَأمر الاسود بن زيد العنسى ثمَّ اشتغلوا بعد ذَلِك بقتل سَائِر الْمُرْتَدين إلى أن كفى الله تَعَالَى أَمرهم ثمَّ اشتغلوا بعد ذَلِك بِقِتَال الرّوم والعجم وَفتح الله تَعَالَى لَهُم الْفتُوح وهم فِي اثناء ذَلِك كُله على كلمة وَاحِدَة فِي أَبْوَاب الْعدْل والتوحيد والوعد والوعيد وفى سَائِر اصول الدّين,"After this they made war on Musailamah, the false prophet, until Allah 14 put an end to his affair and to the affair of Sajah the false prophetess, and also to the affair of al-Aswad ibn-Zaid al- ‘AnasT. This over, they turned to the killing of the rest of the apostates, until Allah ended that affair. After this they made war on the Greeks and Persians. And Allah granted them victory. During all this time they were agreed upon such questions as ethics, the unity of God, promises and threats, and other fundamental principles of religion."
وانما كَانُوا يَخْتَلِفُونَ فِي فروع الْفِقْه كميراث الْجد مَعَ الاخوة وَالْأَخَوَات مَعَ الْأَب وَالأُم اَوْ مَعَ الْأَب وكمسائل الْعدْل والكلالة وَالرَّدّ وتعصيب الْأَخَوَات من الْأَب وَالأُم اَوْ من الْأَب مَعَ الْبِنْت اَوْ بنت الابْن,"They differed only over the application of the Fikh [religious canon], in the cases such as inheritance of the grandfather with brothers, and sisters with fathers and mothers or with the father alone; over questions concerning justice, consanguinity and partnership returns, and whether sisters can be residuary legatees of the father and the mother, or the father with his daughter, or the daughter of a son."
وكاختلافهم فِي جر الولا وفى مسئلة الْحَرَام وَنَحْوهَا مِمَّا لم يُورث اخْتلَافهمْ فِيهِ تضليلا وَلَا تفسيقا وَكَانُوا على هَذِه الْجُمْلَة فِي ايام أبي بكر وَعمر وست سِنِين من خلَافَة عُثْمَان ثمَّ اخْتلفُوا بعد ذَلِك فِي أَمر عُثْمَان لِأَشْيَاء نقموها مِنْهُ حَتَّى أقدم لاجلها ظالموه على قَتله ثمَّ اخْتلفُوا بعد قَتله فِي قاتليه وخاذليه اخْتِلَافا بَاقِيا إلى يَوْمنَا هَذَا,"They also differed as to the line of relationship and the question of what is forbidden, and such similar questions, differences which do not lead to doctrinal error or immoral acts. They were in this concord in the days of Abu Bakr and ‘Umar and during six years of the caliphate of ‘Uthman. After this they differed over ‘Uthman for certain things which he did, for which some blamed him, this blame culminating in his punishment by death. And after his murder they differed over his assassins and those who abandoned him, a divergence of opinion that has lasted until this day."
ثمَّ اخْتلفُوا بعد ذَلِك فِي شَأْن على واصحاب الْجمل وَفِي شَأْن مُعَاوِيَة وأهل صفّين وَفِي حكم الْحكمَيْنِ أبي مُوسَى الْأَشْعَرِيّ وَعَمْرو بن الْعَاصِ اخْتِلَافا بَاقِيا إلى الْيَوْم ثمَّ حدث فِي زمَان الْمُتَأَخِّرين من الصَّحَابَة خلاف الْقَدَرِيَّة في الْقدر والاستطاعة من معبد الْجُهَنِىّ وغيلان الدِّمَشْقِي والجعد بن دِرْهَم,"Their next point of difference was over the affair of ‘All and the Followers of the Camel, over the affair of Mu‘awlyah and the people of Siffin, over the judgment of the two judges, abu-Musa al-’Ash‘ari, and ‘Amr ibn-al-‘Asi; these differences also have endured down to our time. In the time of the later Companions there arose the divergent views of the Kadarlyah as to predestination and free will, from the views of Ma‘bad al-Juhanl and of Ghailan al-Dimashki and of Ja‘d ibn-Dirham."
وتبرأ مِنْهُم الْمُتَأَخّرُونَ من الصَّحَابَة كَعبد الله بن عمر وَجَابِر بن عبد الله وَأبي هُرَيْرَة وَابْن عَبَّاس وَأنس بن مَالك وَعبد الله ابْن ابى اوفى وَعقبَة بن عَامر الْجُهَنِيّ وأقرانهم واوصوا اخلافهم بِأَن لَا يسلمُوا على الْقَدَرِيَّة وَلَا يصلوا على جنائزهم وَلَا يعودوا مرضاهم ثمَّ اخْتلفت الْخَوَارِج بعد ذَلِك فِيمَا بَينهَا فَصَارَت مِقْدَار عشْرين فرقة كل وَاحِدَة تكفر سائرها,"Among the later Com-panions who differed from them was ‘Abdallah ibn-Umar, Jabir ibn-'Abdallah and abu-Hurairah, and ibn-Abbas, and Anas ibn-Malik and ‘Abdallah ibn-abi-Aufi and ‘Ukbah ibn-Amir al-Juhanl and their contemporaries. These enjoined their successors not to greet the Kadarlyah, nor to pray over their bodies, and not to visit their sick. After this the Khawarij differed over some things among themselves, and they separated into as many as twenty divisions, each of them condemning the rest as unbelievers."
ثمَّ حدث فِي ايام الْحسن الْبَصْرِيّ خلاف وَاصل بن عطا الغزال فِي الْقدر وفى الْمنزلَة بَين المنزلتين وانضم اليه عَمْرو بن عبيد بن بَاب فِي بدعته فطردهما الْحسن عَن مَجْلِسه فاعتزلا عَن سَارِيَة من سواري مَسْجِد الْبَصْرَة فَقيل لَهما ولاتباعهما معتزلة لاعتزالهم قَول الإمامة فِي دَعْوَاهَا أن الْفَاسِق من امة الإسلام لَا مُؤمن وَلَا كَافِر,"Then it came to pass in the days of al-Hasan al-Basri that Wasil ibn-‘Ata al-Ghazzal seceded over the matter of predestination, and also in regard to a middle position between two extremes, and ‘Amr ibn-Ubaid ibn-Bab went over to him with his heresy. Al-Hasan drove them both from his immediate community, and they separated from the rest, taking their place beyond the columns of the mosque of al- Basrah. They and their followers were called Mu‘tazilah because of their turning from the words of the Ummah in their assertions that a transgressor can be of the Ummat al- Islam and yet neither a believer nor an unbeliever."
واما الروافض فان السبابية مِنْهُم اظهروا بدعتهم فِي زمَان على رضي الله عنه فَقَالَ بَعضهم لعلى انت الإمامة فاحرق عَليّ قوما مِنْهُم وَنفى ابْن سبأ إلى ساباط الْمَدَائِن وَهَذِه الْفرْقَة لَيست من فرق امة الإسلام لتسميتهم عليا الها ثمَّ افْتَرَقت الرافضة بعد زمَان عَليّ رضي الله عنه اربعة اصناف زيدية وإمامية وكيسانية وغلاة,"Now as to the Rawafid (or Shia): The Sabbabiyah   among them started their heresy in the time of ‘All. One of them said to ‘All, “Thou art a God,""and ‘AH destroyed some of them by fire, and banished ibn-Saba to Sabat al- Mada'in. This sect is not one of the divisions of the Ummat al-Islam, because it calls ‘All a god. Then the Rawafid, after the time of ‘All separated into four classes, the Zaid- lyah, the Imamlyah, the Kaisanlyah and the Ghulat. "
وافترقت الزيدية فرقا والامامية فرقا والغلاة فرقا كل فرقة مِنْهَا تكفر سائرها وَجَمِيع فرق الغلاة مِنْهُم خارجون عَن فرق الإسلام فأما فرق الزيدية وَفرق الامامية فمعدودون فِي فرق الإمامة وافترقت البخارية بِنَاحِيَة الرّيّ بعد الزَّعْفَرَانِي فرقا يكفر بَعْضهَا بَعْضًا,"These in turn further subdivided, each sect condemning the rest. All of the subdivisions of the Ghulat are outside of the pale of Islam. But the subdivisions of the Zaidlyah and of the Imamlyah are still considered among the sects of the Ummah. The Najjarlyah in the neighborhood of al-Rai separated after the time of al-Za‘farani into sects which condemned each other."
وَظهر خلاف البكرية من بكر من اخت عبد الْوَاحِد بن زِيَاد وَخلاف الضرارية من ضرار بن عَمْرو وَخلاف الْجَهْمِية من جهم بن صَفْوَان وَكَانَ ظُهُور جهم وَبكر وَضِرَار فِي ايام ظُهُور وَاصل بن عطا فِي ضلالته وَظَهَرت دَعْوَة الباطنية فِي ايام الْمَأْمُون من حمْرَان قومط وَمن عبد الله بن مَيْمُون القداح,"The secession of the Bakiriyah was due to Bakr, the nephew of ‘Abd al-Wahid ibn-Ziyad; the secession of the Dararlyah to Darar ibn-'Amr; and that of the Jahmlyah to Jahm ibn-Safwan. Jahm and Bakr and Darar declared their views when Wasil ibn-'Ata brought forth his errors, and the propaganda of the Batiniyah appeared in the days of the (Caliph) al-Ma’mun at the hands of Harridan Karmat and 'Abdallah ibn-Maimun al-Kadah."
وَلَيْسَت الباطنية من فرق مِلَّة الإسلام بل هِيَ من فرق الْمَجُوس على مَا نبينه بعد هَذَا وظهروا فِي ايام مُحَمَّد بن طَاهِر بن عبد الله بن طَاهِر بخراسان خلاف الكرامية المجسمة,"The Batiniyah, however, do not belong to the sects of Islam, but rather to the sects of the Magians, as we shall show later. They appeared in the days of Muhammad ibn-Tahir ibn-'Abdallah ibn-Tahir in Khurasan, in contrast to the Karramlyah, the corporealists."
فاما الزيدية من الرافضة فمطمعها ثَلَاث فرق وهى الجارودية والسليمانية وَقد يُقَال الحريرية أيضا والبترية وَهَذِه الْفرق الثَّلَاث يجمعها القَوْل بإمامة زيد بن على بن الْحُسَيْن بن على بن ابى طَالب فِي ايام خُرُوجه وَكَانَ ذَلِك فِي زمَان هِشَام بن عبد الْملك,"The Zaidlyah from among the Rawaful were divided into three sects, the Jarudlyah and the Sulaimanlyah, and some add the Hurairlyah and the Butrlyah; these three sects being held together by their doctrine of the Imamship of Zaid ibn-'AH ibn-al-Husain ibn-'AlI ibn-abl-Talib when he revolted. This was at the time of Hisham ibn-'Abd al- Malik."
والكيسانية مِنْهُم فرق كَثِيرَة ترجع عَن التَّحْصِيل إلى فرْقَتَيْن إِحْدَاهمَا تزْعم أن مُحَمَّد بن الْحَنَفِيَّة هِيَ لم يمت وهم على انْتِظَاره ويزعمون انه المهدى المنتظر,"One part of them, the Kaisamyah, represent numerous divisions, but they all can be included in two sects, one of which claimed that Muhammad ibn-al-Hanaflyah was still alive, that he had not died, that they awaited his 17, coming, claiming that he was the expected MahdI."
والفرقة الثَّانِيَة مِنْهُم مقرون باماميته فِي وقته وبموته وينقلون الْإِمَامَة بعد مَوته إلى غَيره ويختلفون بعد ذَلِك فِي الْمَنْقُول اليه,"While the second of these sects agreed with them as to his Imamate while he was alive, and at the time of his death, after his death they transferred the Imamate to someone else. After this, further, they differed over the one to whom the Imamate is transferred."
واما الامامية الْمُفَارقَة للزيدية والكسائية والغلاة فانها خمس عشرَة فرقة وَهن المحمدية والباقرية والناوسية والشميطية والعمارية والاسماعيلية والمباركية والموسوية والقطعية والاثنى عشرِيَّة والهشامية من اتِّبَاع هِشَام بن الحكم اَوْ من اتِّبَاع هِشَام بن سَالم الجواليقى والزرارية من اتِّبَاع زُرَارَة بن أعين واليونسية من اتِّبَاع يُونُس القمى والشيطانية من اتِّبَاع شَيْطَان الطاق والكاملية من اتِّبَاع أبي كَامِل وَهُوَ أفحشهم قولا في على وفى سَائِر الصَّحَابَة رضى الله عَنْهُم فَهَذِهِ عشرُون فرقة من فرق الروافض مِنْهَا ثَلَاث زيدية وفرقتان من الكيسانية وَخمْس عشرَة فرقة من الإمامية,"The Imamiyah who [at first] had separated into the Zaidlyah, the Kaisamyah  and the Ghulat, later formed fifteen sects, viz., al-Muhammadlyah, al-Bakirlyah, al-NawisIyah, al-Shumaitiyah, al-Aunmariyah, al-Isma/iliyah, al-Mubarak- iyah, al-Musawiyah, al-Kita‘iyah, the Ithna ‘Asahriyah (the Twelvers), al-Hishamiyah, the followers of Hisham ibn-al- Hakam, or of Hisham ibn-Salim al-Jawaliki, al-Zarariyah, followers of Zararah ibn-A‘yun, al-Yunusiyah followers of Yunus al-Kummi, al-Shaitaniyah followers of Shaitan al- Tak, al-Kamillyah followers of abu-Kamil, who was the most severe in condemning ‘All and the rest of the Companions. These are the twenty sects springing from the Rawafid; of these, three are Zaidlyah and two Kaisaniyah, with fifteen sects of the Imamiyah."
فاما غلاتهم الَّذين قَالُوا بإلهية الائمة واباحوا مُحرمَات الشَّرِيعَة واسقطوا وجوب فَرَائض الشَّرِيعَة كالبيانية والمغيرية والجناحية والمنصورية والخطابية والحلولية وَمن جرى مجراهم فَمَا هم من فرق الإسلام وان كَانُوا منتسبين اليه وسنذكرها فِي بَاب مُفْرد بعد هَذَا الْبَاب,"The Ghulat among them, however, who hold to the divine character of the Imams and sanction those things forbidden of the Canon law and reject its obligatory character, as for example the Bayaniyah, the Mughiriyah, the Janahiyah, the Mansurlyah, the KhattabAah, the Haluliyah, and those who hold similar views, are not of the sects of Islam although they claim adherence to it. These we shall mention in a separate part following this one."
وَأما الْخَوَارِج فانها لما اخْتلفت صَارَت عشْرين فرقة وَهَذِه أسماؤها المحكمة الأولى والأزارقة ثمَّ النجدات ثمَّ الصفرية ثمَّ العجاردة وَقد افْتَرَقت العجاردة فِيمَا بَينهَا فرقا كَثِيرَة مِنْهَا الخازمية والشعيبية والمعلومية والمجهولية والمعبدية والرشيدية والمكرمية والحمزية والابراهيمية والواقفة وافترقت الأباضية مِنْهَا فرقا حفصية وحارثية ويزيدية واصحاب طَاعَة لَا يُرَاد الله بهَا واليزيدية مِنْهُم اتِّبَاع ابْن يزِيد بن أنيس لَيست من فرق الإسلام لقولها بَان شَرِيعَة الإسلام تنسخ فِي آخر الزَّمَان بنبى يبْعَث من الْعَجم,"Now when differences arose among the Khawarij they split up into the twenty following sects: The first Muhakkimah, the Azarikah, the Najadat, the Sifriyah, the 'Aja- ridah. the latter splitting up into numerous sects, namely: the Khaziimyah, the Shifiaibiyah, the Madumiyah, the Maj- huliyah, the Ma‘badiyah, the Rashldiyah, the Mukarram- iyah, the Hamziyah, the Ibrahimlyah, the Wakifah, and the Abacllyah who in turn split into the Hafsiyah, the Harith- iyah, the Yazidiyah, and the Followers of Obedience which is not intended for Allah; of these the Yazidiyah are the followers of ibn-Yazid ibn-Unais, and are not of the sects of Islam because they say that the law of Islam will become annulled at the end of time by a prophet sent from Persia."
وَكَذَلِكَ فِي جملَة العجاردة فرقة يُقَال لَهَا الميمونية لَيست من فرق الإسلام لأنها أَبَاحَتْ نِكَاح بَنَات الْبَنَات وَبَنَات الْبَنِينَ كَمَا أباحته الْمَجُوس وَسَنذكر اليزيدية والميمونية فِي جملَة الَّذين انتسبوا إلى الإسلام وَمَا هم مِنْهُم وَلَا من فرقهم,"The same is the case of the ‘Ajaridah, of whom there is a sect called the Maimuniyah, which was not of the sects of Islam because it sanctioned the marriage with daughters of daughters and with daughters of sons just as the Magians sanction it. We will mention the Yazidlyah and the Maimunlyah among those who are derived from Islam, but are not of it, nor of its sects."
واما الْقَدَرِيَّة الْمُعْتَزلَة عَن الْحق فقد افْتَرَقت عشْرين فرقة كل فرقة مِنْهَا تكفر سائرها وَهَذِه اسماء فرقها واصلية وعمرية والهذيلية والنظامية والاموارية والعمرية والثمامية والجاحظية والحايطية والحمارية والخياطية والسحامية واصحاب صَالح قبَّة والمويسية والكعبية والجبائية والبهشيمية المنسوبة إلى أبي هَاشم ابْن الجبائي فَهِيَ ثِنْتَانِ وَعِشْرُونَ فرقة ثِنْتَانِ مِنْهَا ليستا من فرق الإسلام وهما الحايطية والحمارية وسنذكرهما فِي الْفرق الَّتِي انتسبت إلى الإسلام وَلَيْسَت مِنْهَا,"The Kadariyah, the departers from truth, split up into twenty sects, each one condemning the rest. These are their names: the Wasillyah, the ‘Amrlyah, the Hudhaillyah, the Nizamiyah, the Amwarlyah, the ‘Umariyah, the Thu- mamlyah, the Jahizlyah, the Hayitlyah, the Himarlyah, the Khaiyatlyah, the Sahamlyah, the followers of Salih Kub- bah, the Muwaislyah, the Ka'blyah, the Jubba’Iyah, the Bahshamlyah, who were founded by abu-Hashim ibn-al- Jubba’I. These are the twenty-two sects; two of them do not belong to the sects of Islam, i.e. the Hayitlyah and the Himarlyah. We shall mention them among the sects which are derived from Islam but do not belong to it."
وَأما المرجئة فَثَلَاثَة اصناف صنف مِنْهُم قَالُوا بالإرجاء فِي الإيمان وبالقدر على مَذَاهِب الْقَدَرِيَّة فهم معدودون فِي الْقَدَرِيَّة والمرجئة كَأبي شمر المرجىء وَمُحَمّد بن شبيب البصرى والخالدى,"Three classes are to be distinguished among the Murji’ah: one of these classes believes in disobedience in matters of faith and in predestination, according to the belief of the Kadariyah. They are therefore counted among the Kadariyah and the Murji’ah like abu-Shimr al-Murjf, Muhammad ibn-Shabib al-Basri and al-Khalidi."
وصنف مِنْهُم قَالُوا بالإرجاء فِي الإيمان ومالوا إلى قَول جهم فِي الاعمال والاكساب فهم من جملَة الْجَهْمِية والمرجئة وصنف مِنْهُم خَالِصَة فِي الإرجاء من غير قدروهم خمس فرق يونسية وغسانية وثوبانية وتومنية ومريسية,"The second of these classes believes in disobedience in matters of faith, but are inclined toward the view of Jahm as to deeds and works. These are all Jahmiyah and Murji’ah. The third class accepted the view in regard to disobedience, but did not accept the doctrine of predestination. It formed five sects: the Yunuslyah, the Ghassanlyah, the Thauban- lyah, the Taumaniyah, and the Marislyah."
وَأما النجارية فانها الْيَوْم بِالريِّ اكثر من عشر فرق ومرجعها فِي الأصل إلى ثَلَاث فرق برغونية زغفرانية ومستدركة وَأما البكرية والضرارية فَكل وَاحِدَة مِنْهَا فرقة وَاحِدَة لَيْسَ لَهَا تبع كثير والجهمية أيضا فرقة وَاحِدَة والكرامية بخراسان ثَلَاث فرق حقاقية وطرايقية واسحافية لَكِن هَذِه الْغَرق الثَّلَاث مِنْهَا لَا يكفر بَعْضهَا بَعْضًا فعددناها كلهَا فرقة وَاحِدَة,"The Najjariyah comprise to-day in the city of al-Rai more than ten sects, although they are originally no more than three sects: the Burghuniyah, the Za'faraniyah, and the Mustadrikah. The Bakriyah and the Dirarlyah each form one sect; They do not have numerous followings. The Jahmlyah also form one sect. The Karamlyah in Khurasan form three sects, the Hakaklyah, the Taraikiyah, and the Ishakiyah. These three sects, however, do not condemn each other. We therefore regard them all as a single sect."
فَهَذِهِ الْجُمْلَة الَّتِي ذَكرنَاهَا تشْتَمل على ثِنْتَيْنِ وَسبعين فرقة مِنْهَا عشرُون روافض وَعِشْرُونَ خوارج وَعِشْرُونَ قدرية وَعشر مرجئة وَثَلَاث نجارية وبكرية وضرارية وجهمية وكرامية فَهَذِهِ ثِنْتَانِ وَسَبْعُونَ فرقة فاما الْفرْقَة الثَّالِثَة وَالسَّبْعُونَ فَهِيَ أهل السّنة وَالْجَمَاعَة من فريقى الرَّأْي والْحَدِيث دون من يشترى لَهو الحَدِيث,"All these that we have mentioned make up the seventy-two sects; of them twenty are Rawafid, twenty Khawarij, twenty Kadariyah and ten Murji’ah; three of them are Najjariyah, including the Bakrlyah and the Dirarlyah, the Jahmlyah and the Karramiyah; and these are the 72 sects. The 73d sect, the orthodox, is composed of the two classes of the theorists and the traditionalists, except those who deal lightly with tradition."
وفقهاء هذَيْن الْفَرِيقَيْنِ وقراؤهم ومحدثوهم ومتكلمو أهل الحَدِيث مِنْهُم كلهم متفقون على مقَالَة وَاحِدَة فِي تَوْحِيد الصَّانِع وَصِفَاته وعدله وحكمته وَفِي اسمائه وَصِفَاته وفى ابواب النُّبُوَّة والإمامة وفى احكام العقبى وفى سَائِر اصول الدّين وانما يَخْتَلِفُونَ فِي الْحَلَال وَالْحرَام من فروع الاحكام,"The legalists of these two groups 20 and the Koran readers, traditionalists, and the philosophers among the followers of tradition, all are united in the one opinion as to the unity of the creator and his attributes, his justice and his wisdom, his names and his qualities; also in regard to prophecy and Imamate, and the doctrines of retribution, and the rest of the fundamentals of religion. They differ only over that which is permitted and that which is forbidden in the deductions from the fundamental doctrines."
وَلَيْسَ بَينهم فِيمَا اخْتلفُوا فِيهِ مِنْهَا تضليل وَلَا تفسيق وهم الْفرْقَة النَّاجِية ويجمعها الاقرار بتوحيد الصَّانِع وَقدمه وَقدم صِفَاته الأزلية واجازة رُؤْيَته من غير تَشْبِيه وَلَا تَعْطِيل مَعَ الاقرار بكتب الله وَرُسُله وبتأييد شَرِيعَة الإسلام واباحة مَا أَبَاحَهُ الْقُرْآن وَتَحْرِيم مَا حرمه الْقُرْآن مَعَ قيود مَا صَحَّ من سنة رَسُول الله صلى الله عليه وسلم واعتقاد الْحَشْر والنشر وسؤال الْملكَيْنِ فِي الْقَبْر والاقرار بالحوض وَالْمِيزَان,"In the things in which they differ there is nothing that can cause them to err, or lead them astray. They form the [great] body of those who will be saved. They are united by the firm belief in the unity of the creator and in his eternity, the eternity of his unending attributes, the possibility of having visions of Him, without falling into the error of anthropomorphism or atheism, and in acknowledging the books of Allah and his prophets, the authority of the law of Islam, the permitting of that which the Koran permits and the forbidding of that which the Koran forbids, as well as the holding of those traditions of the prophets of Allah which are trustworthy, the belief in the last day and the resurrection, the questioning- of the two angels in the grave, and the belief in the pool (al-haud) and the balance."
فَمن قَالَ بِهَذِهِ الْجِهَة الَّتِي ذَكرنَاهَا وَلم يخلط ايمانه بهَا بِشَيْء من بدع الْخَوَارِج وَالرَّوَافِض والقدرية وَسَائِر أهل الاهواء فَهُوَ من جملَة الْفرْقَة النَّاجِية أن ختم الله لَهُ بهَا وَقد دخل فِي هَذِه الْجُمْلَة جُمْهُور الإمامة وسوادها الْأَعْظَم من اصحاب مَالك وَالشَّافِعِيّ وأبى حنيفَة والأوزاعى والثورى وَأهل الظَّاهِر فَهَذَا بَيَان مَا اردنا بَيَانه فِي هَذَا الْبَاب وَنَذْكُر فِي الْبَاب الَّذِي يَلِيهِ تَفْصِيل مقَالَة كل فرقة من فرق الاهواء الَّذين ذَكَرْنَاهُمْ أن شَاءَ الله عز وَجل,"He who holds the above-mentioned doctrines, not mixing with his beliefs any of the heresies of the Khawarij, and the Rafidlyah and the Kadariyah and the rest of the unorthodox; such a one belongs to those who are to be saved; may Allah preserve him in his belief. The majority of the Mohammedans are of this character, the greater number of whom are of the followers of Malik and Shahfi'i, and abu- Hanlfah and al-Auza‘i and al-Thauri and the Ahl al-Zahir. This then explains what we desired to explain in this part. In the part which follows we shall mention the divisions of the opinion of each sect of the heretical sects which we have mentioned, so it please Allah."
الْبَاب الثَّالِث من أَبْوَاب هَذَا الْكتاب,PART III
فِي بَيَان تَفْصِيل مقالات فرق الاهواء وَبَيَان فضائح كل فرقة مِنْهَا على التَّفْصِيل هَذَا بَاب يشْتَمل على فُصُول ثَمَانِيَة وَهَذِه ترجمتها,"AN explanation of the various opinions of the heretical sects and a detailed explanation of the heresies of each sect. This chapter contains eight sections, of which the following are the titles:"
فصل فِي بَيَان مقالات فرق الرفض,I. An explanation of the opinions of the sects of the Rafidah.
فصل فِي بَيَان مقالات فرق الْخَوَارِج,II. An explanation of the opinions of the sects of the Khawarij.
فصل فِي بَيَان مقالات فرق الاعتزال وَالْقدر,III. An explanation of the opinions of the sects of the Mu‘tazilah and the Kadariyah.
فصل فِي بَيَان مقالات الضرارية والبكرية والجهمية,"IV. An explanation of the opinions of the sects of the Dirariyah, Bakrlyah and Jahmlyah."
فصل فِي بَيَان مقالات الكرامية,V. An explanation of the opinions of the sect of the Karamlyah.
فصل فِي بَيَان مقالات المشبهة الدَّاخِلَة فِي غمار الْفرق الَّتِي ذَكرنَاهَا,"VI. An explanation of the opinions of the anthropomorphists, found among the numerous sects which we have mentioned."
وَسَنذكر فِي كل فصل مِنْهَا مُقْتَضَاهُ على شَرطه أن شَاءَ الله عز وَجل,"In each of these chapters we shall mention what it is necessary to note, so it please Allah."
‌‌الْفَصْل الأول من فُصُول هَذَا الْبَاب فِي بَيَان مقالات فرق الرَّفْض,This chapter explains the opinions of the sects of the Rawafid.
قد ذكرنَا قبل هَذَا أن الزيدية مِنْهُم ثَلَاث فرق والكيسانية مِنْهُم فرقتان والامامية مِنْهُم خمس عشرَة فرقة ونبدأ بِذكر الزيدية ثمَّ الامامية ثمَّ الكيسانية على التَّرْتِيب أن شَاءَ الله عز وجل,"As we have already noted, the sect of the Zaidiyah was divided into three sects, the Kaisaniyah into two, and the Imamiyah into fifteen. We shall begin by treating of the Zaidiyah, then take up the Imamiyah and then the Kaisaniyah in regular order, so it please Allah."
ذكر الجارودية من الزيدية,i. Concerning the Jarudiyah from among the Zaidiyah.
اولا اتِّبَاع الْمَعْرُوف بِأبي الْجَارُود وَقد زَعَمُوا أن النَّبِي صلى الله عليه وسلم نَص على إمامة على بِالْوَصْفِ دون الِاسْم وَزَعَمُوا أيضا أن الصَّحَابَة كفرُوا بتركهم بيعَة على وَقَالُوا أيضا أن الْحسن بن على كَانَ هُوَ الامام بعد على ثمَّ أخوة الْحُسَيْن كَانَ إِمَامًا بعد الْحسن وافترقت الجارودية فِي هَذَا التَّرْتِيب فرْقَتَيْن فرقة قَالَت أن عليا نَص على إمامة ابْنه الْحسن ثمَّ نَص الْحسن على إمامة أَخِيه الْحُسَيْن بعده,"These are the followers of a man known as abu’l-Jarud. They claim that the Prophet designated ‘Ali as Imam by his characteristics,3 but not by name. They also claim that by ceasing to recognize 'Ali, the Companions became unbelievers. Moreover, they say that al-Hasan ibn-'Ali was Imam after ‘Ali, and was followed by his brother al-Husain. Over this matter the Jarudiyah split into two sects. One sect said: “Verily 'Ali designated as Imam his son al- Hasan, then al-Hasan designated as Imam after him his brother al-Husain."
ثمَّ صَارَت الامامة بعد الْحسن وَالْحُسَيْن شُورَى فِي وَلَدي الْحسن وَالْحُسَيْن فَمن خرج مِنْهُم شاهرا سَيْفه دَاعيا إلى دينه وَكَانَ عَالما ورعا فَهُوَ الإِمَام وَزَعَمت الْفرْقَة الثَّانِيَة مِنْهُم أن النَّبِي صلى الله عليه وسلم هُوَ الَّذِي نَص على إمامة الْحسن بعد على وإمامة الْحُسَيْن بعد الْحسن,"After al-Hasan and al-Husain, the Imamate became a matter of conference among the children of al-Hasan and al-Husain; the one of them who went forth from them (by their decision), unsheathing his sword and summoning to his faith, and at the same time was wise and godly, he was to be the Imam. The other sect asserted that the Prophet was the one who designated al-Hasan as Imam after ‘Ali, and al-Husain after al-Hasan."
ثمَّ افْتَرَقت الجارودية بعد هَذَا فِي الامام المنتظر فرقا مِنْهُم من لم يعين وَاحِدًا بالانتظار وَقَالَ كل من شهر سَيْفه ودعا إلى دينه من ولدى الْحسن وَالْحُسَيْن فَهُوَ الامام وَمِنْهُم من ينْتَظر مُحَمَّد بن عبد الله بن الْحسن بن على بن أبي طَالب وَلَا يصدق بقتْله وَلَا بِمَوْتِهِ وَيَزْعُم انه هُوَ المهدى المنتظر الَّذِي يخرج فَيملك الارض,"After this, the Jarudiyah split over the question of the expected Imam. One of their sects refrained from specifying any definite Imam, holding that everyone among the children of al- Hasan and al-Husain who unsheathes his sword and summons to his faith, he is the Imam/' Others awaited Muhammad ibn-‘Abdallah ibn-al-Hasan ibn-‘AH ibn-abi- Talib. They would not believe that he had been slain, or that he had died, but claimed that he was the expected Mahdi who would come to reign over the world."
وَقَول هَؤُلَاءِ فِيهِ كَقَوْل المحمدية من الإمامية فِي انتظارها مُحَمَّد بن عبد الله بن الْحسن بن على وَمِنْهُم من ينْتَظر مُحَمَّد بن الْقَاسِم صَاحب الطالقان وَلَا يصدق بِمَوْتِهِ وَمِنْهُم من ينْتَظر مُحَمَّد بن عمر الَّذِي خرج بِالْكُوفَةِ وَلَا يصدق بقتْله وَلَا بِمَوْتِهِ فَهَذَا قَول الجارودية وتكفيرهم وَاجِب لتكفيرهم اصحاب رَسُول الله عليه السلام,"This group joined with the Muhammadlyah from the Imamlyah in looking for Muhammad ibn-Abdallah ibn-al-Hasan ibn- ‘All as the expected Imam. Others awaited Muhammad ibn-al-Kasim, the master of Talakan, and did not believe in his death. Still others looked for Muhammad ibn-Umar, the one who appeared in al-Kufah, refusing to believe that he was slain or had died. This is the doctrine of the Jarudiyah. Their own heresy is proven by the fact that they declared the Companions of the Prophet of Allah to be heretics."
ذكر السليمانية أَو الجريرية,Concerning the Sulaimanlyah or the Jarlriyah from among them.
مِنْهُم هَؤُلَاءِ اتِّبَاع سُلَيْمَان بن جرير الزيدي الَّذِي قَالَ أن الْإِمَامَة شُورَى وَأَنَّهَا تَنْعَقِد بِعقد رجلَيْنِ من خِيَار الإمامة وَأَجَازَ إمامة الْمَفْضُول واثبت إمامة ابي بكر وَعمر وَزعم أن الإمامة تركت الأصلح فِي الْبيعَة لَهما لأن عليا كَانَ اولى بِالْإِمَامَةِ مِنْهُمَا,"These followed Sulaiman ibn-Jarir al-Zaidl, who said that the Imamate was a matter of conference and could be confirmed by an agreement between two of the best men in Islam. He went so far as to claim as lawful the Imamate of a person even when possibly excelled by the other. He, however, sanctioned the Imamate of abu-Bakr and 'Umar, although he claimed that Islam forsook the right path when it invested them [with the caliphate], because ‘Ali was more eligible to the Imamate than they."
الا أن الْخَطَأ فِي بيعتهما لم يُوجب كفرا وَلَا فسقا وَكفر سُلَيْمَان بن جرير بالاحداث الَّتِي نقمها الناقمون مِنْهُ وَأهل السّنة يكفرون سُلَيْمَان بن جرير من اجل أَنه كفر عُثْمَان رضي الله عنه,"The sin of their recognition, however, did not, according to him, constitute heresy or apostacy. Sulaiman ibn-Jarir declared unorthodox those who reproved him, while the orthodox in turn called Sulaiman ibn-Jarir unorthodox because he considered ‘Uthman unorthodox. Allah have mercy on him"
ذكر البترية,Concerning the Butriyah.
مِنْهُم هَؤُلَاءِ اتِّبَاع رجلَيْنِ أَحدهمَا الْحسن بن صَالح بن حَيّ والاخير كثير المنوا الملقب بالأبتر وَقَوْلهمْ كَقَوْل سُلَيْمَان بن جرير فِي هَذَا الْبَاب غير أَنهم توقفوا فِي عُثْمَان وَلم يقدموا على ذمَّة وَلَا على مدحه وَهَؤُلَاء احسن حَالا عِنْد أهل السّنة من أَصْحَاب سُلَيْمَان بن جرير وَقد أخرج مُسلم بن الْحجَّاج حَدِيث الْحسن بن صَالح بن حَيّ فِي مُسْنده الصَّحِيح وَلم يخرج مُحَمَّد بن اسماعيل البُخَارِيّ حَدِيثه فِي الصَّحِيح وَلكنه قَالَ فِي كتاب التَّارِيخ الْكَبِير الْحسن بن صَالح بن حَيّ الكوفى سمع سماك بن حَرْب وَمَات سنة سبع وَسِتِّينَ وَمِائَة وَهُوَ من ثغور همذان وكنيته ابو عبد الله,"These followed two men, one of whom was al-Hasan ibn-Salih ibn-Hal, and the other Kathir al-Munauwa, who is called al-Abtar. They agreed with Sulaiman ibn-Jarir of this group, differing from him only in that they did not commit themselves about Uthman, neither attacking his faults nor praising his virtues. Of the followers of Sulai­man ibn-Jarir, this sect is the best thought of by the ortho­dox. Muslim ibn-al-Hajjaj has cited the tradition of al- Hasan ibn-Salih ibn-Hal in his collection called al-Sahlh. Muhammad ibn-IsmaTl al-Bukhari, although not citing him in his al-Sahlh, does say in his work entitled al-Ta’rlkh al-Kablr that al-Hasan ibn-Salih ibn-Hal al-Kufi was the pupil of Sammak ibn-Harb and died in the year 167. He was from the border-line of Hamadhan and his surname was abu-Abdallah."
قَالَ عبد القاهر هَؤُلَاءِ البترية والسليمانية من الزيدية كلهم يكفرون الجارودية من الزيدية لاقرار الجارودية على تَكْفِير أبي بكر وَعمر والجارودية يكفرون السليمانية والبترية لتركهما تَكْفِير أبي بكر وَعمر وَحكى شَيخنَا أَبُو الْحسن الاشعري فِي مقَالَته عَن قوم من الزيدية يُقَال لَهُم اليعقوبية اتِّبَاع رجل اسْمه يَعْقُوب أَنهم كَانُوا يتولون ابا بكر وَعمر وَلَكنهُمْ لَا يتبرءون مِمَّن تَبرأ مِنْهُمَا,"Abd-al-Kahir says: These Butriyah and Sulaimaniyah from among the Zaidlyah, all of them called the Jarudlyah, of the Zaidlyah, unorthodox, because they affirmed the heresy of abu-Bakr and Umar. The Jarudlyah affirmed the Sulaimaniyah and Butriyah heretics because they left uncon­demned the heresy of abu-Bakr and Umar. Our sheikh, abu-l-Hasan al-Ashari, in one of his treatises tells of a section of the Zaidlyah called the Yakublyah, followers of a man called Ya‘kub, and states that they had accepted abu- Bakr and ‘Umar, but they did not reject those who rejected the caliphate of the two latter."
قَالَ عبد القاهر اجْتمعت الْفرق الثَّلَاث الَّذين ذَكَرْنَاهُمْ من الزيدية على القَوْل بِأَن أَصْحَاب الْكَبَائِر من الإمامة يكونُونَ مخلدين فِي النَّار,‘Abd-al-Kahir says that three of the sects of the Zaidlyah that we have mentioned agreed on the view that those who commit major sins within Islam would be forever in hell fire.
فهم من هَذَا الْوَجْه كالخوارج الَّذين أيأسوا أسراء المذنبين من رَحْمَة الله تَعَالَى وَلَا ييأس من روح الله الا الْقَوْم الْكَافِرُونَ إِنَّمَا قيل لهَذِهِ الْفرق الثَّلَاث واتباعها زيدية لقَولهم بإمامة زيد بن عَليّ بن الْحسن بن على بن ابى طَالب فِي وقته وإمامة ابْنه يحيى بن زيد بعد زيد,"In regard to this they re­semble the Khawarij, who give no hope of Allah’s grace to prisoners of sin even though they be believers, whereas none but the unbelievers need really despair of the spirit of Allah. These three sects and their followers are called Zaidiyah because of their acceptance of the Imamate of Zaid ibn-‘Ali ibn-al-Hasan ibn-‘Ali ibn-abi-Talib, in his time and the Imamate of his son, Yahya ibn-Zaid, after him."
وَكَانَ زيد ابْن عَليّ قد بَايعه على إِمَامَته خَمْسَة عشر ألف رجل من أهل الْكُوفَة وَخرج بهم على والى الْعرَاق وَهُوَ يُوسُف بن عمر الثقفى عَامل هِشَام بن عبد الْملك على الْعِرَاقِيّين فَلَمَّا اسْتمرّ الْقِتَال بَينه وَبَين يُوسُف بن عمر الثقفى قَالُوا لَهُ انا ننصرك على اعدائك بعد أن تخبرنا بِرَأْيِك فِي أبي بكر وَعمر اللَّذين ظلما جدك على ابْن أبي طَالب,"Zaid ibn-Ali was recognized as Imam by fifteen thousand men of the people of al-Kufah who went with him against the governor of al-Trak, Yusuf ibn-‘Umar al- Thakafi, governor over the two Traks under Hisham ibn- ‘Abd-al-Malik. And when the war between him and Yusuf ibn-‘Umar al-Thakafi had lasted some time, they said unto him: “We will help thee against thine enemies after thou hast told us thy views regarding abu-Bakr and ‘Umar who were unjust to thine ancestor ‘All ibn-abi-Talib.”"
فَقَالَ زيد إِنِّي لَا أَقُول فيهمَا إِلَّا خيرا وَمَا سَمِعت أبي يَقُول فيهمَا الا خيرا وانما خرجت على بنى امية الَّذين قَاتلُوا جدى الْحُسَيْن وأغاروا على الْمَدِينَة يَوْم الْحرَّة ثمَّ رموا بَيْتا لله بِحجر المنجنيق وَالنَّار ففارقوه عِنْد ذَلِك حَتَّى قَالَ لَهُم رفضتموني وَمن يَوْمئِذٍ سموا رافضة,"Zaid said: ""I say naught against them except good, and I have never heard my father say anything except good of them, and I have set out against the Banu Umaiyah only because they fought against my ancestor al-Husain and attacked al-Madlnah on the day of al-Harrah. They then demolished the Beit Allah with ballista and fire.""Whereupon they deserted him [Zaid], who said to them: “Do you desert me also?""And from this day on they were called the Rafidah [Deserters]. "
وَثَبت مَعَه نصر بن حريمة العنسى وَمُعَاوِيَة بن اسحاق بن يزِيد بن حَارِثَة فِي مِقْدَار مائتى رجل وقاتلوا جند يُوسُف بن عمر الثقفى حَتَّى قتلوا عَن آخِرهم وَقتل زيد ثمَّ نبش من قَبره وصلب ثمَّ أحرق بعد ذَلِك وهرب ابْنه يحيى بن يزِيد إلى خُرَاسَان وَخرج بِنَاحِيَة الجوزجانى على نصر بن بشار والى خُرَاسَان فَبعث نصر بن بشار اليه مُسلم ابْن احوز المازنى فِي ثَلَاثَة آلَاف رجل فَقتلُوا يحيى بن زيد,"There then remained with him Nasr ibn-Harimah al-‘AnsI and Mu‘awlyah ibn-Ishak ibn-YazId ibn-Harithah with about two hundred men, and they fought the army of Yusuf ibn-'Umar al-Thakafi 26 until they were all killed, including Zaid. He was afterwards exhumed, crucified, and burned. His son Yahya ibn- Zaid fled to Khurasan, and rebelled in the district of Juza- jan against Nasr ibn-Bashshar, the governor of Khurasan, who sent against him Muslim ibn-Ahwaz al-Mazini with three thousand men, and they killed Yahya ibn-Zaid."
ومشهده بجوزجان مَعْرُوف قَالَ عبد القاهر روافض الْكُوفَة موصوفون بالغدر وَالْبخل وَقد سَار الْمثل بهم فيهمَا حَتَّى قيل أبخل من كوفى وأغدر من كوفى وَالْمَشْهُور من غدرهم ثَلَاثَة أَشْيَاء أَحدهَا أَنهم بعد قتل على رضي الله عنه بَايعُوا ابْنه الْحسن فَلَمَّا توجه لقِتَال مُعَاوِيَة غدروا بِهِ فِي ساباط الْمَدَائِن فطعنه سِنَان الجعفى فِي جنبه فصرعه عَن فرسه وَكَانَ ذَلِك أحد أَسبَاب مصالحته مُعَاوِيَة,"His shrine in Juzajan is famous. 'Abd-al-Kahir says that the Rawafid of al-Ivufah are remarkable for perfidy and stinginess, so that a proverb has become current in regard to these qualities among them and the saying has grown up:"
,"“More stingy than a Kufite and more perfidious. Three instances of their perfidy have become widely known. First, after the slaying of 'Ali, they recognized al-Hasan his son, but when he went to fight against Mu'awlyah, they seized him by treachery in Sabat al-Mada in and Sanan al-Jufi, one of their number, pierced his side and threw him from his horse; and this was one of the reasons for the peace made with Mu'awlyah."
وَالثَّانِي أَنهم كاتبوا الْحُسَيْن بن عَليّ رضي الله عنه وَدعوهُ إلى الْكُوفَة لينصروه على يزِيد بن مُعَاوِيَة فاغتر بهم وَخرج اليهم فَلَمَّا بلغ كربلاء غدروا بِهِ وصاروا مَعَ عبيد الله بن زِيَاد يدا وَاحِدَة عَلَيْهِ حَتَّى قتل الْحُسَيْن وَأكْثر عشيرته بكربلاء وَالثَّالِث غدرهم يزِيد بن على بن الْحُسَيْن بن على بن أبي طَالب بعد أن خَرجُوا مَعَه على يُوسُف بن عمر ثمَّ نكثوا بيعَته وأسلموه عِنْد اشتداد الْقِتَال حَتَّى قتل وَكَانَ من امْرَهْ مَا كَانَ,"The second instance of their perfidy was that they wrote to al-Husain ibn- Ali and invited him to come to al-Kufa so that they should help him against Yazid ibn-Mu'awIyah. He allowed himself to be deceived by them, and accepted their invitation, but when he reached Karbela’, they seized him by treachery and made common cause with 'Ubaidallah ibn-Ziyad so that al-Husain was killed in ICarblla’, together with many of his family. Their third perfidy was against Yazid ibn-'All ibn-al-Husain ibn-'AH ibn-abi-Talib, for after going out with him against Yusuf ibn-'Umar they broke their word to him [Yazid], which resulted in his being killed, and there befell what befell."
ذكر الكيسانية من الرافضة,Concerning the Kaisanlyah from among the Rawafid.
هَؤُلَاءِ اتِّبَاع الْمُخْتَار بن ابى عبيد الثقفى الَّذِي قَامَ بثأر الْحُسَيْن بن على بن ابي طَالب وَقتل اكثر الَّذين قتلوا حُسَيْنًا بكربلاء وَكَانَ الْمُخْتَار وَيُقَال لَهُ كيسَان وَقيل أَنه أَخذ مقَالَته عَن مولى لعلى رضي الله عنه كَانَ اسْمه كيسَان وافترقت الكيسابية فرقا يجمعها شَيْئَانِ أَحدهمَا قَوْلهم بإمامة مُحَمَّد ابْن الْحَنَفِيَّة وَإِلَيْهِ كَانَ يَدْعُو الْمُخْتَار بن ابى عبيد,"These are the followers of al-Mukhtar ibn-abl-Ubaid al-Thakafi who undertook to avenge the death of al- Husain ibn-‘Ali ibn-abi-Talib. He killed most of those who had killed al-Husain at Karbila’. He was al-Mukhtar, but he was called Kaisan. It is reported that he took his opinions from a freedman who belonged to ‘All. whose name was Kaisan. The Kaisaniyah split up into sects, to which two opinions are common; one of them is the Imamate of Muhammad ibn-al-Hanafiyah, whom al-Mukhtar ibn-abi- ‘Ubaid was accustomed to champion."
وَالثَّانِي قَوْلهم بِجَوَاز البدء على الله عز وجل ولهذه البدعه قَالَ بتكفيرهم كل من لَا يُجِيز البدء على الله سُبْحَانَهُ وَاخْتلفت الكيسانية فِي سَبَب إمامة مُحَمَّد ابْن الْحَنَفِيَّة فَزعم بَعضهم أَنه كَانَ إِمَامًا بعد أَبِيه على بن أَبى طَالب رضى الله عَنهُ وَاسْتدلَّ على ذَلِك بَان عليا دفع إِلَيْهِ الرَّايَة يَوْم الْجمل وَقَالَ لَهُ ابيك تحمد لَا خير فِي الْحَرْب إذا لم تزبك كَذَا,"The second [upon which they agreed] was that Allah might have had a be­ginning. Because of this heresy everyone who does not accept this doctrine about Allah, accuses them of being un­orthodox. These Kaisamyah split over the Imamate of Muhammad ibn-al-Hanafiyah. Some of them claimed that he became Imam after his father ‘Ali ibn-abi-Talib, prov­ing this by the fact that ‘Ali, at the battle of the Camels, gave over the banner to him, and said: ‘[Carrying this, attack] as thy father would attack, then thou wilt be praised. There is no good in war which does not rage.”"
وَقَالَ آخَرُونَ مِنْهُم أن الامامة بعد على كَانَت لِابْنِهِ الْحسن ثمَّ للحسين بعد الْحسن ثمَّ صَارَت إلى مُحَمَّد بن الْحَنَفِيَّة بعد اخيه الْحُسَيْن بِوَصِيَّة اخيه الْحُسَيْن اليه حِين هرب من الْمَدِينَة إلى مَكَّة حِين طُولِبَ بالبيعة ليزِيد بن مُعَاوِيَة ثمَّ افترق الَّذين قَالُوا بإمامة مُحَمَّد ابْن الْحَنَفِيَّة,"Others held that the Imamate after ‘Ali went to his son al-Hasan, then to al-Husain, after al-Hasan, and then passed over to Muhammad ibn-al-Hanafiyah after his brother al-Husain, by the last will of his brother al-Husain, at the time when he fled from al-Madinah to Mecca, when his allegiance was sought for Yazid ibn-Mu'awIyah. This resulted in the splitting off of those who hold to the Imamate of Muham-mad ibn-al-Hanafiyah."
فَزعم قوم مِنْهُم يُقَال لَهُم الكربية اصحاب ابى كرب الضَّرِير أن مُحَمَّد بن الْحَنَفِيَّة حي لم يمت وانه فِي جبل رضوى وَعِنْده عين من المَاء وَعين من الْعَسَل يَأْخُذ مِنْهُمَا رزقه وَعَن يَمِينه أَسد وَعَن يسَاره نمر يحفظانه من أعدائه إلى وَقت خُرُوجه وَهُوَ المهدى المنتظر,"Some of those who are called al- Karibiyah are followers of abu-Karib al-Darir and claim that Muhammad ibn-al-Hanafiyah is living and did not die, that he is in Mt. Radwa, and near him is a fount of water and a fount of honey, from which he derives his sustenance, while at his right, a lion, and at his left a panther guard him from his enemies until the time of his appearance. He is the expected Mahdi."
وَذهب الْبَاقُونَ من الكيسانية إلى الاقرار بِمَوْت مُحَمَّد بن الْحَنَفِيَّة وَاخْتلفُوا فِي الامام بعده فَمنهمْ من زعم أن الامامة بعده رجعت إلى ابْن اخيه على بن الْحُسَيْن زين العابدين وَمِنْهُم من قَالَ برجوعها بعده إلى ابى هَاشم عبد الله ابْن مُحَمَّد بن الْحَنَفِيَّة وَاخْتلف هَؤُلَاءِ فِي الامام بعد ابى هَاشم فَمنهمْ من نقلهَا إلى أبي مُحَمَّد بن على بن عبد الله بن عَبَّاس بن عبد الْمطلب بِوَصِيَّة ابى هَاشم اليه وَهَذَا قَول الروندية,"The rest of the Kaisaniyah be­lieve in the death of Muhammad ibn-al-Hanafiyah but dis­agree about the Imam who should succeed him. There were some of them who claimed that the Imamate after him re­verted to the son of his brother, ‘All ibn-al-Husain Zain al-‘Abidin, while others hold that after him it should revert to abu-Hashim ‘Abdallah ibn-Muhammad ibn-al-Hanafiyah, so these split over the Imam to succeed abu-Hashim. Some transfer the Imamate to abu-Muhammad ibn-‘Ali ibn- ‘Abdallah ibn-‘Abbas ibn-‘Abd-al-Muttalib, because abu- Hashim willed it to him. This latter is the view of the Rawandlyah."
وَمِنْهُم من زعم أن الامامة بعد أبي هَاشم صَارَت إلى بَيَان بن سمْعَان وَزَعَمُوا أن روح الله تَعَالَى كَانَت فِي ابى هَاشم ثمَّ انْتَقَلت مِنْهُ إلى بَيَان وَمِنْهُم من زعم أن تِلْكَ الرّوح انْتَقَلت من ابي هَاشم إلى عبد الله بن عَمْرو بن حَرْب وَادعت هَذِه الْفرْقَة إلهية عبد الله بن عَمْرو بن حَرْب والبيانية والحربية كلتاهما من فرق الغلاة نذكرهما فِي الْبَاب الَّذِي نذْكر فِيهِ فرق الغلاة وَكَانَ كثير الشَّاعِر على مَذْهَب الكيسانية الَّذين ادعوا حَيَاة مُحَمَّد بن الْحَنَفِيَّة وَلم يصدقُوا بِمَوْتِهِ وَلذَا قَالَ فِي قصيدة لَهُ,"Others claimed the Imamate after abu- Hashim went to Bayan ibn-Sim'an, and they hold that the spirit of Allah was in abu-Hashim, and passed over from him to Bayan. While some claimed that this spirit passed from abu-Hashim to ‘Abdallah ibn-Amr ibn-Harb. This sect claims the divine character of the latter. As to the Bayaniyah and the Harbiyah, both of them belonging to the Ghulat sects, we shall mention them in the section in which we mention the sects of the Ghulat. Kuthaiyir, the poet, was of the school of the Kaisaniyah who hold that Muhammad ibn-al-Hanafiyah is alive, and do not believe in his death. He says in his poem:"
… أَلا أن الْأَئِمَّة من قُرَيْش,"“Indeed, the Imams of the Kuraish, the masters of truth, are four alike."
وُلَاة الْحق أَرْبَعَة سَوَاء … على وَالثَّلَاثَة من بنيه هم الاسباط لَيْسَ بهم خَفَاء …,"‘Ali and his three sons, they are the sires about whom there is naught hid."
فسبط سبط ايمان وبر,"One sire is the sire of faith and piety, and the other sire Karbela reft from sight. "
وسبط غيبته كربلاء … وسبط لَا يَذُوق الْمَوْت حَتَّى,"And a third does not taste death until he leads the horsemen, the banner preceding,"
يَقُود الْخَيل يقدمهَا اللِّوَاء … تغيب لَا يرى فيهم زَمَانا,"He disappeared and was not seen among them for a season, hidden in Radwa, near him are honey and water.”"
برضوى عِنْده عسل وَمَاء …,
قَالَ عبد القاهر أجبناه عَن أبياته هَذِه بقولنَا … وُلَاة الْحق أَرْبَعَة وَلَكِن,‘Abd-al-Kahir answers these verses with the words:
لثاني اثْنَيْنِ قد سبق الْعَلَاء … وفاروق الورى أضحى إِمَامًا,"“The masters of truth are four, but as to the second of the two, his fame has preceded him,"
وَذُو النونين بعد لَهُ الْوَلَاء … على بعدهمْ أضحى إِمَامًا,"And Faruk, of the world, appeared as Imam, following him Dhu’l Nunain who met his death."
بترتيبي لَهُم نزل الْقَضَاء … ومبغض من ذَكرْنَاهُ لعين,"‘All appeared after them as Imam, in the order in which I have given them."
وفى نَار الْجَحِيم لَهُ الْجَزَاء … وَأهل الرَّفْض قوم كالنصارى,"The decree came from above, and hateful are they whom we mention as accursed."
حيار بِي مَا لحيرتهم دَوَاء …,"To the fire of hell have they been relegated, and the sectaries are a people like unto the Christians,"
,"Confused ones, for their confusion there is no healing.”"
وَقَالَ كثير أيضا فِي رفضه … بَرِئت إلى الْإِلَه من ابْن أروى,And Kuthaiyir also said about sectaries:  
وَمن دين الْخَوَارِج أجمعينا … وَمن عمر بَرِئت وَمن عَتيق,"“I am free to go to Allah, and free from connection with ibn Arwi, and free from the religion of the Khawarij."
غَدَاة دعى أَمِير المؤمنينا …,"And free from ‘Umar and Abu-Bakr, at the time when he was declared emir of the faithful”"
وَقد أجبناه عَن هذَيْن الْبَيْتَيْنِ … بَرِئت من الْإِلَه ببغض قوم,These verses we have answered with the following:
بهم أَحْيَا الْإِلَه المؤمنينا … وَمَا ضرّ ابْن أروى مِنْك بغض,"“Thou art indeed free, but from Allah, through the hatred of the people, through whom Allah has kept alive the faithful."
وبغض الْبر دين الكافرينا … ابو بكر بِهِ جدلى إِمَام,"And hatred of thine harms not ibn-Arwa, the hatred of piety is the religion of the unbelievers."
على زعم الروافض اجمعينا … وفاروق الورى عمر بِحَق,"Abn-Bakr, I rejoice in him as Imam, despite all the anger of the Rawafid."
يُقَال لَهُ أَمِير المؤمنينا …,"‘Umar, the Faruk of the world, is rightly called the emir of the faithful”"
أَلا قل للوصى فدتك نَفسِي,[Saiyid says: ]
أطلت بذلك الْجَبَل المقاما … أضرّ بمعشر والوك منا,"“Say to al Wasy: ‘I would give my life for thee, thou hast stayed in this mount a long time,"
وسموك الْخَلِيفَة والإماما … وعادوا فِيك أهل الأَرْض طرا,"They persecute in the community those of us who follow thee, and who proclaim thee caliph and Imam."
مقامك عِنْدهم سِتِّينَ عَاما …,And all the people of the earth were inimical to thee during thy stay with them for sixty years.
ثمَّ قَالَ فِي هَذِه القصيدة … وَمَا ذاق بن خَوْلَة طعم موت,"The son of Khawla [name of the Haniflte mother of Muhammad] has not tasted of death, and the earth does not hold his bones. And verily he has the sustenance of an Imam, and drink is provided) and with it food.’"
وَلَا وارت لَهُ ارْض عظاما … لقد أَمْسَى بمجرى شعب رضوى,
تراجعه الْمَلَائِكَة الكلاما … وَإِن لَهُ لرزقا من إِمَامًا,
وأشربة يعل بهَا الطعاما …,
وَقد أجبناه عَن هَذَا الشّعْر بقولنَا … لقد أفنيت عمرك بانتظار,This poem we answered with the words:
لمن وارى التُّرَاب لَهُ عظاما … فَلَيْسَ بشعب رضواء إِمَام,"“Lo thy life has passed in waiting, for the one whose bones the ground holds."
تراجعه الْمَلَائِكَة الكلاما … وَلَا من عِنْده عسل وَمَاء,"And there is no Imam in the valley of Radwa, around whom the angels bandy words."
وأشربة يعل بهَا الطعاما … وَقد ذاق ابْن خَوْلَة طعم موت,"And there are no streams of honey and water beside him, nor is drink provided, and with it food."
كَمَا قد ذاق وَالِده الحماما … وَلَو خلد أمرؤ لعلو مجد,"And ibn Khawla has tasted of death, just as his father tasted of decease."
لعاش الْمُصْطَفى ابدا وداما …,"If any man could have lived for ever on account of his greatness, verily the chosen one [Muhammad] would have lived for ever.”"
وَكَانَ الشَّاعِر الْمَعْرُوف بالسيد الحميرى أيضا على مَذْهَب الكيسانية الَّذين ينتظرون مُحَمَّد بن الْحَنَفِيَّة ويزعمون أَنه مَحْبُوس بجبل رضوى إلى أن يُؤذن لَهُ بِالْخرُوجِ وَلِهَذَا قَالَ فِي شعر لَهُ,"The poet known by the name of Saiyid al-Himyari was also of the school of the Kaisanlyah who looked for the coming of Muhammad ibn-al-Hanaflyah, and claimed that he is imprisoned at Mt. Radwa until he is called to appear. And about this he says in a poem of his:"
… وَلَكِن كل من في الأَرْض فان,“But everyone who is on the earth disappears—
بذا حكم الذي خلق الإماما …,This is the decree of him who created the Imam.”
وَكَانَ أول من قَامَ بدعوة الكيسانية إلى إمامة مُحَمَّد بن الْحَنَفِيَّة الْمُخْتَار بن أبي عبيد الثقفى وَكَانَ السَّبَب فِي ذَلِك أن عبيد الله بن زِيَاد لما فرغ من قتل مُسلم بن عقيل وَفرغ من قتل الْحُسَيْن بن على رضى الله عَنهُ رفع اليه أن الْمُخْتَار بن أبي عبيد كَانَ مِمَّن خرج مَعَ مُسلم بن عقيل ثمَّ اختفى فَأمر باحضاره فَلَمَّا دخل عَلَيْهِ رَمَاه بعمود كَانَ فِي يَده فشتر عينه وحبسه,"The first who arose to preach the doctrine of the Kaisaniyah in regard to the Imamate of Muhammad ibn-al- Hanafiyah was al-Mukhtar ibn-abi-‘Ubaid al-Thakafl. The reason for this was that ‘Ubaidallah ibn-Ziyad4 when he had killed Muslim ibn-‘Akil, and al-Husain ibn-'AH, was told that al-Mukhtar ibn-abi-‘Ubaia was one of those who had rebelled with Muslim ibn-‘Aldl. He had then disappeared, and when, having been ordered to return, he came to ibn-Ziyad, the latter threw a club which was in his hand and cut his eye. He then imprisoned him."
فتشفع اليه فِي امْرَهْ قوم فَأخْرجهُ من الْحَبْس وَقَالَ لَهُ قد أجلتك ثَلَاثَة أَيَّام فان خرجت فِيهَا من الْكُوفَة والا ضربت عُنُقك فَخرج الْمُخْتَار هَارِبا من الْكُوفَة إلى مَكَّة وَبَايع عبد الله بن الزبير وبقى مَعَه إلى أن قَاتل بن الزبير جند يزِيد بن مُعَاوِيَة الَّذين كَانُوا تَحت راية الْحصين بن نمير السكوتى,"Some of the people, however, plead with him in favor of al-Mukhtar, so that he brought him out of prison and said to him: “I give thee three days, and lo during that time thou shalt go away from al-Kufah, else I will behead thee.""Al-Mukhtar then fled from al-Kufah to Mecca, where he swore allegiance to 'Abdallah ibn-al-Zubair, remaining with him until ibn-al- Zubair fought the army of Yazld ibn-Mu'awiyah, which was under the command of al-Husain ibn-Numair al-Sukuti."
واشتدت نكاية الْمُخْتَار فِي تِلْكَ الحروب على أهل الشَّام ثمَّ مَاتَ يزِيد بن مُعَاوِيَة وَرجع جند الشَّام إلى الشَّام واستقام لِابْنِ الزبير ولَايَة الْحجاز واليمن وَالْعراق وَفَارِس ولقى الْمُخْتَار من ابْن الزبير جفوة فهرب مِنْهُ إلى الْكُوفَة وواليها يَوْمئِذٍ عبد الله بن يزِيد الانصارى من قبل عبد الله بن الزبير فَلَمَّا دخل الْكُوفَة بعث رسله إلى شيعَة الْكُوفَة ونواحيها إلى الْمَدَائِن ودعاهم إلى الْبيعَة لَهُ وَوَعدهمْ انه يخرج طَالبا بثأر الْحُسَيْن بن على رضى الله عَنهُ,"Al-Mukhtar distinguished himself in these wars against the people of Syria. Then Yazid ibn-Mu'awiyah died, and the Syrian army returned to Syria while the command of al- Hijaz. al-Yaman, ai-Trak and Persia remained with ibn-al- Zubair. Al-Mukhtar having suffered evil treatment from ibn-al-Zubair, fled to al-Kufah. The governor of this city was at that time ‘Abdallah ibn-Yazld al-Ansar!, under ‘Abdallah ibn-al-Zubair. When he [al-Mukhtar] entered al-Kufah he sent his messengers to the sectaries of al- Kufah and its districts up to al-Mada’in demanding their allegiance to him and promising them that he was coming to claim their revenge for al-Husain ibn-‘Ali."
ودعاهم إلى مُحَمَّد بن الْحَنَفِيَّة وَزعم أن ابْن الْحَنَفِيَّة قد اسْتَخْلَفَهُ وَأَنه قد أَمرهم بِطَاعَتِهِ وعزل,"He invited them to recognize Muhammad ibn-al-Hanafiyah, claiming that al-Hanafiyah had chosen him as caliph, and that it was he [al-Hanafiyah] who had commanded them to obey him 32 [al-Mukhtar]. It was at this time that ibn-al-Zubair removed ‘Abdallah ibn-Yazid al-Ansar! from the governorship of al-Kufah and put in his place ‘Abdallah ibn-MutT al-‘Adawi. The number of those who recognized al-Mukhtar and gathered around him amounted to seventeen thousand. Among them was ‘Ubaidallah ibn-al-Hirr, who entered into allegiance with him. There was no braver than al-Hirr in his day. Ibrahim ibn-Malik al-Ashtar also joined   al-Mukhtar."
,
ابْن الزبير فِي خلال ذَلِك عبد الله بن يزِيد الانصارى عَن الْكُوفَة وولاها عبد الله بن مُطِيع الْعَدوي وَاجْتمعَ إلى الْمُخْتَار من بَايعه فِي السِّرّ وَكَانُوا زهاء سَبْعَة عشر الف رجل وَدخل فِي بيعَته عبيد الله بن الْحر الَّذِي لم يكن فِي زَمَانه أَشْجَع مِنْهُ وابراهيم بن ملك الاشتر,
وَلم يكن فِي شيعَة الْكُوفَة أجمل مِنْهُ وَلَا أَكثر مِنْهُ تبعا فَخرج بِهِ على والى الْكُوفَة عبد الله بن مبطع وَهُوَ يؤمئذ فِي عشْرين الف ودامت الْحَرْب بَينهمَا اياما وَوَقعت الْهَزِيمَة فِي آخرهَا على الزيدية وَاسْتولى الْمُخْتَار على الْكُوفَة ونواحيها وَقتل كل من كَانَ بِالْكُوفَةِ من الَّذين قَاتلُوا الْحُسَيْن بن على بكربلاء,"Among the secretaries of al-Kufah there was not a finer one than he, nor one who had more followers. Al-Mukhtar set out with these men against the governor of al-Kufah, ‘Abdallah ibn-Muti‘, who on that day was at the head of twenty thousand. The strife between them lasted for several days. At the end of this time the Zaidlyah were defeated and fled, and al-Mukh­tar made himself governor over al-Kufah and its surround­ings. He also killed all those in al-Kufah who had fought against al-Husain ibn-‘Ali at Karbila’."
ثمَّ خطب النَّاس فَقَالَ فِي خطبَته الْحَمد لله الذي وعد وليه النَّصْر وعدوه الخسر وجعلهما فيهمَا إلى آخر الدَّهْر قَضَاء مقضيا ووعدا مأتيا يَا أَيهَا النَّاس قد سمعنَا دَعْوَة الدَّاعِي وَقَبلنَا قَول الدَّاعِي فكم من بَاغ وباغية وقتلى فِي الواعيه فَهَلُمُّوا عباد الله إلى بَيْعه الْهدى ومجاهدة العدى فانى انا الْمُسَلط على المحلين والطالب بثأر ابْن بنت خَاتم النَّبِيين,"Then he delivered the khutbah before the people and said: ""Praise be to Allah who promised his friend victory and his enemy harm, and definitely put both of them in this condition, a final dis­position of them and a decisive settlement. O men, we have heard the invitation of the preacher and we have received the view of the preacher how many tyrants, male and female, and how many murderers do we recall? ""Bring hither the servants of Allah to swear allegiance to the proper leader and to fight the enemy, and lo, I am the leader of those who mourn, and the investigator of the murder of the son of the daughter of the seal of the prophets."""
ثمَّ نزل عَن منبره وانغذ بِصَاحِب شرطته إلى دَار عمر بن سعد حَتَّى أَخذ رَأسه ثمَّ أَخذ رَأس ابْنه جَعْفَر بن عمر وَهُوَ ابْن أُخْت الْمُخْتَار وَقَالَ ذَاك بِرَأْس الْحُسَيْن وَهَذَا بِرَأْس ابْن الْحُسَيْن الْكَبِير ,"He then descended from his pulpit and sent a message by the head of his body-guard to the house of ‘Umar ibn-Sa‘d, to cut off his head. He then cut off the head of his son Ja‘far ibn-‘Umar who was the son of the sister of al-Mukhtar, and he said: ""That is for the head of al-Husain; and this is for the head of the son of al-Husain the great."""
ثمَّ بعث بإبراهيم بن ملك الاشتر مَعَ سِتَّة آلَاف رجل إلى حَرْب عبيد الله بن زِيَاد وَهُوَ يَوْمئِذٍ بالموصل فِي ثَمَانِينَ الف من جند الشَّام قد ولاه عَلَيْهِم عبد الْملك بن مَرْوَان فَلَمَّا التقى الجيشان على بَاب الْموصل انهزم جند الشَّام وَقتل مِنْهُم سَبْعُونَ الف فِي المعركة وَقتل عبيد الله بن زِيَاد وَالْحصين بن نمير السكوتى,"After this he sent Ibrahim ibn-Malik al-Ashtar with six thousand men for the battle against ‘Ubaidallah ibn-Ziyad, who was at that time in al-Mausil with eighty thousand of the Syrian army, over whom ‘Abd-al-Malik ibn- Marwan 1 had placed him as governor. When the two armies met at the gate of al-Mausil, the Syrian army was put to flight and seventy thousand of them were killed on the field of battle, including ‘Ubaidallah ibn-Ziyad and al- Husain ibn-Numair al-Sukutl."
وانفذ ابراهيم بن الاشتر برؤوسهم إلى الْمُخْتَار فَلَمَّا تمت للمختار ولَايَة الْكُوفَة والجزيرة والماهين إلى حُدُود ارمينية تكهن بعد ذَلِك وسجع كأسجاع الكهنة وَحكى أيضا انه ادّعى نزُول الوحى عَلَيْهِ فَمن اسجاعه قَوْله اما وَالَّذِي أنزل الْقُرْآن وَبَين الْفرْقَان وَشرع الاديان وَكره الْعِصْيَان لاقتلن النعاة من أَزْد عمان ومذحج وهمذان ونهد وخولان وَبكر وهزان وثعل ونبهان وَعَبس وذبيان وَقيس وعيلان,"Ibrahim ibn-al-Ashtar sent their heads to al-Mukhtar, who, when he had succeeded in becoming governor of al-Kufah, al-jazlrah and of al-Mahln [Persia] as far as the border of Armenia, claimed that he was a kiihin, who wrote rhymed prose like the rhymed prose of the kahins. It is also said that he claimed an inspira­tion had come to him; and a specimen of his rhymed prose is as follows: ""By him who has sent down the Koran; and revealed the Book; and given the laws for religion; and who disapproves of disobedience; I will kill al-Nu'at of al-Azd and ‘Uman, and of Madhhij and Hamadhan, and of Nahd and Khaulan, and of Bakr and of Hazzan, and of Thu'al and of Nabhan, and of ‘Abs and of Dhubyan, and of Kais and of ‘Ailan."""
ثمَّ قَالَ وَحقّ السَّمِيع الْعَلِيم العلى الْعَظِيم الْعَزِيز الْحَكِيم الرَّحْمَن الرَّحِيم لاعركن عَرك الاديم أَشْرَاف بنى تهيم,"Then he said: ""By the All-hearing one, the Knowing, the Mighty, the Lofty, the Powerful, the Wise, the Merciful, the Compassionate, verily I will crush completely the leaders of the Bani Tahim [Tamim?]."
ثمَّ رفع خبر الْمُخْتَار إلى ابْن الْحَنَفِيَّة وَخَافَ من جِهَة الْفِتْنَة فِي الدّين فَأَرَادَ قدوم الْعرَاق ليصير اليه الَّذين اعتقدوا إِمَامَته وَسمع الْمُخْتَار ذَلِك فخاف من قدومه الْعرَاق ذهَاب رياسته وولايته فَقَالَ لجنده انا على بيعَة المهدى وَلَكِن للمهدى عَلامَة وَهُوَ أن يضْرب بِالسَّيْفِ ضَرْبَة فان لم يقطع السَّيْف جلده فَهُوَ المهدى,"Then the news of al-Mukhtar reached ibn-al-Hanaflyah and he was afraid of a religious strife, and desired to go against al-Trak so that those who believed in his Imamate should gather around him. Al-Mukhtar, hearing this, was afraid of his arrival in al-Trak, for fear he would rob him of his leaders and governors. So he said to his army: ""I swear allegiance to the Mahdl, but the Mahdl has a sign, e. g., that he shall be struck by a blow of a sword, and the sword shall not cut his skin; such a man is the Mahdi."""
وانْتهى قَوْله هَذَا إلى ابْن الْحَنَفِيَّة فَأَقَامَ بِمَكَّة خوفًا من أن يقْتله الْمُخْتَار بِالْكُوفَةِ ثمَّ أن الْمُخْتَار خدعته السبابية الغلاة من الرافضة فَقَالُوا لَهُ انت حجَّة هَذَا الزَّمَان وَحَمَلُوهُ على دَعْوَى النُّبُوَّة فادعاها عِنْد خواصه وَزعم أن الوحى ينزل عَلَيْهِ وسجع بعد ذَلِك فَقَالَ أما وتمشى السَّحَاب الشَّديد الْعقَاب السَّرِيع الْحساب الغزير الْوَهَّاب الْقَدِير الغلاب لانبشن قبر ابْن شهَاب المفترى الْكذَّاب المجرم المرتاب,"This speech of his was reported to ibn-al-Hanafiyah, and he remained in Mecca fearing that al-Mukhtar might kill him if he went to al-Kufah. Then the Sabbabiyah of the Ghulat of the Rafidah tricked al-Mukhtar, and said to him: Thou art the ultimate authority of this age."" And they persuaded him to claim that he was a prophet. This he did, asserting among his intimates that a revelation had come down to him, whereupon he said in rhymed prose: ""By the hurrying of the clouds, and by the heavy punishment, and by the swift reckoning, and by the rich giver, and by the powerful conqueror, verily I shall open the grave of ibn-Shihab, the betrayer, the liar, the unbelieving sinner."
ثمَّ وَرب الْعَالمين وَرب الْبَلَد الامين لأقتلن الشَّاعِر المهين وراجز المارقين واولياء الْكَافرين وَأَعْوَان الظَّالِمين وإخوان الشَّيَاطِين الَّذين اجْتَمعُوا على الاباطيل وَتَقولُوا على الاقاويل الاخطوبى لذوى الاخلاق الحميدة والافعال الشَّدِيدَة والاراء العتيدة والنفوس السعيدة,"Again, by the Lord of the two worlds, and by the Lord of the faithful land, verily I will kill the hateful poet, the rajiz [rajaz-metre] poet of the heretics, and the friends of the heretics, and the supporters of the unrighteous, and the brothers of satans, who gathered together for worthless objects, and forged tales against me. Hail to those of praiseworthy character; and of good deeds and of ready thought, and fortunate soul."""
ثمَّ خطب بعد ذَلِك فَقَالَ فِي خطبَته الْحَمد لله الَّذِي جعلني بَصيرًا وَنور قلبِي تنويرا وَالله لاحرقن بِالْمِصْرِ دورا ولانبشن بهَا قبورا ولأشفين مِنْهَا صدورا وَكفى بِاللَّه هاديا ونصيرا ثمَّ أقسم فَقَالَ بِرَبّ الْحرم وَالْبَيْت الْمحرم والركن المكرم وَالْمَسْجِد الْمُعظم وَحقّ ذِي الْقَلَم ليرفعن لي علم من هُنَا إلى أخم ثمَّ إلى اكناف ذِي سلم,"After this he preached and said in his khutbah: ""Praise be unto Allah, who has made me a knowing one, and has enlightened my heart. By Allah, verily I will burn the dwelling places in this region. And verily I will open the graves there. And verily I will save some of them. And Allah is sufficient as a leader and helper.""Then he swore and said: “By the'Lord of the sacred enclosure, and by the sacred house, and by the honored comer of the Ka‘bah, and by the esteemed mosque, and by the possessor of the pen; verily a standard will be raised for me from here to Adam and then to the borders of Dhi Salam."""
ثمَّ قَالَ اما وَرب السَّمَاء لينزلن نَار من السَّمَاء فليحرقن دَار أَسمَاء فأنهى هَذَا القَوْل إلى أَسمَاء بن خَارِجَة فَقَالَ قد سجع بِي أَبُو إِسْحَاق وَأَنه سيحرق دَاري وهرب من دَاره وَبعث الْمُخْتَار إلى دَاره من أحرقها بِاللَّيْلِ وَأظْهر من عِنْده أن نَارا من السَّمَاء نزلت فاحرقها,"Then he said: ""Verily, by the lord of heaven, fire shall be sent down from heaven; and verily it will burn the house of Asma."" These words reached Asma’ ibn-Kharijah and he said: ""Abu-Ishak has attacked me in rhymed prose and now he will burn my house."" So he fled from his house, and al-Mukhtar sent someone to burn his house during the night, pretending to those around him that fire from heaven was sent down to burn it."
ثمَّ أن أهل الْكُوفَة خَرجُوا على الْمُخْتَار لما تكهن وَاجْتمعت السبابية اليه مَعَ عبيد أهل الْكُوفَة لأنه وعدهم أن يعطيهم أَمْوَال ساداتهم وَقَاتل بهم الخارجين عَلَيْهِ فظفر بهم وَقتل مِنْهُم الْكثير وَأسر جمَاعَة مِنْهُم وَكَانَ فِي الأسراء رجل يُقَال لَهُ سراقَة بن مرداس البارقى فَقدم إلى الْمُخْتَار وَخَافَ البارقى أن يَأْمر بقتْله فَقَالَ للَّذين أسروه وقدموه إلى الْمُخْتَار مَا أَنْتُم أسرتمونا وَلَا أَنْتُم هزمتمونا بعدتكم وانما هَزَمْنَا الْمَلَائِكَة الَّذين رأيناهم على الْخَيل البلق فَوق عسكركم,"It was after this that the people of al-Kufah went out against al-Mukhtar for posing as a kahinr The Sabbabiyah gathered around him, together with the slaves of the people of al- Kufah, because he had promised to give them the possessions of their masters. And he fought with them against those who had gone out against him, conquering them and killing most of them: the rest he took prisoner, and among these was a man called Surakah ibn-Mirdas al-Bariki; he was brought to al-Mukhtar, and fearing that the latter would order his death, he said to those who imprisoned him and brought him to al-Mukhtar: ""Ye are not the ones who have taken us prisoners, nor are ye the ones that have defeated us with your force; on the contrary, it is the angels who have defeated us, the angels whom we saw on mottled horses above your soldiers."""
فأعجب الْمُخْتَار قَوْله هَذَا فاطلق عَنهُ فلحق مُصعب بن الزبير بِالْبَصْرَةِ وَكتب مِنْهَا إلى الْمُخْتَار هَذِه الابيات,"Al-Mukhtar admired his words, and freed him, whereupon he went to Mus'ab ibn- al-Zubair in al-Basrah, and from there he wrote these verses to al-Mukhtar:"
… أَلا أبلغ أَبَا إِسْحَق أَنى,"""Lo, tell abi-Ishak that I have seen silent the mottled black [horses]"
رَأَيْت البلق دهما مصمتات … أرى عينى مَا لم تنظراه,"I show my eyes what neither of them sees, and what they both believe to be an invention."
كِلَانَا عَالم بالترهات … كفرت بوحيكم وَجعلت نذرا,"I denounce your revelation, and take a vow to fight you until death.”"
على قتالكم حَتَّى الْمَمَات …,
وفى هَذَا الَّذِي ذَكرْنَاهُ بَيَان سَبَب كهَانَة الْمُخْتَار ودعواه الوحى اليه واما سَبَب قَوْله بِجَوَاز البدء على الله عز وجل فَهُوَ أن ابراهيم بن الأشتر لما بلغه أن الْمُخْتَار تكهن وَادّعى نزُول الْوَحْي اليه قعد عَن نصرته وَاسْتولى لنَفسِهِ على بِلَاد الجزيرة وَعلم مُصعب ابْن الزبير أن ابراهيم بن الاشتر لَا ينصر الْمُخْتَار فطمع عِنْد ذَلِك فِي قهر الْمُخْتَار,"In what we have here recounted is to be found the reason of al-Mukhtar’s posing as a kahin, and claiming a revelation for himself. As to the reason for his words claiming that Allah may have had a beginning, the following incident explains it. When Ibrahim ibn-al-Ashtar heard that al-Mukhtar was posing as a kahin and claiming inspiration for himself, he ceased his help and governed the territory of Mesopotamia for himself. When Muslab ibn-al-Zubair learned that Ibrahim ibn-al-Ashtar had deserted al-Mukhtar, he longed to subdue al-Mukhtar."
وَلحق بِهِ عبيد الله بن الْحر الجعفى وَمُحَمّد بن الاشعث الْكِنْدِيّ واكثر سَادَات الْكُوفَة غيظا مِنْهُم على الْمُخْتَار لاستيلائه على اموالهم وعبيدهم واطمعوا مصعبا فِي أَخذ الْكُوفَة قهرا فَخرج مُصعب من الْبَصْرَة فِي سَبْعَة آلَاف رجل من عِنْده سوى من انْضَمَّ اليه من سَادَات الْكُوفَة وَجعل على مقدمته الْمُهلب بن ابى صفرَة مَعَ اتِّبَاعه من الأزد,"In this, he was joined by ‘Ubaidallah ibn-al-Hirr al-ju‘afl and Muhammad ibn-al-Ash‘ath al-Ivindl,1 as well as most of the leaders of al- Kufah, who were irritated against al-Mukhtar for having seized their possessions and slaves; the latter inciting Mus‘ab to covet the seizure of al-Kufah by force. Mus‘ab set forth from al-Basrah with seven thousand men of his own, in ad¬dition to those leaders of al-Kufah who had made common cause with him. As commander over the van of his army he set al-Muhallab ibn-abu-Sufrah with his following of the Azd."
وَجعل أَعِنَّة الْخَيل إلى عبيد الله بن معمر التيمى وَجعل الْأَحْنَف بن قيس على خيل تَمِيم فَلَمَّا انْتهى خبرهم إلى الْمُخْتَار اخْرُج صَاحبه احْمَد ابْن شميط إلى قتال مُصعب فِي ثَلَاثَة آلَاف رجل من نخبة عسكره وَأخْبرهمْ بَان الظفر يكون لَهُم وَزعم أن الوحى قد نزل عَلَيْهِ بذلك,"The command of the cavalry he gave to ‘Ubai-dallah ibn-Ma‘mar  al-Taiml. Over the Tamlmite cavalry he placed al-Ahnaf ibn-Kais. When news of them reached al-Mukhtar, he sent out his commander Ahmad ibn-Shumait to fight Mus‘ab with three thousand picked soldiers, telling them that the victory would be theirs. He claimed that a revelation had come to him concerning this."
فَالتقى الجيشان بِالْمَدَائِنِ وَانْهَزَمَ اصحاب الْمُخْتَار وَقتل اميرهم ابْن شميط واكثر قواد الْمُخْتَار وَرجع فلولهم إلى الْمُخْتَار وَقَالُوا لَهُ لم تعدنا بالنصر على عدونا فَقَالَ أن الله تَعَالَى كَانَ قد وَعَدَني ذَلِك لكنه بدا لَهُ,"The two armies met at al-Mada’in, and the followers of al-Mukhtar were put to flight, and their emir, ibn-Shumait, was killed, together with most of al-Mukhtar’s leaders. And the rem¬nant returned to al-Mukhtar and said to him: ""Why didst thou promise us victory over our enemies?"" And he said: ""Indeed, Allah has promised this to me, but he suddenly changed his mind."""
وَاسْتدلَّ على الله بقول الله عز وجل {يمحو الله مَا يَشَاء وَيثبت} فَهَذَا كَانَ سَبَب قَول الكيسانية بالبدء,"He went on to prove this regarding Allah with the words of the Koran: ""What he pleaseth will God abrogate or confirm."" And this is how the Kaisaniyah came to believe that Allah may have had a beginning."
ثمَّ أن الْمُخْتَار بَاشر قتال مُصعب بن الزبير بِنَفسِهِ بالمذار من نَاحيَة الْكُوفَة وَقتل فِي تِلْكَ الْوَاقِعَة مُحَمَّد بن الْأَشْعَث الْكِنْدِيّ قَالَ الْمُخْتَار طابت نَفسِي بقتْله أن لم يكن قد بقى من قتلة الْحُسَيْن غَيره وَلَا ابالى بِالْمَوْتِ بعد هَذَا ثمَّ وَقعت الْهَزِيمَة على الْمُخْتَار واصحابه فَانْهَزَمُوا إلى دَار الامامة بِالْكُوفَةِ وتحصن فِيهَا مَعَ اربعمائة من اتِّبَاعه,"Al-Mukhtar then took upon himself the killing of Mus‘ab ibn al-Zubair in al-Madhar in the region of al-Kufah. And in this engagement Muhammad ibn-al-AslTath al-Kindl was killed. Al-Mukhtar said: ""His death pleases me because he is the only one remaining of those who killed al-Husain, and now I am not afraid of death.""After this al-Mukhtar and his allies were put to flight, and they fled to the residence of the Imam in al-Kufah, and fortified themselves in it with four hundred followers."
وحاصرهم مُصعب فِيهَا ثَلَاثَة ايام حَتَّى فنى طعامهم ثمَّ خَرجُوا اليه فِي الْيَوْم الرَّابِع مستقتلين فَقتلُوا وَقتل الْمُخْتَار مَعَهم قَتله أَخَوان يُقَال لَهما طارف وطريف ابْنا عبد الله بن دجَاجَة من بنى حنيفَة,"And Mus‘ab besieged them three days until their food gave out, and on the fourth day they made a sally, seeking death, and were slaughtered, and al-Mukhtar was killed with them. Two brothers called Tarif and Tarif killed him; they were the sons of ‘Abdallah ibn-Dajajah of the Banu Hanlfah."
وَقَالَ أعشى هَمدَان فِي ذَلِك … لقد نبئت والأنباء تنمي,A‘sha Hamdan 8 says about them:
بِمَا لآقى الكوارث بالمذار … وَمَا أن سرنى أهلاك قومِي,"""I have prophesied, and the prophets have gained renown,"
وان كَانُوا وحقك فِي خسار … ولكنى سررت بِمَا يلاقى,"Through the evil things that happened in al-Madhar,"
أَبُو إِسْحَق من خزى وعار …,"And I am naturally not pleased with the destruction of my people Even if it happened, for they were in an evil strait."
,"But I rejoice over that which abu-Ishak suffers, through mortification and shame.”"
فَهَذَا بَيَان سَبَب قَول الكيسانية بِجَوَاز البدء على الله عز وجل وَاخْتلفت الكيسانية الَّذين انتظروا مُحَمَّد بن الْحَنَفِيَّة وَزَعَمُوا انه حى مَحْبُوس بجبل رضوى إلى أن يُؤذن لَهُ بِالْخرُوجِ,"This is an explanation of the view of the Kaisanlyah that Allah may have a beginning. But some of the Kaisanlyah who looked for Muhammad ibn-al-Hanaflyah differed over this latter question, claiming that he was alive, imprisoned at Mt. Radwa, till the time of his summoning."
وَاخْتلفُوا فِي سَبَب حَبسه هُنَالك بزعمهم فَمنهمْ من قَالَ لله فِي امْرَهْ سر لَا يُعلمهُ الا هُوَ وَلَا يعرف سَبَب حَبسه وَمِنْهُم من قَالَ أن الله تَعَالَى عَاقِبَة بِالْحَبْسِ لِخُرُوجِهِ بعد قتل الْحُسَيْن بن على إلى يزِيد ابْن مُعَاوِيَة وَطَلَبه الْأمان مِنْهُ وَأَخذه عَطاء,"Over the reason of his imprisonment there, they disagreed; some saying that ""Allah is secret in his affairs, no one knows them except he, and he gives no explanation for the reason of his imprisonment’ While others said: “Verily Allah punished him by this imprisonment, because after the death of al-Husain ibn-‘AH he went over to Yazid ibn-Mu‘awiyah, and because he demanded peace of him, and accepted largesses from him."""
ثمَّ لِخُرُوجِهِ فِي وَجه ابْن الزبير من مَكَّة إلى عبد الْملك بن مَرْوَان هَارِبا من ابْن الزبير وَزَعَمُوا أن صَاحبه عَامر بن وَاثِلَة الْكِنَانِي سَار بَين يَدَيْهِ وَقَالَ فِي ذَلِك الْمسير لأتباعه يَا إخْوَانِي يَا شيعتى لَا تبعدوا ووازروا المهدى كَيْمَا تهتدوا مُحَمَّد الْخيرَات يَا مُحَمَّد انت الإِمَام الطَّاهِر المسدد لَا ابْن الزبير السامرى الملحد وَلَا الَّذِي نَحن اليه نقصد,"Moreover because he fled from ibn-al-Zubair in Mecca to ‘Abd al-Malik ibn-Marwan. And they claimed that his companion ‘Amir ibn-Wathilah al-Kinanl1 came before him, and spoke to his followers about this departure of his in the following words: ""O my brothers, O my helpers, do not depart, but stand by the Mahdi, so that ye may be led. O Muhammad, the generous one, O Mu¬hammad, thou art the Imam, the pure, the right leader, not ibn-al-Zubair al-Samiri, the heretic, nor is he the one whom we set up as a goal."""
وَقَالُوا انه كَانَ يجب عَلَيْهِ أن يُقَاتل ابْن الزبير وَلَا يهرب فعصى ربه بِتَرْكِهِ قِتَاله وَعَصَاهُ بِقَصْدِهِ عبد الملك بن مَرْوَان وَكَانَ قد عَصَاهُ قبل ذَلِك بِقَصْدِهِ يزِيد بن مُعَاوِيَة ثمَّ إِنَّه رَجَعَ من طَرِيقه إلى ابْن مَرْوَان إلى الطَّائِف,"But it was said that he should have fought ibn-al-Zubair, and not have fled. By refusing to fight him he disobeyed his master, and further disobeyed him by seeking out ‘Abd-al-Malik ibn-Marwan. But even before this he had been disobedient by seeking out Yazid ibn-Mu‘awiyah. It was after this that he mended his ways, and joined ibn-Marwan in al-Ta’if."
وَمَات بهَا ابْن عَبَّاس وَدَفنه ابْن الْحَنَفِيَّة بِالطَّائِف ثمَّ سَار مِنْهَا إلى الذَّر فَلَمَّا بلغ شعب رضوى اخْتلفُوا فِيهِ فَزعم المقرون بِمَوْتِهِ انه مَاتَ فِيهِ وَزعم المنتظرون لَهُ أن الله حَبسه هُنَالك وغيبه عَن عُيُون النَّاس عُقُوبَة لَهُ على الذُّنُوب الَّتِي أضافوها اليه إلى أن يُؤذن لَهُ بِالْخرُوجِ وَهُوَ المهدى المنتظر,"And ibn-‘Abbas died there, and was buried there by ibn-al-Hanaflyah. From there the latter went to al-Dhar [in Khurasan, near Bukhara] . But as to what occurred when he reached the pass of Radwa, they differ. Those believing in his death, hold that he died there; while those expecting his return say that Allah imprisoned him there, and hid him from the eyes of men, as a punishment for the sins which they attributed to him, until he is bidden to come forth. And he is the expected Mahdi."
ذكر الامامية من الرافضة,Concerning the Imamiyah of the Rafidah.
هَؤُلَاءِ الامامية الْمُخَالفَة للزيدية والكيسانية والغلاة خمس عشرَة فرقة كاملية ومحمدية وباقرية وناوسية وشميطية وعمارية واسماعيلية ومباركية وموسوية وقطيعية واثنى عشرِيَّة وهشامية وزرارية ويونسية وشيطانية,"These are the Imamiyah who divided off from the Zaid- lyah, the Kaisanlyah, and the Ghulat into fifteen sects: the Kamillyah, the Muhammadiyah, the Bakiriyah, the Nawisiyah, the Shamitiyah, the ‘Amariyah, the Isma‘illyah, the Mubarakiyah, the Musawiyah, the Kati'iyah, the Twelvers (Ithna ‘Ashariyah), the Hishamiyah, the Zarariyah, the Yunusiyah, and the Shaitaniyah."
ذكر الكاملية مِنْهُم,Concerning the Kamiliyah from among them:
هَؤُلَاءِ أَتبَاع رجل من الرافضة كَانَ يعرف بأبى كَامِل وَكَانَ يزْعم أن الصَّحَابَة كفرُوا بتركهم بيعَة على وَكفر على بِتَرْكِهِ قِتَالهمْ وَكَانَ يلْزمه قِتَالهمْ كَمَا لزمَه قتال اصحاب صفّين وَكَانَ بشار بن برد الشَّاعِر الْأَعْمَى على هَذَا الْمَذْهَب,"These are the followers of a man from the Rafidah who was known as abu-Kamil.  He claimed that the Companions were unorthodox because they forsook their allegiance to ‘Ali, and he condemned ‘Ali for ceasing to fight them, as he was bound to fight the people of Siffln. Bashshar ibn-Burd, the blind poet, belonged to this school. The report is that someone said to him: ""What is thy opinion regarding the Companions?’' And he replied that they were unorthodox."
وروى انه قيل لَهُ مَا تَقول فِي الصَّحَابَة قَالَ كفرُوا فَقيل لَهُ فَمَا تَقول فِي على فتمثل بقول الشَّاعِر … وَمَا شَرّ الثَّلَاثَة ام عمر,"He was then asked: ""And what is thy opinion of ‘Ali?"" And he quoted the words of the poet:"
بصاحبك الذي لَا تصبحينا …,"""What is the evil of the three caliphs O Umm ‘Umar"
,Against thy friend who does not accompany us?”
وَحكى أَصْحَاب المقالات عَن بشار أَنه ضم إلى ضلالته فِي تَكْفِير الصَّحَابَة وتكفير على مَعَهم ضلالتين أُخْرَيَيْنِ إِحْدَاهمَا قَوْله يرجع برجعة الاموات إلى الدُّنْيَا قبل يَوْم الْقِيَامَة كَمَا ذهب اليه اصحاب الرّجْعَة من الرافضة وَالثَّانيَِة قَوْله بتصويب إِبْلِيس فِي تَفْضِيل النَّار على الارض,"It is also reported that to this sin of condemning the Com¬panions and ‘All among them, Bashshar added two other sins: one the belief that the dead would return to the world before the day of resurrection, as the partisans of the Return hold among the Rafidah, and the other, that Satan is right in preferring fire to earth."
وَاسْتَدَلُّوا على ذَلِك بقول بشار فِي شعر لَهُ الأَرْض مظْلمَة وَالنَّار مشرفة,As a proof of this they cave the views of Bashshar in one of his poems:
وَالنَّار معبودة مذ كَانَت النَّار,"""The earth is dark and fire is light,   "
,And fire has been worshipped since it existed.”
وَقد رد عَلَيْهِ صَفْوَان الْأنْصَارِيّ فِي قصيدته الَّتِي قَالَ فِيهَا … زعمت بِأَن النَّار اكرم عنصرا,To this Safwan al-Ansari replied in the following poem:
وفى الأَرْض تحيا فِي الْحِجَارَة والزند …,"""Thou didst think that fire was the finest thing as to its origin,"
,And upon the earth it is lighted by means of stone and fire-stick.
ويخلق فِي أرحامها وارومها,And wonderful things were formed in its innermost parts which can not be counted in line or in number.
أَعَاجِيب لَا تحصى بِخَط وَلَا عقد … وفى القعر من لج الْبحار مَنَافِع,And in the very depths of the seas there are useful things.
من اللُّؤْلُؤ الْمكنون والعنبر الْورْد … وَلَا بُد من أَرض لكل مطير,سقطمنالنسخة
وكل سبوح فِي العمائر ذِي خد … كَذَلِك وَمَا ينساخ فِي الارض مَاشِيا,
على بَطْنه يمشى المجانب للقصد … وفى فلك الاجبال فَوق مقطم,
زبرجد املاك الورى سَاعَة الحشد … وفى الْحرَّة معادن,
لَهُنَّ مغارات يتحبس بِالنَّقْدِ … من الذَّهَب الإبريز وَالْفِضَّة الَّتِي,
تروق وتغنى ذَا القناعة والزهد … وكل فلذ من نُحَاس وآنك,
وَمن زنبق حى ونوشادر سندى … وفيهَا روانيخ وشب ومرتب,
ومزمر قشا غير كاب وَلَا مكدى …,
,
وفيهَا ضروب القار والزفت والمها,
وأصناف كبريت مطاولة الوقد … وَمن أثمد جوز وكلس وَفِضة,
وَمن توتيا فِي معاربها هندى … وكل يَوَاقِيت الانام وحليها,
من الارض والاحجار فاخرة الْمجد … وفيهَا مقَام الْحل والركن والصفا,
ومستلم الْحجَّاج من جنه الْخلد … مفاخر للطين الذي كَانَ أصلنَا,
وَنحن بنوه غير شكّ وَلَا جحد … فَذَلِك تَدْبِير ونفع وَحِكْمَة,
وأوضح برهَان على الْوَاحِد الْفَرد … فيا بن حَلِيف الشؤم واللؤم والعمى,
وابعد خلق الله من طرق الرشد … اتهجو أَبَا بكر وتخلع بعده,
عليا وتعزو كل ذَاك إلى برد …,
كَأَنَّك غَضْبَان على الدّين كُله,
وطالب ذحل لَا يبيت على حقد …,
,
تواتب أقمارا وَأَنت مُشَوه,"You blame the moons, even though you are deformed, and nearest among the creations of Allah, to the genus ape."
وَأقرب خلق الله من نسب القرد …,
‌‌وَقد هجا حَمَّاد عجرد بشارا وَقَالَ فِي هجائه,Hammad ‘Ajrad satarized Bashshar and said:
… وَيَا أقبح من قرد,"""O, thou who art viler than an ape, even when the ape is blind."
إذا عمى القرد …,
وَقيل أن بشارا مَا جزع من شيء جزعة من هَذَا الْبَيْت وَقَالَ يراني فيصفني وَلَا أرَاهُ فأصفه,"It is reported, however, that Bashshar was untroubled by the satire in this verse, and merely replied:"
,"""Let him see me and describe me, "
,Only may I not see and describe him.”
قَالَ عبد القاهر أكفر هَؤُلَاءِ الكاملية من وَجْهَيْن أَحدهمَا من جِهَة تكفيرها جَمِيع الصَّحَابَة من غير تَخْصِيص وَالثَّانِي من جِهَة تفضيلها النَّار على الارض وَقد ذكرنَا بعض فضائح بشار بن برد وَقد فعل الله بِهِ مَا اسْتَحَقَّه وَذَلِكَ أَنه هجا المهدى فَأمر بِهِ حَتَّى غرق فِي دجلة ذَلِك لَهُ خزى فِي الدُّنْيَا وَلأهل ضلالته في الْآخِرَة عَذَاب أَلِيم,"Abd al-Kahir says: ""I declare these Kamillyah unorthodox for two reasons. First because they condemn all of the Companions without specification, and secondly because they preferred fire to earth. Some of the disgraceful heresies of Bashshar ibn-Burd we have mentioned; and we feel that Allah has done to him what he deserves, for he satirized the Mahdli, who therefore commanded him to be thrown into the Tigris, which is a disgrace to him in this world, and to his followers, a painful punishment in the next.”"
ذكر المحمدية,Concerning the Muhammadiyah.
وَهَؤُلَاء ينتظرون مُحَمَّد بن عبد الله بن الْحسن بن الْحُسَيْن بن علي بن أبي طَالب وَلَا يصدقون بقتْله وَلَا بِمَوْتِهِ ويزعمون أَنه فِي جبل حاجر من نَاحيَة نجد إلى أن يُؤمر بِالْخرُوجِ وَكَانَ الْمُغيرَة بن سعيد العجلى فِي صلَاته فِي التَّشْبِيه يَقُول لأَصْحَابه أن المهدى المنتظر مُحَمَّد بن عبد الله بن الْحسن ابْن الْحُسَيْن بن علي,"These expect Muhammad ibn-‘Abdallah ibn-al-Hasan ibn- al-Husain ibn-‘AH ibn-abi-Talib; nor do they believe that he was murdered, nor that he died; they claim that he is in Mt. Hajir, in the district of Najd, until he shall be commanded to return. In the error of his anthropomorphistic ideas al-Mughirah ibn-Sa‘id al-Tjli said to his companions: ""Verily the expected Mahdl is Muhammad ibn-‘Ab-dallah ibn-al-Hasan ibn-al-Husain ibn-‘Ali."""
ويستدل على ذَلِك بَان اسْمه مُحَمَّد كاسم رَسُول الله صلى الله عليه وسلم وَاسم ابيه عبد الله كاسم أَبى رَسُول الله صلى الله عليه وسلم وَقَالَ فِي الحَدِيث عَن النَّبِي عليه السلام قَوْله فِي المهدى أن اسْمه يُوَافق اسمى وَاسم ابيه اسْم ابى فَلَمَّا اظهر مُحَمَّد بن عبد الله بن الْحسن بن الْحُسَيْن بن على دَعوته بِالْمَدِينَةِ استولى على مَكَّة وَالْمَدينَة وَاسْتولى اخوه ابرهيم بن عبد الله على الْبَصْرَة وَاسْتولى أخوهما الثَّالِث وَهُوَ ادريس بن عبد الله على بعض بِلَاد الْمغرب,"As the proof of this he claimed that his name was the same as that of Muhammad the Prophet of Allah; and his father’s name was ‘Abdallah like the name of the father of the Prophet of Allah. And in a hadith dating from the time of the Prophet, he quotes these words about the Mahdi:  ""His name will correspond to my name, and his father’s name to the name of my father."" And when Muhammad ibn-‘Abdallah ibn- al-Hasan ibn-al-Husain ibn-‘AH began his preaching in al- Madinah, he made himself master of Mecca and al-Madinah, while his brother Ibrahim ibn-‘Abdallah made himself governor of al-Basrah and their third brother Idris ibn- ‘Abdallah took possession of several of the districts of the Maghrib."
وَكَانَ ذَلِك فِي زمَان الْخَلِيفَة أَبى جَعْفَر الْمَنْصُور فَبعث الْمَنْصُور إلى حَرْب مُحَمَّد بن عبد الله بن الْحسن بن الْحُسَيْن بِعِيسَى بن مُوسَى فِي جَيش كثيف وقاتلوا مُحَمَّدًا بِالْمَدِينَةِ وقتلوه فِي المعركة ثمَّ أنفذ بِعِيسَى بن مُوسَى أيضا إلى حَرْب ابراهيم بن عبد الله بن الْحسن بن الْحُسَيْن بن على مَعَ جنده فَقتلُوا ابراهيم بِبَاب حمرين على سِتَّة عشر فرسخا من الْكُوفَة وَمَات فِي تِلْكَ الْفِتْنَة إِدْرِيس بن عبد الله بن الْحسن بن الْحُسَيْن بأرض الْمغرب,"That was in the time of the caliph abu-Ja‘far al-Mansur, who sent Tsa ibn-Musa with a large army against Muhammad ibn-‘Abdallah ibn-al-Hasan ibn-al- Husain. They fought and killed Muhammad in a battle at al-Madlnah. He then sent ‘Isa ibn-Musa to make war on Ibrahim ibn-‘Abdallah ibn-al-Hasan ibn-al-Husain ibn-Ali. They killed Ibrahim at the gate of Himrin, sixteen parasangs from al-Kufah. It was in this sedition that Idris ibn-Abdallah ibn-al-Hasan ibn-al-Husain died in al-Maghrib."
وَقيل إِنَّه سم بهَا وَمَات عبد الله بن الْحسن بن الْحُسَيْن وَالِد اولئك الاخوة الثَّلَاث فِي سجن الْمَنْصُور وقبره بالقادسية وَهُوَ مشْهد مَعْرُوف يزار فَلَمَّا قتل مُحَمَّد بن عبد الله ابْن الْحسن بن الْحُسَيْن بِالْمَدِينَةِ اخْتلفت المغيرية فِيهِ فرْقَتَيْن فرقة أقرُّوا بقتْله وتبرءوا من الْمُغيرَة بن سعيد العجلى,"They say he was poisoned there. The father of these three brothers, ‘Abdallah ibn-al-Hasan ibn-al-Husain, died in the jail of al-Mansur. His tomb is in al-Kadisiyah and is well known and frequented by pilgrims. When Muhammad ibn-‘Abdallah ibn-al-Hasan ibn-al-Husain was killed in al- Madinah, the Mughiriyah divided into two sects, one of which acknowledged his death and denounced al-Mughirah ibn-Sa‘id al-Ijli."
وَقَالُوا إِنَّه كذب فِي قَوْله أن مُحَمَّد بن عبد الله بن الْحسن بن الْحُسَيْن هُوَ المهدى الذي ملك الارض لأنه قتل وَمَا ملك الأَرْض وَفرْقَة مِنْهُم ثبتَتْ على مُوالَاة الْمُغيرَة بن سعيد العجلى وَقَالَت إِنَّه صدق فِي قَوْله أن المهدى مُحَمَّد بن عبد الله وَإنَّهُ لم يقتل وَإِنَّمَا غَابَ عَن عُيُون النَّاس وَهُوَ فِي جبل حاجر من نَاحيَة نجد مُقيم هُنَاكَ إلى أن يُؤمر بِالْخرُوجِ,"This sect said: ""Indeed, he lied when he said that Muhammad ibn-‘Abdallah ibn-al-Hasan ibn-al-Husain was the Mahdi who should rule the earth, for he has been killed and does not rule the earth."" The other sect persisted in its adherence to al-Mughirah ibn-Sa‘id al-Ijli. saying: “Indeed, he is right in saying that the Mahdi is Muhammad ibn-‘Abdallah; verily he was not killed, but has merely disappeared from the sight of men, and is on Mt. Hajir in the region of Najd, remaining there until he is commanded to return."
فَيخرج وَيملك الارض وتعقد الْبيعَة بِمَكَّة بَين الرُّكْن وَالْمقَام ويحيا لَهُ من الاموات سَبْعَة عشر رجلا يعْطى كل وَاحِد مِنْهُم حرفا من حُرُوف الِاسْم الْأَعْظَم فيهزمون الجيوش وَزعم هَؤُلَاءِ أن الَّذِي قَتله جند عِيسَى بن مُوسَى بِالْمَدِينَةِ لم يكن مُحَمَّد بن عبد الله بن الْحسن,"He will return and rule the earth, and allegiance will be paid him in Mecca between the comer of the Ka‘bah and the Makam. At that time, seventeen men will be brought to life, each one of whom will be given one of the letters from the name of the most Holy, and they will put the armies to flight."" These claim that the one whom the army of ‘Isa ibn-Musa killed in al-Madinah was not Muhammad ibn-‘Abdallah ibn-al-Hasan."
فَهَذِهِ الطَّائِفَة يُقَال لَهُم المحمدية لانتظارهم مُحَمَّد بن عبد الله بن الْحسن وَكَانَ جَابر بن يزِيد الجعفى على هَذَا الْمَذْهَب وَكَانَ يَقُول برجعة الاموات إلى الدُّنْيَا قبل الْقِيَامَة,"This sect is called al-Muhammadiyah, because they look for the coming of Muhammad ibn-‘Abdallah ibn-al-Hasan. Jabir ibn-Yazid al-Ju‘afi belonged to this sect. He was wont to speak of the return of the dead to this world before the resurrection."
وفى ذَلِك قَالَ شَاعِر هَذِه الْفرْقَة فِي شعر لَهُ … إلى يَوْم يؤوب النَّاس فِيهِ,"On this subject, a poet of this sect has said in one of his poems:"
الى دنياهم قبل الْحساب …,"""Up to the day in which men return To their world before their day of reckoning.”"
وَقَالَ أَصْحَابنَا لهَذِهِ الطَّائِفَة أن أجزتم أن يكون الْمَقْتُول بِالْمَدِينَةِ غير مُحَمَّد بن عبد الله بن الْحسن واجزتم أن يكون الْمَقْتُول هُنَا شَيْطَانا تصور للنَّاس فِي صُورَة مُحَمَّد بن عبد الله بن الْحسن فأجيزوا بِأَن يكون المقتولون بكربلاء غير الْحُسَيْن وَأَصْحَابه وَإِنَّمَا كَانُوا شياطين تصوروا للنَّاس بصور الْحُسَيْن واصحابه وَانْتَظرُوا حُسَيْنًا كَمَا انتظرتم مُحَمَّد بن عبد الله بن الْحسن اَوْ انتظروا عليا كَمَا انتظرته السبابية,"Those who hold our views say to this sect: ""If you assert that he who was killed in al-Madinah was other than Muhammad ibn-‘Abdallah ibn-al-Hasan, and you assert that the one killed there was Satan transformed into man in the person of Muhammad ibn-‘Abdallah ibn-al-Hasan, then believe also that those killed at Karbila were other than al-Husain and his companions, that they were only devils having put on the form of men in the person of al- Husain and his companions; then look for al-Husain as ye look for Muhammad ibn-‘Abdallah ibn-al-Hasan, or then look for ‘All as the Sabbabiyah among you look for him."
مِنْكُم الَّذين زَعَمُوا أَنه فِي السَّحَاب والذي قَتله عبد الرَّحْمَن بن ملجم كَانَ شَيْطَانا تصور للنَّاس بِصُورَة على وَهَذَا مَالا انْفِصَال لَهُم عَنهُ وَالْحَمْد لله على ذَلِك,"They claim that he is among the clouds, and that the one whom ‘Abd-al-Rahman ibn-Muljim killed was Satan transformed into a man in the person of ‘Ali.""This shows there is no difference between them and him. May Allah be praised for this."
ذكر الباقرية,Concerning the Bakiriyah among them.
مِنْهُم هَؤُلَاءِ قوم ساقوا الْإِمَامَة من على ابْن ابى طَالب رضى الله عَنهُ فِي اولاده إلى مُحَمَّد بن على الْمَعْرُوف بالباقر وَقَالُوا أن عليا نَص على إمامة ابْنه الْحسن وَنَصّ الْحسن على إمامة اخيه الْحُسَيْن وَنَصّ الْحُسَيْن على إمامة ابْنه على بن الْحُسَيْن زين العابدين وَنَصّ زين العابدين على إمامة مُحَمَّد بن على الْمَعْرُوف بالباقر,"This people transfer the Imamate from ‘Ali ibn-abi- Talib, through his children to Muhammad ibn-‘Ali, the one who was known as al-Bakir. They say: “Verily, ‘Ali designated his son al-Hasan for the Imamate; al-Hasan designated his brother al-Husain; al-Husain designated his son ‘Ali ibn-al-Husain Zain-al-‘Abidin and Zain-al-‘Abidin called to the Imamate Muhammad ibn-‘AH known as al- Bakir: "
وَزَعَمُوا انه هُوَ المهدى المنتظر بِمَا روى أن النَّبِي عليه السلام قَالَ لجَابِر بن عبد الله الانصارى انك تَلقاهُ فاقرأه منى السَّلَام وَكَانَ جَابر آخر من مَاتَ بِالْمَدِينَةِ من الصَّحَابَة,"they claim that he is the expected Mahdi, concerning whom it is related that the prophet said to Jabir ibn- ‘Abdallah al-Ansari: ""Verily, thou wilt see him and greet him from me."" Jabir was the last of the Companions to die in al-Madinah."
وَكَانَ قد عمى فِي آخر عمره وَكَانَ يمشى فِي الْمَدِينَة وَيَقُول يَا باقر يَا باقر مَتى أَلْقَاك فَمر يَوْمًا فِي بعض سِكَك الْمَدِينَة,"It happened that he was blind at the end of his life, and was wont to go around in al- Madinah exclaiming, ""O Bakir, O Bakir, when shall I meet thee?"" On a certain day he passed through one of the streets of al-Madinah .... [page wanting in the original ms.]."
إن جعفرا نصب ابْنه إِسْمَاعِيل للْإِمَامَة بعده فَلَمَّا مَاتَ اسماعيل فِي حياة أَبِيه علمنَا أَنه إِنَّمَا نصب ابْنه اسماعيل للدلالة على إمامة ابْنه مُحَمَّد بن إِسْمَاعِيل وإلى هَذَا القَوْل مَالَتْ الإسماعيلية من الباطنية وسنذكرهم فِي فرق الغلاة بعد هَذَا,"Ja‘far designated his son Ismail to the Imamate after him; when Ismail died during the life of his father, we learned that he had designated his son merely to guide the people to choose as Imam his son Muhammad ibn-Ismail. It is to this view that the Isma‘lliyah of the Batiniyah inclined. We will mention them later among the sects of the Ghulat."
ذكر الموسوية مِنْهُم,Concerning the sect of the Musawlyah from among them.
هَؤُلَاءِ الَّذين ساقوا الْإِمَامَة إلى جَعْفَر ثمَّ زَعَمُوا أن الامام بعد جَعْفَر كَانَ ابْنه مُوسَى بن جَعْفَر وَزَعَمُوا أن مُوسَى بن جَعْفَر حَيّ لم يمت وانه هُوَ الْمهْدي المنتظر وَقَالُوا إِنَّه دخل دَار الرشيد وَلم يخرج مِنْهَا وَقد علمنَا إِمَامَته وشككنا في مَوته فَلَا نحكم فِي مَوته إِلَّا بِيَقِين,"These are the ones who transferred the Imamate to Ja‘far.   Then they claimed that the Imam after Ja‘far was his son Musa ibn-Ja‘far, and they claimed that Musa ibn-Jafar was alive, and not dead, and that he was the expected Mahdi. They said that he went into the house of al-Rashid and has not come forth from it; [adding] we are sure of his Imamate; but we have doubts of his death and we would not decide on it without proof."""
فَقيل لهَذِهِ الْفرْقَة الموسوية إذا شَكَكْتُمْ فِي حَيَاته وَمَوته فشكوا فِي امامته وَلَا تقطعوا القَوْل بانه بَاقٍ وانه هُوَ المهدى المنتظر هَذَا مَعَ علمكُم بِأَن مشْهد مُوسَى بن جَعْفَر مَعْرُوف فِي الْجَانِب الغربي من بَغْدَاد يزار,"And it was said to this sect which was called the Musawiyah: ""If you doubt his being alive and his death, then doubt his Imamate, and do not assert definitely that he is in existence and that he is the expected Mahdi; all the more so since you know that the burial-place of Musa ibn-Ja‘far is well known in the western part of Baghdad, and is visited."""
وَيُقَال لهَذِهِ الْفرْقَة موسوية لانتظارها مُوسَى بن جَعْفَر وَيُقَال لَهَا الممطورة أيضا لأن يُونُس بن عبد الرَّحْمَن القمي كَانَ من القطيعية وناظر بعض الموسوية فَقَالَ فِي بعض كَلَامه انتم أَهْون على عينى من الْكلاب الممطورة,"And this sect is called the Musawiyah because it looks for Musa ibn- Ja‘far; and it is also called the Mamturah because Yunus ibn-'Abd-al-Rahman al-Kummi was among the al-Kati'iyah, in a debate with a member of the sect he said the following-: ""You are of less account in my eyes than the Mamturah dogs [dogs rained upon].”"
ذكر المباركية,Concerning the Mubarakiyah.
هَؤُلَاءِ يُرِيدُونَ الْإِمَامَة فِي ولد مُحَمَّد بن إِسْمَاعِيل بن جَعْفَر كدعوى الباطنية فِيهِ وَقد ذكر أَصْحَاب الانساب فِي كتبهمْ أن مُحَمَّد بن إِسْمَاعِيل بن جَعْفَر مَاتَ وَلم يعقب,They desired the Imamate to go to the son of Muhammad ibn-Ismail ibn-Ja‘far as the Batiniyah claim; but the genealogists say in their books that Muhammad ibn-Ismail ibn-Ja‘far died and left no offspring.
ذكر القطيعية مِنْهُم,Concerning the branch called the al-Kati'iyah from among them.
هَؤُلَاءِ ساقوا الْإِمَامَة من جَعْفَر الصَّادِق إلى ابْنه مُوسَى وَقَطعُوا بِمَوْت مُوسَى وَزَعَمُوا أن الامام بعده سبط مُحَمَّد بن الْحسن الذي هُوَ سبط على بن مُوسَى الرِّضَا وَيُقَال لَهُم الاثنا عشرِيَّة أيضا لدعواهم أن الإمام المنتظر هُوَ الثاني عشر من نسبه إلى على بن أبي طَالب رضي الله عنه وَاخْتلفُوا فِي سنّ هَذَا الثاني عشر عِنْد موت ابْنه فَمنهمْ من قَالَ كَانَ ابْن أَربع سِنِين,"These transferred the Imamate from Ja'far al-Sadik to his son Musa, and believe in the death of Musa, and claim that the Imam who succeeded him was the grandson of Muhammad ibn-al-Hasan, who was a grandson of ‘Ali ibn- Musa al-Rida. They were also called Twelvers, because of their assertion that this expected Mahdi would be the twelfth in line from ‘Ali ibn-abi-Talib. And they differed over the age of this twelfth Imam at the death of his father."
وَمِنْهُم من قَالَ كَانَ ابْن ثماني سِنِين وَاخْتلفُوا فِي حكمه فِي ذَلِك الْوَقْت فَمنهمْ من زعم أَنه فِي ذَلِك الْوَقْت كَانَ إِمَامًا عَالما بِجَمِيعِ مَا يجب أن يعمله الإِمَام وَكَانَ مَفْرُوض الطَّاعَة على النَّاس وَمِنْهُم من قَالَ كَانَ فِي ذَلِك الْوَقْت إِمَامًا على معنى أن الامام لَا يكون غَيره وَكَانَت الاحكام يَوْمئِذٍ إلى الْعلمَاء من أهل مذْهبه إلى أَوَان بُلُوغه فَلَمَّا بلغ تحققت إِمَامَته وَوَجَبَت طَاعَته وَهُوَ الْآن الإِمَام الْوَاجِب طَاعَته وان كَانَ غَائِبا,"Some said that he was four years old, and some that he was eight years old. They also differed over his right to rule at that time; some claiming that even then he was really Imam, knowing all that an Imam should know, obedience to him being obligatory; while others claimed that although under age, he was theoretically Imam, for no other could be Imam, decisions meanwhile being in the hands of the learned men of the school until his coming of age, at which time this Imamate was definitely recognized and to whom obedience was due; and that he is now the Imam to whom obedience is due, although he is absent."
ذكر الهشامية مِنْهُم,Concerning those called the Hishamiyah among them.
هَؤُلَاءِ فرقتان فرقة تنْسب إلى هِشَام ابْن الحكم الرافض والفرقة الثَّانِيَة تنْسب إلى هِشَام بن سَالم الجواليقي وكلتا الفرقتان قد ضمت إلى خيرتها فِي الامامة وضلالتها فِي التجسيم وبدعتها في التَّشْبِيه,"Of these two sects, one owes its origin to Hisham ibn-al- Hakam al-Rafid and the other to Hisham ibn-Salim al- Jawaliki. To their true doctrines in regard to the Imamate these two sects added the error of predicating a body to Allah, as well as their heresy as regards anthropomorphisms."
ذكر قَول هِشَام بن الحكم,Concerning the views of Hisham ibn-al-Hakam:
زعم هِشَام بن الحكم أن معبوده جسم ذُو حد وَنِهَايَة وانه طَوِيل عريض عميق وَأَن طوله مثل عرضه مثل عمقه وَلم يثبت طولا غير الطَّوِيل وَلَا عرضا غير العريض وَقَالَ لَيْسَ ذَهَابه فِي جِهَة الطول أَزِيد على ذَهَابه فِي جِهَة الْعرض,"Hisham ibn-al-Hakam claimed that that which he worshipped was a body possessing dimensions, height, breadth and thickness, its height being equal to its breadth and to its depth, while its length and breadth are specified only as long and broad. He held, moreover, that its extension upward is no greater than its breadth."
وَزعم أيضا أَنه نور سَاطِع يتلألأ كالسبيكة الصافية من الْفضة وكاللؤلؤة المستديرة من جَمِيع جوانبها وَزعم أيضا 4 أَنه ذُو لون وَطعم ورائحة ومجسة وان لَونه هُوَ طعمه وطعمه هُوَ رَائِحَته ورائحته هُوَ مجسته وَلم يثبت لونا وطعما هما نَفسه بل زعم انه هُوَ اللَّوْن وَهُوَ الطّعْم ثمَّ قَالَ قد كَانَ الله وَلَا مَكَان ثمَّ خلق الْمَكَان بَان تحرّك فَحدث مَكَانَهُ بحركته فَصَارَ فِيهِ ومكانه هُوَ الْعَرْش,"In addition, he claimed that the object that he worshipped was a diffusing light, shining as a pure chain of silver, and as a pearl perfectly rounded. This object also possessed, according to him, color, taste, smell, touch. He also claims that its color is its taste, its taste its smell, its smell its touch. He does not say that color and taste are its essence, but he claims that the object itself is color and taste. He went on to say that Allah was, when space was not, and it was by his own motion that he created space, space thus appearing for the first time, and it is in this space that Allah is, and this space is his throne."
وَحكى بَعضهم عَن هِشَام أن قَالَ فِي معبوده أَنه سَبْعَة اشبار بشبر نَفسه كَأَنَّهُ قاسه على الانسان لِأَن كل انسان فِي الْغَالِب من الْعَادة سَبْعَة اشبار بشبر نَفسه,"Some report of Hisham that he described the object which he worshipped as seven spans [measured] by his own span, as if he had measured him according to human measurement, since in the majority of cases man is seven spans by his own span."
وَذكر ابو الْهُذيْل فِي بعض كتبه انه لقى هِشَام بن الحكم فِي مَكَّة عِنْد جبل أبي قبيس فَسَأَلَهُ أَيهمَا أكبر معبوده أم هَذَا الْجَبَل قَالَ فاشار إلى أن الْجَبَل يُوفى عَلَيْهِ تَعَالَى أن الْجَبَل أعظم مِنْهُ,"Abu-al-Hudhail in one of his books says that he met Hisham ibn-al-Hakam in Mecca near the mount of abu-Kubais and asked him which of the two was greater, the being he worshipped or this mountain. He answered, pointing to it: ""The mountain towers above him, the exalted, i. e. verily the mountain is greater than he."""
وَحكى ابْن الروندي فِي بعض كتبه عَن هِشَام انه قَالَ بَين الله وَبَين الأجسام المحسوسة تشابه من بعض الْوُجُوه لَوْلَا ذَلِك مَا دلّت عَلَيْهِ,"Ibn-al-Rawandi relates in one of his books about Hisham that he said: ""There is a likeness between Allah and bodies that can be felt in some way; if this were not so, they would not point to Him.”"
وَذكر الجاحظ فِي بعض كتبه عَن هِشَام انه قَالَ أن الله عز وجل انما يعلم مَا تَحت الثرى بالشعاع الْمُتَّصِل مِنْهُ والذاهب فِي عمق الأَرْض وَقَالُوا لَوْلَا مماسة شعاعه لما وَرَاء الأجسام السائرة لما رأى مَا وَرَاءَهَا وَلَا علمهَا وَذكر ابو عِيسَى الْوراق فِي كِتَابه أن بعض أَصْحَاب هِشَام أَجَابَهُ إلى أن الله عز وجل مماس لعرشه لَا يفصل عَن الْعَرْش وَلَا يفصل الْعَرْش عَنهُ,"Al-Jahiz, in one of his books, says about Hisham: that he said that Allah knows what is under the earth only by means of the rays that come from him and penetrate to the depths of the earth. And they said, unless his rays touched what was behind the moving bodies, he would not have seen what is behind it, nor would he have known about it. Abu-Isa al-Warrak said in his book that some of Hisham’s companions answered him that Allah touches his throne, but is not separate from it; nor is the throne separate from him."
وَقد روى أن هشاما مَعَ ضلالته فِي التَّوْحِيد ضل فِي صِفَات الله أيضا فأحال القَوْل بِأَن الله لم يزل عَالما بالاشياء وَزعم أَنه علم الاشياء بعد أن لم يكن عَالما بهَا بِعلم وان الْعلم صفة لَهُ لَيست هِيَ هُوَ وَلَا غَيره وَلَا بعضه,"It is also reported that Hisham, in addition to his error concerning the Tauhid [unity], erred concerning the attributes of Allah. He changed the opinion that Allah does not cease knowing things, claiming that he knows things after not having known them, through knowledge, and that knowledge is one of his attributes, not identical with him, nor is it anything other than he, nor is it a part of him."
قَالَ وَلَا يُقَال لعلمه انه قديم وَلَا مُحدث لأنه صفة وَزعم أن الصّفة لَا تُوصَف وَقَالَ أيضا فِي قدرَة الله وسَمعه وبصره وحياته وإرادته انها لَا قديمَة وَلَا محدثة لأن الصّفة لَا تُوصَف وَقَالَ فِيهَا انها هي هُوَ وَلَا غَيره,"He said, moreover, that his knowledge cannot be said to be eternal, nor created, for it is an attribute, and according to him an attribute cannot be predicated. About the power of Allah, and his hearing, and his seeing, and his life, and his will, he said, verily they are not eternal nor created, because an attribute cannot be predicated. And he said in regard to them that they are he and no other."
وَقَالَ أيضا لَو كَانَ لم يزل عَالما بالمعلومات لكَانَتْ المعلومات أزلية لأنه لَا يَصح عَالم الا بِمَعْلُوم مَوْجُود كَأَنَّهُ أحَال تعلق الْعلم بالمعدوم وَقَالَ أيضا لَو كَانَ عَالما بِمَا يَفْعَله عباده قبل وُقُوع الافعال مِنْهُم لم يَصح مِنْهُ الا اخْتِيَار الْعباد وتكليفهم,"He also said that Allah, had he never ceased knowing things that are knowable, the latter would be eternal, because one cannot be a knower without an object already existing to be known, as if Hisham had impugned the possibility of knowing the non-existent. Hisham said, moreover, that if Allah was the knower of that which his servants did for him before their deeds actually occurred, the free will of his servants would not be possible, nor could they impose duties upon themselves."
وَكَانَ هِشَام يَقُول فِي الْقُرْآن انه لَا خَالق وَلَا مَخْلُوق وَلَا يُقَال انه غير مَخْلُوق لأنه صفة وَالصّفة لَا تُوصَف عِنْده وَاخْتلفت الرِّوَايَة عَنهُ فِي أفعال الْعباد فروى عَنهُ انها مخلوقة لله عز وجل وروى عَنهُ انها معَان وَلَيْسَت بأَشْيَاء وَلَا أجسام لأن الشَّيْء عِنْده لَا يكون إِلَّا جسما,"In regard to the Koran, he was wont to say that it was neither creator nor created. It could, nevertheless, not be said that it was not created, because such a statement would be an attribute and, according to him, an attribute cannot be predicated. As to the deeds of Allah’s servants, the traditions about them, according to him, are divergent. One tradition says they were created of Allah, another that they are ideas, and neither things nor bodies, for according to Hisham a thing can only be a body."
وَكَانَ هِشَام يُجِيز على الانبياء الْعِصْيَان مَعَ قَوْله بعصمة الائمة من الذُّنُوب وَزعم أن نبيه صلى الله عليه وسلم عصى ربه عز وجل فِي أَخذ الفدا من أُسَارَى بدر غير أن الله عز وجل عفى عَنهُ وَتَأَول على ذَلِك قَول الله تَعَالَى {ليغفر لَك الله مَا تقدم من ذَنْبك وَمَا تَأَخّر},"Regarding the prophets, Hisham considered it lawful to say that they were disobedient, although the Imams he considered sinless. In connection with this he claimed that the prophet disobeyed his Lord in taking ransom from the prisoners of Badr, but Allah forgave him. Applied to this are the words of Allah: ""May Allah forgive thee that which thou hast done early by thy fault and that in which thou didst delay.’"
وَفرق فِي ذَلِك بَين النَّبِي وَالْإِمَام بَان النَّبِي إذا عصى اتاه الوحى بالتنبيه على خطاياه وَالْإِمَام لَا ينزل عَلَيْهِ الوحى فَيجب أن يكون مَعْصُوما عَن الْمعْصِيَة وَكَانَ هِشَام على مَذْهَب الإمامية فِي الامامة وأكفره سَائِر الامامية بإجازته الْمعْصِيَة على الانبياء وَكَانَ هِشَام يَقُول بنفي نِهَايَة أَجزَاء الْجِسْم وَعنهُ أَخذ النظام إبِْطَال الْجُزْء الذي لَا يتجزى,"Thus he distinguished between prophet and Imam, since to the Prophet when he disobeyed there came a revelation calling attention to his sins, while to the Imam no such revelation came; he must therefore be free from disobedience. As regards the Imamate, Hisham belonged to the school of the Imamiyah, although the rest of the Imamiyah condemned him because he thought the Prophet capable of disobedience. Furthermore, he denied that any of the parts of a body were limited, and it was from him that al-Nazzam took the doctrine that what could be no further divided was nonexistent."
وَحكى زرقان عَنهُ فِي مقَالَته أَنه قَالَ بمداخلة الأجسام بَعْضهَا فِي بعض كَمَا أجَاز النظام تدَاخل الجسمين اللطيفين فِي حيّز وَاحِد وَحكى عَنهُ زرقان انه قَالَ الانسان شَيْئَانِ بدن وروح وَالْبدن موَات وَالروح حساسة مدركة فاعلة وهى نور من الانوار,"Zurkan says of him in his treatise that he held that it was possible for one body to pass into another, just as al-Nazzam held that two thin bodies could be in the same place [at the same time]. Zurkan reports further that he said : ""Man consists of two things, a body and a soul. The body is dead, the soul, however, is sentient and intelligent, and acts on the outside world. It is a light like the bodies in the universe that give light."""
وَقَالَ هِشَام فِي سَبِيل الزلزلة أن الارض مركبة من طبائع مُخْتَلفَة يمسك بَعْضهَا بَعْضًا فإذا ضعفت طبيعة مِنْهَا غلبت الاخرى فَكَانَت الزلزلة فان ازدادت الطبيعة ضعفا كَانَ الْخَسْف وَحكى زرقان عَنهُ أَنه أجَاز المشي على المَاء لغير نبي مَعَ قَوْله بِأَنَّهُ لَا يجوز ظُهُور الإعلام المعجزة على غير نبي,"As regards earthquake, Hisham said: ""The earth is made up of different elements each closely attached to the other. Thus when one of these elements becomes weak the other becomes stronger, and an earthquake takes place; if the element further increases in weakness, there is an eclipse."" Zurkan also reported of him that he considered it possible for someone who was not a prophet to walk on water, although he did say that miracles could not be performed by one who was not a prophet."
ذكر هِشَام بن سَالم الجواليقي,Concerning Hisham ibn-Salim al-Jawaliki:
هَذَا الجواليقي مَعَ رفضه على مَذْهَب الإمامية مفرط فِي التجسيم والتشبيه لأنه زعم أن معبوده على صُورَة الانسان وَلكنه لَيْسَ بِلَحْم وَلَا دم بل هُوَ نور سَاطِع بَيَاضًا وَزعم انه ذُو حواس خمس كحواس الانسان وَله يَد وَرجل وَعين وَأذن وأنف وفم وانه يسمع بِغَيْر مَا يبصر بِهِ وَكَذَلِكَ سَائِر حواسه مُتَغَايِرَة وَأَن نصفه الْأَعْلَى مجوف وَنصفه الاسفل مصمت,"This Jawaliki while belonging in his heresies to the school of the Imamiyah went to the extreme as regards the doctrine of corporeality and anthropomorphism. He claimed that the object which he worshipped was in the image of man, but was not flesh and blood, being a diffused white light. He claimed also that he possesses five senses, like the senses of man, and has hands and feet and eyes and ears and nose and mouth, and he hears by a different means from that by which he sees, and the rest of the senses being different in the same way. He goes on to say that the upper half of this being is hollow and the lower is solid."
وَحكى ابو عِيسَى الْوراق أَنه زعم أن لمعبوده وفرة سَوْدَاء وانه نور اسود وَبَاقِيه نور أَبيض,"Abu-'Isa al-Warrak 1 reports that he claims that his object of worship had black hair, it being a black light, but the rest of the person is white light."
وَحكى شَيخنَا أَبُو الْحسن الأشعري فِي مقالاته هِشَام بن سَالم قَالَ فِي ارادة الله تَعَالَى بِمثل قَول هِشَام بن الحكم فِيهَا وهى أن ارادته حَرَكَة وهى معنى لَا هي الله وَلَا غَيره,"Our Sheikh abu’l-Hasan al-’Ash'ari reports in his treatise that Hisham ibn-Salim held the same views as Hisham ibn-al-Hakam as regards the will of Allah. They maintain that his will is an act, a mental image which is not Allah nor anyone besides him."
وان الله تَعَالَى إذا أَرَادَ شَيْئا تحرّك فَكَانَ مَا أَرَادَ قَالَ وَوَافَقَهُمَا أَبُو مَالك الحضرمي وعَلى بن ميثم وهما من شُيُوخ الروافض أن ارادة الله تَعَالَى حَرَكَة غير انهما قَالَا أن إِرَادَة الله تَعَالَى غير,"Thus if Allah wishes anything, he moves, and that which he wishes is. In this abu-Malik al-Hadrami agrees, as well as 'All ibn-Maitham, who were of the sheikhs of the Rafidiyah, i.e., that the will of Allah is a separate act: but they hold further that the will of Allah is outside of him."
وَحكى أيضا عَن الجواليقي أَنه قَالَ فِي أفعال الْعباد أَنَّهَا أجسام لأنه لَا شيء فِي الْعَالم إِلَّا الأجسام وَأَجَازَ أن يفعل الْعباد الأجسام وروى مثل هَذَا القَوْل عَن شَيْطَان الطاق أيضا,"It is also said of al-Jawaliki that he said that the acts of the servants of Allah are substances, for there is nothing in the world but substances. He thus granted that the servants of Allah could create substances. A similar view is reported of Shaitan al-Tak."
ذكر الزرارية مِنْهُم,Concerning the Zarariyah from among them.
هَؤُلَاءِ اتِّبَاع على زُرَارَة بن أعين وَكَانَ على مَذْهَب القحضية الْقَائِلين بامامة عبد الله بن جَعْفَر ثمَّ انْتقل إلى مَذْهَب الموسوية وبدعته المنسوبة اليه قَوْله بَان الله عز وجل لم يكن حَيا وَلَا قَادِرًا وَلَا سميعا وَلَا بَصيرًا وَلَا عَالما وَلَا مرِيدا حَتَّى خلق لنَفسِهِ حَيَاة وقدرة وعلما وَإِرَادَة وسمعا وبصرا,"These are the followers of 'AH Zararah ibn-A'yan, who belonged to the sect al-Kahdiyah, those who believed in the Imamate of 'Abdallah ibn-Ja'far. From this sect he went over to that of the Musawiyah. The heresy which is laid at his doer is that Allah did not live, nor have power, nor hear, nor see, nor know, nor wish, until he created for himself life, and power, and knowledge, and will, and hearing, and seeing."
فَصَارَ بعد أن خلق لنَفسِهِ هَذِه الصِّفَات حَيا قَادِرًا عَالما مرِيدا سميعا بَصيرًا وعَلى منوال هَذَا الضال نسجت الْقَدَرِيَّة البصرية بحدوث الله وحدوث كَلَامه وَعَلِيهِ نسجت الكرامية قَوْلهَا بحدوث قَول الله وإرادته وإدراكاته,"It was after he had created these attributes for himself that he became living, powerful, wise, wishing, hearing, and seeing. The Basrah Kadariyah inferred from this form of heresy the finiteness of Allah’s will and of Allah’s word. It was from this principle that the Karamiyah inferred their doctrine that the word of Allah and his will and his apperceptions were finite."
ذكر اليونسية مِنْهُم,Concerning the Yunusiyah from among them.
هَؤُلَاءِ اتِّبَاع يُونُس بن عبد الرَّحْمَن القمي وَكَانَ فِي الامامية على مَذْهَب القطيعية الَّذين قطعُوا بِمَوْت مُوسَى بن جَعْفَر وَهُوَ الَّذِي لقب الواقفة فِي موت مُوسَى بالكلاب الممطورة وأفرط يُونُس هَذَا فِي بَاب التَّشْبِيه,They are the followers of Yunus ibn-‘Abd-al-Rahman al-
,"Kummi. Although of the Imamiyah, he belonged to the school of the Katfiyah, who firmly maintained that Musa ibn-Ja‘far had died. And it was he who gave to those who would not commit themselves to a decision on the death of Musa the name of Mamturah dogs. Yunus, however, exceeded the limits of anthropomorphism."
فَزعم أن الله عز وجل يحملهُ حَملَة عَرْشه وَهُوَ أقوى مِنْهُم كَمَا أن الكرسي يحملهُ رِجْلَاهُ وَهُوَ أقوى من رجلَيْهِ وَاسْتدلَّ على أَنه مَحْمُول بقول وَيحمل عرش رَبك فَوْقهم يَوْمئِذٍ ثَمَانِيَة وَقَالَ اصحابنا الْآيَة دلَالَة على أن الْعَرْش هُوَ الْمَحْمُول دون الرب تَعَالَى,"He claimed that Allah is borne by the bearers of his throne, though he is stronger than they; just as the legs of the throne bear the throne, although the throne is stronger than they. As a proof of the fact that Allah is borne, he quoted: ""And on that day eight will bear the throne of your lord above them.'’ Whereas the people of our doctrine maintain that this verse proves that the throne is borne, and not the lord."
ذكر الشيطانية مِنْهُم,Concerning the Shaitaniyah from among them.
هَؤُلَاءِ أَتبَاع مُحَمَّد بن النُّعْمَان الرافضي الملقب بِشَيْطَان الطاق إلى ابْنه مُوسَى وَقطع بِمَوْت مُوسَى وانتظر بعض أسباطه وشارك هِشَام بن سَالم الجواليقي فِي دعواهما أن أفعال الْعباد أجسام وَأَن العَبْد يَصح أن يفعل الْجِسْم وشارك هِشَام بن الحكم وتكليفهم وَزعم أيضا أن الله تَعَالَى إِنَّمَا يعلم الاشياء إذا قدرهَا وَأَرَادَهَا وَلَا يكون قبل تَقْدِيره الاشياء عَالما بهَا,These are the followers of Muhammad ibn-al-Nuhnan al-
,"Rafidi, called Shaitan al-Tak 4 up to his son Musa. This sect maintains that Musa died, and they look for a successor for him and agree with Hisham ibn-Salim al-Jawaliki in the view that the deeds of the servants of Allah are substances; and that a servant of Allah can really produce a substance. They also agree with Hisham ibn-al-Hakam in the claim that Allah knows all things only after having determined them, and willed them, and that he does not know the things before determining them."
قَالَ عبد القاهر قد ذكرنَا فِي هَذَا الْفَصْل فرق الرَّفْض بَين الزيدية والكيسانية والامامية والكيسانية مِنْهُم الْيَوْم مغمورون فِي غمار أخلاط الزيدية والامامية وَبَين الزيدية والامامية مِنْهُم معاداة تورث تضليل بَعضهم بَعْضًا وَقَالَ بعض الشُّعَرَاء الإمامية يهجى الزيدية,"‘Abd al-Kahir says that we have mentioned the sects of the Rafidah among the Zaidiyah and the Kaisamyah and the Imamiyah. Today the Kaisaniyah are undistinguishable, having mingled with the Zaidiyah and the Imamiyah among the Zaidiyah. When quarrels arose among the Imamiyah, some causing the others to err, one of the Imamiyah poets satirized the Zaidiyah as follows:"
… يَا أَيهَا الزيدية الْمُهْملَة,"""O ye useless Zaidiyah, your Imam is an unfortunate one, and cast off."
إمامكم ذَا آفَة مرسله …,"O ye vultures of the air, go to Hell, ye have dived down and brought up stones against us.”"
يَا ضماث الْحق تَبًّا لكم,
غصتم فأخرجتم لنا جندله …,
‌‌فأجابه شَاعِر الزيدية … إمامنا منتصب قَائِم,A poet of the Zaidiyah answered him as follows:
لَا كالذي يطْلب بالعربلة … كل إِمَام لَا يرى جهرة,"""Our Imam is set up and stands upright, not like the one who has to be sought by sifting."
لَيْسَ يساوى عندنَا خردلة …,"Any Imam who is not seen publicly, he is not worth unto us a mustard seed.”"
قَالَ عبد القاهر قد أجبنا الْفَرِيقَيْنِ عَن شعرهما بقولنَا,‘Abd al-Kahir says we have answered these two sects as regards their verses as follows:
… يَا أَيهَا الرافضة المبطلة,"""O, ye worthless Rafidah, your claims are worthless throughout."
دعواكم من أَصْلهَا مبطلة … إمامكم أن غَابَ فِي ظلمَة,"Your Imam—if he is hidden in darkness, try to reach the hidden one by means of a light"
فاستدركوا الْغَائِب بالمشعله … أَو كَانَ مغمورا باغماركم,"Or if he is covered up by your rancors, then bring forth by means of a sieve the one who is covered up."
فَاسْتَخْرَجُوا المغمور بالغربلة … لَكِن إِمَام الْحق فِي قَوْلنَا,"But the true Imam, according to us, is revealed by the Sunnah or Koran verse."
من سنة أَو أَيَّة منزلَة … وَفِيهِمَا للمهتدى مقنع,And in them is a sufficiency for him who is rightly led. These two suffice us as a revelation.”
كفى بِهَذَيْنِ لنا منزله …,
الْفَصْل الثَّانِي من فُصُول هَذَا الْبَاب فِي بَيَان مقالات فرق الْخَوَارِج,CHAPTER II
,THE SECTS OF THE KHARIJIYAH
قد ذكرنَا قبل هَذَا أن الْخَوَارِج عشرُون فرقة وَهَذِه أسماؤها المحكمة الأولى الأزارقة والنجدات والصفرية ثمَّ العجاردة المفترقة فرقا مِنْهَا الخازمية والشعيبية والمعلومية والمجهولية وَأَصْحَاب طَاعَة لَا يُرَاد الله تَعَالَى بهَا والصلتية والاخنسية والشيبية والشيبانية والمعبدية والرشيدية والمكرمية والخمرية والشمراخية والابراهيمية والوافقة والاباضية,"As we have mentioned before, the Khawarij form twenty sects,1 and the following are their names: The First Muhakkimah, the Azarikah, the Najadat, the Sifriyah,  the ‘Ajaridah (who are themselves divided into sects, one of which is the Khazimiyah), the Shu‘aibiyah, the Ma'lumiyah, the Majhuliyah, the Ashab Ta‘ah (those who do pious deeds with no intention to please God), the Saltiyah, the Akhnasiyah, the Shaibiyah, the Shaibamyah, the Mu‘badiah, the Rashidiyah, the Makrumiyah, the Khamriyah, the Shamrakhiyah, the Ibrahimiyah, the Wakifah, and the Ibadiyah."
مِنْهُم افْتَرَقت فرقا معظمها فريقان حفصية وحادثية فَأَما اليزيدية من الأباضية والميمونية من العجاردة فانها فرقتنا من غلاة الْكَفَرَة الخارجين عَن فرق الإمامة وسنذكرهما فِي بَاب ذكر فرق الغلاة بعد هَذَا أن شَاءَ الله عز وجل,"The Ibadiyah are divided into various sects, the majority forming the two main sects of the Hafsiyah and the Hadithiyah. As regards the Yazidiyah  of the Ibadiyah and the Maimuniyah  of the ‘Ajaridah, these were two sects of the unorthodox Ghulat who are not included in the sects of the Moslem people. They will be mentioned in a later chapter in connection with the sects of the Ghulat, please God."
وَقد اخْتلفُوا فِيمَا يجمع الْخَوَارِج على افْتِرَاق مذاهبها فَذكر الكعبى فِي مقالاته أن الذي يجمع الْخَوَارِج على افْتِرَاق مذاهبها إكفار على وَعُثْمَان والحكمين وَأَصْحَاب الْجمل وكل من رضى بتحكيم الْحكمَيْنِ والإكفار بارتكاب الذُّنُوب وَوُجُوب الْخُرُوج على الإِمَام الجائر,"As to the main beliefs on which the Khawarij unite, in spite of the divisions of their various sects, scholars disagree. Al-Ka‘bi says that in spite of their division into sects the Khawarij agreed on the following views, namely: in condemning ‘All and ‘Uthman, the two judges (Arabic al-hakamain), and all the Followers of the Camel, and all who accepted the decision of the two judges; in declaring as apostates those who commit major sins; and in the necessity of rebelling against an oppressive Imam."
وَقَالَ شَيخنَا أَبُو الْحسن الذي يجمعها إكفار على وَعُثْمَان وَأَصْحَاب الْجمل والحكمين وَمن رضى بالتحكيم وَصوب الْحكمَيْنِ اَوْ أَحدهمَا وَوُجُوب الْخُرُوج على السُّلْطَان الجائر وَلم يرض مَا حَكَاهُ الكعبي من إِجْمَاعهم على تَكْفِير مرتكبي الذُّنُوب,"Our sheikh abu-l-Hasan, on the other hand, said that they agree in condemning ‘All and ‘Uthman, the Followers of the Camel, and the two judges, those who accepted their decision claiming the decision of one or both as right. He also claimed that they agreed over the necessity of rebelling against an oppressive ruler; but he does not hold al-Ka‘bi's view that they agreed in condemning those who commit major sins."
الصَّوَاب مَا حَكَاهُ شَيخنَا أَبُو الْحسن عَنْهُم وَقد أَخطَأ الكعبى فِي دَعْوَاهُ إِجْمَاع الْخَوَارِج على تَكْفِير مرتكبي الذُّنُوب مِنْهُم وَذَلِكَ أن النجدات من الخوراج لَا يكفرون أَصْحَاب الْحُدُود من موافقتهم,"The correct view is that given concerning them by our sheikh abu-l-Hasan; for al-Ka‘bi is wrong in his views that the Khawarij agreed in condemning those who committed major sins. The Najadat especially, among the Khawarij, do not declare as heretics those of their followers who have made themselves liable to punishments (Arabic, ashab al- hudiid)."
وَقد قَالَ قوم من الْخَوَارِج أن التَّكْفِير انما يكون بِالذنُوبِ الَّتِي لَيْسَ فِيهَا وَعِيد مَخْصُوص فأما الذي فِيهِ حد اَوْ عيد فِي الْقُرْآن فَلَا يُزَاد صَاحبه على الِاسْم الذي ورد فِيهِ مثل تَسْمِيَته زَانيا وسارقا وَنَحْو ذَلِك,"Some of the Khawarij hold that a man can be declared unorthodox only when committing sins in regard 56 to which there is no express threat (in the Koran) ; while as regards the sin for which there is either punishment or threat given in the Koran, the person committing such a sin cannot be designated only by an appellation mentioned in the Koran, such as adulterer, thief, and the like."
وَقد قَالَت النجدات أن صَاحب الْكَبِيرَة من موافقتهم كَافِر نعْمَة وَلَيْسَ فِيهِ كفر دين وفى هَذَا بَيَان خطإ الكعبي فِي حكايته عَن جَمِيع الْخَوَارِج تَكْفِير أَصْحَاب الذُّنُوب كلهم مِنْهُم وَمن غَيرهم,"The Najadat, on the contrary, hold that the one of their number who commits a major sin is excluded from Allah’s grace, but is not necessarily a heretic in faith. This shows al-Ka‘bi’s error in saying that all of the Khawarij agree in declaring the authors of major sins heretics, whether they belong to the Kharijite body or another."
وَإِنَّمَا الصَّوَاب فِيمَا يجمع الْخَوَارِج كلهَا مَا حَكَاهُ شَيخنَا الْحسن رحمه الله من تكفيرهم عليا وَعُثْمَان وَأَصْحَاب الْجمل والحكمين وَمن صوبهما اَوْ صوب احدهما أَو رضى بالتحكيم وَنَذْكُر الْآن تَفْصِيل كل فرقة مِنْهُم أن شَاءَ الله عز وجل,"The only correct view in regard to the beliefs held in common by all the Khawarij is that which our sheikh abu-l-Hasan claims, namely: the condemning of ‘All and ‘Uthman, the Followers of the Camel, the two judges, and all those who justified the decision of the two judges, or the decision of one of them, or accepted their arbitration. We will now take up all these divisions in detail, please God."
ذكر المحكمة الأولى مِنْهُم,Concerning the first Muhakkimah:
يُقَال للخوارج محكمَة وشراة وَاخْتلفُوا فِي اول من تشرى مِنْهُم فَقيل عُرْوَة بن حدير أَخُو مرادس الخارجى وَقيل اولهم يزِيد بن عَاصِم المحاذى وَقيل رجل من ربيعَة من بنى يشْكر كَانَ مَعَ علي بصفين فَلَمَّا رأى اتِّفَاق الْفَرِيقَيْنِ على الْحكمَيْنِ اسْتَوَى على فرسه وَحمل على أَصْحَاب مُعَاوِيَة وَقتل مِنْهُم رجلا وَحمل على أَصْحَاب علي وَقتل مِنْهُم رجلا,"The Khawarij were either Muhakkimah or Shurah.1 Scholars differ in regard to the first person who became a Shurah. Some say it was ‘Urwah ibn-Hudair,2 the brother of Maradis al-Khariji; and others that the first to secede was Yazid ibn-‘Asim al-Muhadhi; while others hold that a man of the Rabi‘ah of the Banu Yashkur who was with ‘All at Siffln, when he saw that the two parties had agreed upon the two judges mounted his horse and attacked the followers of Mu‘awiyah, killing one of their men, following this with an attack on the followers of ‘Ali, killing one of their men."
ثمَّ نَادَى بِأَعْلَى صَوته أَلا إني قد خلعت عليا وَمُعَاوِيَة وبرئت من حكمهمَا ثمَّ قَاتل أَصْحَاب على حَتَّى قَتله قوم من همذان ثمَّ أن الْخَوَارِج بعد رُجُوع على من صفّين إلى الْكُوفَة انحازوا إلى حرورا وهم يَوْمئِذٍ اثْنَا عشر الْفَا وَلذَلِك سميت الْخَوَارِج حرورية وزعيمهم يَوْمئِذٍ عبد الله بن كوا وشبت بن ربعى,"He then cried at the top of his voice: ""Verily have I given up allegiance to ‘All and Mu‘awiyah, and am therefore not bound by their decision."" It was while fighting the followers of ‘All that he was killed by some men from Hamadhan. As for the Khawarij, who then numbered twelve thousand, after the return of ‘All from Siffin to al-Kufah, they broke up camp and went to Harura. This is why the Khawarij are called Haruriyah. Their leaders at the time were ‘Abdallah ibn-Kauwa and Shibt ibn-Rab‘i."
وَخرج اليهم على وناظرهم ووضحت حجَّته عَلَيْهِم فاستأمن اليه ابْن الكوا مَعَ عشرَة من الفرسان وانحاز الْبَاقُونَ مِنْهُم إلى النهروان وَأمرُوا على أنفسهم رجلَيْنِ أَحدهمَا عبد الله بن وهب الراسبى وَالْآخر حرقوص بن زُهَيْر البَجلِيّ العرني الْمَعْرُوف بذى الثدية,"‘Ali came against them and plead with them, and his arguments prevailed so that ibn-al-Kauwa put himself under ‘All’s protection with ten horsemen while the rest of them went to al-Nahrawan, and made two men commanders over them: ‘Abdallah ibn- Wahab al-Rasibi, and Hurkus ibn-Zuhair al-Bajall al- ‘Uranl known as dhu-l-Thudaiah."
والتقوا فِي طريقهم إلى نهروان بِرَجُل رَأَوْهُ يهرب مِنْهُم فأحاطوا بِهِ وَقَالُوا لَهُ من أَنْت قَالَ انا عبد الله بن حباب بن الْأَرَت فَقَالُوا لَهُ حَدثنَا حَدِيثا سمعته عَن أَبِيك عَن رَسُول الله صلى الله عليه وسلم فَقَالَ سَمِعت أبي يَقُول قَالَ رَسُول الله صلى الله عليه وسلم سَتَكُون فتْنَة الْقَاعِد فِيهَا خير من الْقَائِم والقائم خير من الماشى والماشى خير من الساعى فَمن اسْتَطَاعَ أن يكون فِيهَا مقتولا فَلَا يكونن قَاتلا,"On their way through Nahrawan they discovered a man who was fleeing from them and having surrounded him, they said, ""Who art thou?"" He answered, “I am ‘Abdallah ibn-Hubab ibn-al- ’Aratt."" ""Tell us,"" said they, ""a tradition which thou didst hear from thy father and which he heard from the prophet of Allah."" He said, ""I have heard my father say that the prophet of Allah said, ‘There will be a civil war during which he who sits will be better than he who stands, and he who stands than he who walks, and he who walks better than he who runs, and whoever is able to be killed, let him not be a slayer.’"
فَشد عَلَيْهِ رجل من الْخَوَارِج يُقَال لَهُ مسمع بن قدلي بِسَيْفِهِ فَقتله فَجرى دَمه فَوق مَاء النَّهر كالشراك إلى الْجَانِب الآخر ثمَّ إِنَّهُم دخلُوا منزله وَكَانَ فِي الْقرْيَة الَّتِي قَتَلُوهُ على بَابهَا فَقتلُوا وَلَده وجاريته أم وَلَده ثمَّ عسكروا بنهروان,"""Then a man of the Khawarij, called Masma‘ ibn-Kadall, fell upon him with his sword and killed him, and his blood flowed in a streak over the water of the river to the other side. They then entered his house which was in the village, before the gate of which they had killed him, and put his child to death, as well as his slave (concubine), the mother of his child. They then encamped in Nahrawan."
وانْتهى خبرهم إلى على رضي الله عنه فَسَار اليهم فِي أَرْبَعَة ألف من أَصْحَابه وَبَين يَدَيْهِ عدى بن حَاتِم الطائى وَهُوَ يَقُول,"When news of them reached ‘All he started against them with forty thousand of his followers, accompanied by 'Adi ibn-Hatim al-Ta’i, who said:"
… نسير إذا مَا كاع قوم وبلدوا,"“When people fall back and slink away, we come with banners of truth fluttering like eagles,"
برايات صدق كالنسور الخوافق … إلى شَرّ قوم من شراة تحزبوا,"Against the worst of Schismatics, who have gathered together to make war on the God of men, the Lord of the East,"
وعادوا إِلَه النَّاس رب الْمَشَارِق … طغاة عماة مارقين عَن الْهدى,"Against the erring and the blind and the forsakers of true guidance, all of whom reject his word, and are unrighteous."
وكل ينفى قَوْله غير صَادِق … وَفينَا على ذُو المعالى يقودنا,"And among us is ‘All, of excellent virtue, who leads us against them openly with shining swords.”"
اليهم جهارا بِالسُّيُوفِ البوارق …,
فَلَمَّا قرب على مِنْهُم أرسل اليهم على أن سلمُوا قَاتل عبد الله ابْن حباب فأرسلوا اليه إِنَّا كلنا قَتله وَلَئِن ظفرنا بك قتلناك فَأَتَاهُم على فِي جَيْشه وبرزوا اليه يجمعهُمْ,"On arriving, 'All sent word to them saying, ""Hand over the slayer of 'Abdallah ibn-Hubbab."" The answer came back, ""Lo, all of us killed him, and verily if we had won the victory over thee, we should have killed thee’ Whereupon 'All attacked them with his army, and they appeared before him en masse."
فَقَالَ لَهُم قبل الْقِتَال مَإذا نقمتم منى فَقَالُوا لَهُ اول مَا نقمنا مِنْك أَنا قاتلنا بَين يَديك يَوْم الْجمل فَلَمَّا انهزم أَصْحَاب الْجمل أبحت لنا مَا وجدنَا فِي عَسْكَرهمْ من المَال ومنعتنا من سبى نِسَائِهِم وذراريهم,"But before fighting he said to them, ""What makes you seek revenge from me?"" They answered, ""We seek revenge from thee, first of all, because we fought for thee in the Battle of the Camel, and when the Followers of the Camel were put to flight thou didst permit us [to keep] what we had Avon [in the way] of booty from their soldiers, but thou didst forbid our taking possession of their women and their children."
فَكيف استحللت مَالهم دون النِّسَاء والذرية فَقَالَ إِنَّمَا أبحت لكم أَمْوَالهم بَدَلا عَمَّا كَانُوا أَغَارُوا عَلَيْهِ من بَيت مَال الْبَصْرَة قبل قدومى عَلَيْهِم وَالنِّسَاء والذرية لم يقاتلونا وَكَانَ لَهُم حكم الإسلام بِحكم دَار الإسلام وَلم يكن مِنْهُم ردة عَن الإسلام وَلَا يجوز استرقاق من لم يكفر,"Why didst thou permit us their goods and exclude their women and children?""'All answered: ""I allowed their possessions to be seized only in exchange for what they had robbed from the treasury in al-Basrah before I came to them. But as to the women and the children, they were not fighting us. And therefore the regulations of Islam, made within the territory of Islam, Dar al-Islam, should be applied to them. None of them had apostatized from Islam, and it is not permitted to make slaves of those who are not unbelievers."
وَبعد لَو أبحت لكم النِّسَاء أَيّكُم يَأْخُذ عَائِشَة في سَهْمه فَخَجِلَ الْقَوْم من هَذَا ثمَّ قَالُوا لَهُ نقمنا عَلَيْك محو إمرة أَمِير الْمُؤمنِينَ على اسْمك فِي الْكتاب بَيْنك وَبَين مُعَاوِيَة لما نازعك مُعَاوِيَة فِي ذَلِك,"Moreover, if I had allowed you to take the women, which one of you would have taken ‘A’ishah as his share?"" The people being shamefully silenced by this, said to him, ""Secondly, we seek revenge from thee for not using the Commander of the Faithful in connection with thy name, in the correspondence between thee and Mu‘awiyah, when the latter disputed with thee in regard to such power.'"
فَقَالَ فعلت مثل مَا فعل رَسُول الله صلى الله عليه وسلم يَوْم الْحُدَيْبِيَة حِين قَالَ لَهُ سُهَيْل بن عَمْرو لَو علمت انك رَسُول الله لما نازعتك وَلَكِن اكْتُبْ بِاسْمِك وَاسم ابيك فَكتب هَذَا مَا صَالح عَلَيْهِ مُحَمَّد بن عبد الله وَسُهيْل بن عَمْرو,"He answered, ""I followed the example of the prophet of Allah oil the day of al-Hudaibiyah, when Suhail ibn-Amr said to him, ‘ Had I known that thou art the prophet of Allah, I would not have disputed with thee, but write down thy name and the name of thy father!’ Accordingly the Prophet wrote, ‘It is this upon which we, Muhammad ibn-Abdallah and Suhail ibn-Amr, have agreed.’"
وأخبرني رَسُول الله صلى الله عليه وسلم أن لى مِنْهُم يَوْمًا مثل ذَلِك فَكَانَت قصتي فِي هَذَا مَعَ الْأَبْنَاء قصَّة رَسُول الله صلى الله عليه وسلم مَعَ الْآبَاء فَقَالُوا لَهُ فَلم قلت لِلْحكمَيْنِ أن كنت أهلا للخلافة فأثبتاني فَإِن كنت فِي شكّ من خلافتك فغيرك بِالشَّكِّ فِيك اولى,"The prophet of Allah told me that the same would happen to me, in connection with them; so my experience with the sons is the same as that of the prophet of Allah with the fathers."" They then went on to say to ‘Ali, ""Why didst thou say to the two judges, ‘If I am worthy of the caliphate, then confirm me in it?’ for if thou showest doubt concerning thy caliphate, then others (than thou) will have even more right to be in doubt concerning thee."""
فَقَالَ إِنَّمَا أردْت بذلك النصفة لمعاوية وَلَو قلت لِلْحكمَيْنِ احكما لى بالخلافة لم يرض بذلك مُعَاوِيَة وَقد دَعَا رَسُول الله عليه السلام نَصَارَى نَجْرَان إلى المبأهلة وَقَالَ لَهُم تَعَالَوْا نَدع ابناءنا وأبناءكم وَنِسَاءَنَا ونساءكم وأنفسنا وأنفسكم ثمَّ نبتهل فَنَجْعَل لعنة الله على الْكَاذِبين,"To this ‘All replied: ""On that occasion I desired only justice to Mu‘awiyah, for if I had said to the two judges, ‘Choose me for caliph,’ Mu‘awiyah would not have been satisfied. Verily the prophet of Allah challenged the Christians of Najran to invoke the curse of God on the lying faction, saying, ""Come, let us summon our sons and your sons, our wives and your wives, and ourselves and yourselves. Then we will invoke and lay the malison of Allah on those who lie/ (Surah 3, v. 54.)"
فانصفهم بذلك عَن نَفسه وَلَو قَالَ ابتهل فَاجْعَلْ لعنة الله عَلَيْكُم لم يرض النَّصَارَى بذلك لذَلِك أنصفت انا مُعَاوِيَة من نفسى وَلم أدر غدر عَمْرو بن الْعَاصِ قَالُوا فَلم حكمت الْحكمَيْنِ فِي حق كَانَ لَك فَقَالَ وجدت رَسُول الله صلى الله عليه وسلم قد حكم سعد بن معَاذ في بنى قُرَيْظَة وَلَو شَاءَ لم يفعل,"In doing this he showed justice to them even at his own expense, for if he had said, ‘I curse and ask the curse of Allah upon you/ the Christians would not have been satisfied. It is for this reason that I, in turn, was just with Mu‘awiyah. Nor do I understand the treachery of ‘Amr ibn-al-‘Asi."" They then said, ""Why didst thou entrust the arbitration to the two judges when the right was on thy side?"" And he said, ""I found that the Prophet of Allah had once entrusted to Sa‘d ibn-Mu‘adh the arbitration of the case of the banu-Kuraizah, although had he wished he need not have done it."
وأقمت أَنا أيضا حكما لَكِن حكم رَسُول الله عَلَيْهِ السَّلَام حكم بِالْعَدْلِ وحكمي خدع حَتَّى كَانَ من الامر مَا كَانَ فَهَل عنْدكُمْ شَيْء سوى هَذَا فَسكت الْقَوْم وَقَالَ اكثرهم صدق وَالله وَقَالُوا التَّوْبَة وَاسْتَأْمَنَ اليه مِنْهُم يَوْمئِذٍ ثَمَانِيَة الف وَانْفَرَدَ مِنْهُم أَرْبَعَة الآف بقتاله مَعَ عبد الله بن وهب الراسبي وحرقوص بن زُهَيْر البجلي,"In like manner I chose a judge, but the judge of the Prophet judged justly, whereas my judge was cheated— which led to evil results. Have you any complaints beside this?"" The people were silent. Most of them said, “By Allah, he speaketh the truth."" And they said, ""We repent."" So on that day eight thousand put themselves under his control while four thousand withdrew to take part in the fight against him headed by ‘Abdallah ibn-Wahb al-Rasibi and Hurkus ibn-Zuhair al-Bajali."
وَقَالَ على للَّذين استأمنوا اليه اعتزلوني فِي هَذَا الْيَوْم وَقَاتل الْخَوَارِج بالذين قدمُوا مَعَه من الْكُوفَة وَقَالَ لأصحاب قاتلوهم فوالذي نفسى بِيَدِهِ لَا يقتل منا عشرَة وَلَا ينجو عشرَة مِنْهُم,"Then ‘Ali said to those who had put themselves under his control, ""Withdraw from me for this one day."" And he fought the Khawarij with those who had come with him from al- Kufah. He commanded his followers to fight them, saying, ""By him in whose hand is my soul not ten of us will be killed, and not ten of them will escape."""
فَقتل من أَصْحَاب على يَوْمئِذٍ تِسْعَة وهم دويبية بن وبرة البجلي وَسعد بن مجَالد السيبعى وَعبد الله بن حَمَّاد الجهيرى ورقانة بن وَائِل الارجي والفياض بن خَلِيل الازدى وكبسوم بن سَلمَة الْجُهَنِىّ وَعتبَة بن عبيد الخلاوني وَجَمِيع بن جشم الكندى وحبِيب بن عَاصِم الأودى قتل هَؤُلَاءِ التِّسْعَة تَحت راية على رضى الله عَنهُ فَحسب,"As a matter of fact, nine of the followers of ‘Ali were killed on that day. These were Duwaibiyah ibn-Wabrah al-Bajali, Sa‘d ibn- Mujalid al-Saiba‘i, ‘Abdallah ibn-Hammad al-Juhairi, Rukanah ibn-Wa’il al-Arjl, al-Faiyad ibn-Khaili al-Azdi, Kaisum ibn-Salamah al-Juhani, ‘Utbah ibn-‘Ubaid al- Khaulani, Jami‘ ibn-Jusham al-Kindi, and Habib ibn-‘Asem al-’Audi. These nine were killed under the flag of ‘Ali—and no more."
وبرز حرقوص بن زُهَيْر إلى على وَقَالَ يَا بن أَبى طَالب وَالله لَا نُرِيد بقتالك إِلَّا وَجه الله وَالدَّار الْآخِرَة وَقَالَ لَهُ على بل مثلكُمْ كَمَا قَالَ الله عز وجل {هَل ننبئكم بالأخسرين أعمالا الَّذين ضل سَعْيهمْ فِي الْحَيَاة الدُّنْيَا وهم يحسبون أَنهم يحسنون صنعا},"In the course of the conflict, Hurkus ibn-Zuhair presented himself before ‘All and said, “O son of abu-Talib, by Allah, we do not wish to fight with thee except for the sake of Allah and the other world.’’ And ‘All said to him, ""Verily to you applies the word of Allah, ‘ Shall we tell you who they are that have lost their labor most; whose aim in the present life hath been mistaken, and who deem that what they do is right?’ (Surah 18, v. 103-104.)"
مِنْهُم أَنْتُم وَرب الْكَعْبَة ثمَّ حمل عَلَيْهِم فِي أَصْحَابه وَقتل عبد الله بن وهب فِي المبارزة وصرع ذُو الثدية عَن فرسه وَقتلت الْخَوَارِج يَوْمئِذٍ فَلم يفلت مِنْهُم غير تِسْعَة أنفس صَار مِنْهُم رجلَانِ إلى سجستان وَمن اتباعهما خوارج سجستان ورجلان صَارا إلى الْيمن,"By the Lord of the Ka‘bah, you are among those referred to in the text."" ‘Ali then attacked them with his followers, and ‘Abdallah ibn-Wahb was killed in a duel, and Dhu-l-Thudyah was thrown from his horse. Most of the Khawarij were killed that day, only nine of them escaping. Two of these went to Sijistan where the present Khawarij are their followers. And two went to al-Yaman."
وَمن أتباعهما أباضية الْيمن ورجلان صَارا إلى عمان وَمن اتباعهما خوارج عمان ورجلان صَارا إلى نَاحيَة الجزيرة وَمن اتباعهما كَانَ خوارج الجزيرة وَرجل مِنْهُم صَار إلى تل مورون,"The Ibadiyah of al-Yaman are their followers. Two went to ‘Uman and founded the sect of Khawarij there. Two went to the region of al-jazirah (Mesopotamia), and the Khawarij of al-jazirah are their followers. And one went to Tell Mauzan."
وَقَالَ علي لأصحابه يَوْمئِذٍ اطْلُبُوا ذَا الثدية فوجدوه تَحت دالية وَرَأَوا تَحت يَده عِنْد الابط مثل ثدى المرأة فَقَالَ صدق الله وَرَسُوله وَأمر فَقتل فَهَذِهِ قصَّة المحكمة الأولى وَكَانَ دينهم كفار على وَعُثْمَان وَأَصْحَاب الْجمل وَمُعَاوِيَة واصحابه والحكمين وَمن رضى بالتحكيم وإكفار كل ذي ذَنْب ومعصية,"On that day ‘All said to his followers, ""Seek Dhu-l-Thudyah.""They found him under a vine- tree, and they saw under his arm, near the armpit, something like the breast of a woman. Whereupon ‘All said, “The word of Allah and his Prophet have come true;"" and in accordance with ‘Air’s desire he was put to death. This is the story of the First Muhakkimah. Then the First Muhakkimah declared as unorthodox ‘All and ‘Uthman, the Followers of the Camel, Mu‘awiyah and his followers, the two judges, and whoever agrees with their decision; as well as all sinful and disobedient men."
ثمَّ خرج على علي بعد ذَلِك من الخوراج جمَاعَة كَانُوا على رَأْي المحكمة الأولى مِنْهُم أَشْرَس بن عَوْف وَخرج عَلَيْهِ بالأنبار وغلفة التيمي من تيم عدى خرج عَلَيْهِ بماسيذان والاشهب بن بشر العرنى خرج عَلَيْهِ بَحر جرايا وَسعد بن قفل خرج عَلَيْهِ بِالْمَدَائِنِ وابو مَرْيَم السعدى خرج عَلَيْهِ فِي سَواد الْكُوفَة فَاخْرُج على إلى كل وَاحِد مِنْهُم جَيْشًا مَعَ قَائِد حَتَّى قتلوا أُولَئِكَ الْخَوَارِج ثمَّ قتل على رضي الله عنه فِي تِلْكَ السّنة 4 فِي شهر رَمَضَان سنة ثماني وَثَلَاثِينَ من الْهِجْرَة,"Shortly after this, there rebelled against ‘Ali certain Khawarij who were of the same view as the First Muhakkimah. Among them was 'Ashras ibn-‘Auf, who arose against him in al-Anbar, Ghalafah al-Taimi, of Taim ‘Adi, arose against him in Masidhan; al-Ashhab ibn-Bishr al- ‘Urani, in Harjaraya; Sa‘d ibn-Kufl in al-Mada’in, and abu-Maryam al-Sa‘di in Sawad al-Kufah. ‘Ali sent an army with a leader against each one of these Khawarij until all were killed. It was in that same year, in the month of Ramadan, in the thirty-eighth year of the Hijra, that ‘Ali was killed."
فَلَمَّا اسْتَوَت الْولَايَة لمعاوية خرج عَلَيْهِ وعَلى من بعده إلى زمَان الأزارقة قوم كَانُوا على رأى المحكمة الأولى مِنْهُم عبد الله بن جوشا الطائي خرج على مُعَاوِيَة بالنخيلة من سَواد الْكُوفَة فَأخْرج مُعَاوِيَة اليه أهل الْكُوفَة حَتَّى قتلوا اولئك الخوراج ثمَّ خرج عَلَيْهِ حوثرة بن وداع الأسدي وَكَانَ من المستأمنين إلى على يَوْم النهروان فِي سنة احدى وَأَرْبَعين,"When the rule passed over to Mu‘awiyah, there rebelled 62 against him and his followers down to the time of the Azarikah, all who held the same views as the First Muhakkimah. Among these was ‘Abdallah ibn-Jausha al-Ta’i, who arose against Mu‘awiyah in al-Nukhailah, in Sawad al-Kufah. Mu‘awiyah sent men from al-Kufah against him, and killed these Khawarij. Next there arose against him [Mu‘awiyah] Hautharah ibn-Wada‘ al-’Asadi. He was among those who sought the protection of ‘All at the battle of al-Nahrawan, in the forty-first year."
ثمَّ خرج قروة بن نَوْفَل الأشجعي الْمُسْتَوْرد بن عَلْقَمَة التميمي على الْمُغيرَة بن شُعْبَة وَهُوَ يَوْمئِذٍ امير الْكُوفَة من قبل مُعَاوِيَة فقتلا فِي حربه ثمَّ خرج معَاذ بن جرير على الْمُغيرَة فَقتل فِي حربه ثمَّ خرج زِيَاد بن خرَاش العجلى على زِيَاد بن أَبِيه فَقتل فِي حربه وَخرج قريب بن مرّة على عبيد الله بن زِيَاد وَخرج عَلَيْهِ أيضا زحاف بن رحر الطائى واستعرضا النَّاس فِي الطَّرِيق بِالسَّيْفِ,"Then Farwah ibn-Naufal al-Ashja‘ and al-Mustaurid ibn-‘Alkamah al-Tamimi rose against al-Mughirah ibn-Shu‘bah, who was then the governor of al-Kufah under Mu‘awiyah. Both of these were killed in fighting him. Mu‘adh ibn-Jarir next rose against al-Mughirah and was killed in the battle. Then Ziyad ibn-Kharrash al-Ajli arose against Ziyad ibn-Abihi, and was killed during the fight. Kuraib ibn-Murrah with Zahaf ibn-Rahar al-Ta’i arose against ‘Ubaid-Allah ibn- Ziyad. These two put to the sword everyone they met on their way, without distinction."
فَأخْرج بن زِيَاد اليهما بعباد بن الْحصين الحيطي فِي جَيش فَقتلُوا اولئك الْخَوَارِج فَهَؤُلَاءِ هم الْخَوَارِج الَّذين عاونوا على المحكمة الأولى قبل فتْنَة الأزارقة وَالله اعْلَم,"Ibn-Ziyad sent Ubad ibn- al-Husain al-Haiti against them with an army which defeated them. These are the Khawarij who stood by the First Muhakkimah before the time of the strife of the Azarikah, and Allah knows best."
ذكر الأزارقة مِنْهُم,Concerning the Azarikah.
هَؤُلَاءِ اتِّبَاع نَافِع بن الازرق الحنفى المكنى بأبى رَاشد وَلم تكن للخوارج قطّ فرقة اكثر عددا وَلَا أَشد مِنْهُم شَوْكَة والذي جمعهم من الدّين أَشْيَاء مِنْهَا قَوْلهم بِأَن مخالفيهم من هَذِه الإمامة مشركون وَكَانَت المحكمة الأولى يَقُولُونَ إِنَّهُم كفرة لَا مشركون,"These are the followers of Nafi‘ ibn-al-Azrak al-Hanafi, surnamed abu-Rashid. The Khawarij never had a sect which surpassed this in number, nor one that exceeded it in power. In creed they agreed on many points, among which were the following: the assertion that the opponents of this sect, within the Moslem community, were polytheists. The First Muhakkimah had said that such opponents were unbelievers, but not polytheists."
وَمِنْهَا قَوْلهم أن الْقعدَة مِمَّن كَانَ على رَأْيهمْ عَن الْهِجْرَة اليهم مشركون وَإِن كَانُوا على رَأْيهمْ وَكَانَت المحكمة الأولى لَا يكفرون الْقعدَة عَنْهُم إذا كَانُوا على رَأْيهمْ وَمِنْهَا أَنهم أوجبوا امتحان من قصد عَسْكَرهمْ إذا ادّعى أَنه مِنْهُم أن يدْفع اليه اسير من مخالفيهم وأمروه بقتْله,"Secondly, this sect asserted that those followers who abstained from fighting with them, although agreeing in other respects, were polytheists. The First Muhakkimah did not condemn such abstainers, if they agreed with them in other respects. The third point which this sect agreed was that when a soldier appears, claiming that he is one of the sect, the truth of his claim should be proved by bringing to him a captive from the opposing side whom he be commanded to kill."
فَإِن قَتله صدقوه فِي دَعْوَاهُ أَنه مِنْهُم وان لم يقْتله قَالُوا هَذَا مُنَافِق ومشرك وقتلوه وَمِنْهَا أَنهم استباحوا قتل نسَاء مخالفيهم وَقتل أطفالهم ,"If he kills this captive, his claim that he is one of the sect is confirmed; if he refuses to kill the captive, he should be considered a hypocrite and a heretic, and should be put to death. Fourthly, this sect permits the killing of their opponents’ wives, as well as the killing of their children."
وَزَعَمُوا أن الاطفال مشركون وَقَطعُوا بِأَن أَطْفَال مخالفيهم مخلدون فِي النَّار وَاخْتلفُوا فِي أول من أحدث مَا انْفَرَدت الأزارقة بِهِ من إكفار الْقعدَة عَنْهُم وَمن امتحان من قصد عَسْكَرهمْ,"Moreover, they claim that the children of those who oppose them are polytheists and will therefore be in hell- fire forever. What they differ about is the question as to who was the first to put forward the doctrine which is peculiar to the Azarikah, namely, the declaring the Abstainers from war, as unorthodox. They also disagree as regards the originator of the trial of a soldier claiming to be of their army."
فَمنهمْ من زعم أن أول من أحدث ذَلِك مِنْهُم عبد ربه الْكَبِير وَمِنْهُم من قَالَ عبد ربه الصَّغِير وَمِنْهُم من قَالَ أول من قَالَ ذَلِك رجل مِنْهُم اسْمه عبد الله ابْن الْوَضِين وَخَالف نَافِع بن الْأَزْرَق فِي ذَلِك واستتابه مِنْهُ فَلَمَّا مَاتَ ابْن الْوَضِين رَجَعَ نَافِع واتباعه إلى قَوْله وَقَالُوا كَانَ الصَّوَاب مَعَه وَلم يكفر نَافِع نَفسه بِخِلَافِهِ إِيَّاه حِين خَالفه وأكفر من يُخَالِفهُ بعد ذَلِك,"Some of them claim that the first to originate these views was ‘Abd-Rabbihi al-Kabir [the elder], while others say it was 'Abd-Rabbihi al-Saghir [the younger], and still others that the first was one of their men called 'Abdallah ibn-al-Wadin. Nafi' ibn-al-Azrak differed from ibn-al-Wadin and asked him to change his heretical view, but when ibn-al-Wadin died, Nafi' and his followers adopted his view, saying, ""He was in the right."" Nafi did not consider that he had been unorthodox when he differed from ibn-al-Wadin, but he declared that person unorthodox who disagreed after he himself had seen the light."
وَلم يتبرأ من المحكمة الأولى فِي تَركهم إكفار الْقعدَة عَنْهُم وَقَالَ أن هَذَا شيء مَا زلنا دونهم وأكفر من يخالفهم بعد ذَلِك فِي اكفار الْقعدَة عَنْهُم وَزعم نَافِع واتباعه أن دَار مخالفيهم دَار كفر وَيجوز فِيهَا قتل الْأَطْفَال وَالنِّسَاء,"Nor did he separate himself from the First Muhakkimah in their refusing to condemn the Abstainers as unorthodox. He said, 'In regard to this point, we are inferior to them [the Muhakkimah. He therefore condemned as unorthodox those who, after this, opposed him in the matter of condemning the Abstainers as unorthodox. Nafi' and his followers claimed that the home of their opponents, within the Moslem community, was the home of unbelief; and that it is permissible in this home to kill children and women."
وَأنْكرت الأزارقة الرَّجْم وَاسْتَحَلُّوا كفر الْأَمَانَة الَّتِي أَمر الله تَعَالَى بأدائها وَقَالُوا أن مخالفينا مشركون فَلَا يلْزمنَا إذا امانتنا إِلَيْهِم وَلم يقيموا الْحَد على قَاذف الرجل الْمُحصن وأقاموه على قَاذف الْمُحْصنَات من النِّسَاء وَقَطعُوا يَد السَّارِق فِي الْقَلِيل وَالْكثير وَلم يعتبروا فِي السّرقَة نِصَابا,"The Azarikah, however, rejected the stoning of the adulterer, while considering it permissible to deny a trust, the paying of which had been commanded by Allah; the explanation they gave being, ""If our opponents are polytheists, then we do not need to give back a deposit made by them."" Nor do they apply the legal punishment to him who brings a false charge of adultery against a pious man, although they do in the case of a man who accuses pious women. They also cut off the hand of a thief, whether the amount stolen be big or little, thus ignoring the law in regard to the minimum amount of the stolen goods."
وأكفرتهم الإمامة فِي هَذِه الْبدع الَّتِي أحدثوها بعد كفرهم الذي شاركوا فِيهِ المحكمة الأولى فباءوا بِكفْر على كفر كمن بَاء بغضب على غضب وللكافرين عَذَاب مهين ثمَّ الأزارقة بعد اجتماعها على الْبدع الَّتِي حكيناها عَنْهُم بَايعُوا نَافِع بن الازرق وسموه أَمِير الْمُؤمنِينَ وانضم اليهم خوارج عمان واليمان فصاروا اكثر من عشْرين ألفا,"The community has condemned them for this innovation, which they introduced in connection with an unbelief in which the First Muhakkimah shared. In this way one heresy led to another, just as anger incites anger. Unbelievers are doomed to great torture. After the Azarikah had agreed on the innovations which we have mentioned they paid allegiance to Nafi‘ ibn-al-Azrak, who was called the Commander of the Faithful. They were joined by the Khawarij of ‘Uman and al-Yaman, their number amounting to more than twenty thousand."
واستولوا على الأهواز وَمَا وَرَاءَهَا من أَرض فَارس وكرمان وجبوا خراجها وعامل الْبَصْرَة يَوْمئِذٍ عبد الله بن الْحَرْث الخزاعى من قبل عبد الله بن الزبير فَأخْرج عبد الله بن الْحَرْث جَيْشًا مَعَ مُسلم بن عبس بن كريز بن حبيب بن عبد شمس لِحَرْب الأزارقة فاقتتل الْفَرِيقَانِ بدولاب الاهواز فَقتل مُسلم ابْن عبس وَأكْثر أَصْحَابه فَخرج إلى حربهم من الْبَصْرَة عُثْمَان ابْن عبيد الله بن معمر التميمى في ألفى فَارس فهزمته الأزارقة,"They took possession of al-Ahwaz and what is beyond it of the land of Persia and Kirman, collecting its land-tax. The governor of al-Basrah at that time was ‘Abdallah ibn- al-Harith al-Khuza under ‘Abdallah ibn-al-Zubair. ‘Ab-dallah ibn-al-Harith despatched an army with Muslim ibn- 'Abs ibn-Kuraiz'i ibn-Habib ibn-‘Abd-Shams to fight the Azarikah. The two parties met in Dulab al-Ahwaz. In this battle Muslim ibn-‘Abs was killed, together with most of his followers. After this there came against them from al-Basrah ‘Uthman ibn-‘Ubaidallah ibn-Ma'mar al-Tamimi with two thousand horsemen, whom the Azarikah put to flight."
فَخرج اليهم حَارِثَة بن بدر الفداني فِي ثَلَاثَة آلَاف من جند الْبَصْرَة فهزمتهم الأزارقة فَكتب عبد الله بن الزبير من مَكَّة إلى الْمُهلب ابْن أبي صفرَة وَهُوَ يَوْمئِذٍ بخراسان يَأْمُرهُ بِحَرب الأزارقة وولاه ذَلِك فَرجع الْمُهلب إلى الْبَصْرَة وانتخب من جندها عشرَة آلَاف وانضم اليه قومه من الأزد فَصَارَ فِي عشْرين ألفا وَخرج وَقَاتل الأزارقة وَهَزَمَهُمْ عَن دولاب الأهواز إلى الأهواز وَمَات نَافِع ابْن الْأَزْرَق فِي تِلْكَ الْهَزِيمَة,"Then there came against them Harithah ibn-Badr al-Fadani at the head of three thousand from the army of al-Basrah, but the Azarikah put them also to flight. ‘Abdallah ibn-al-Zubair then wrote from Mecca to al-Muhal- lab ibn-abi-Sufrah, who was at that time in Khurasan, commanding him to fight the Azarikah, and making him commander of this affair. So al-Muhallab returned to al- Basrah and chose from its army ten thousand men, and his people of the tribe of al-Azd joined him, making a total of twenty thousand men. This army proceeded to fight the Azarikah and drove them from Dulab al-Ahwaz to al-Ahwaz. It was in this flight that Nafi‘ ibn-al-Azrak died."
وبايعت الأزارقة بعده عبيد الله بن مَأْمُون التميمى وَقَاتلهمْ الْمُهلب بعد ذَلِك بالاهواز فَقتل عبيد الله بن مَأْمُون فِي تِلْكَ الْوَاقِعَة وَقتل أيضا أَخُوهُ عُثْمَان بن مَأْمُون مَعَ ثلثمِائة من أَشد الأزارقة وَانْهَزَمَ الْبَاقُونَ مِنْهُم إلى إيدج وَبَايَعُوا قطري بن الْفُجَاءَة وسموه أَمِير الْمُؤمنِينَ وَقَاتلهمْ الْمُهلب بعد ذَلِك حروبا كَانَت سجالا وانهزمت الأزارقة فِي آخرهَا إلى سَابُور من أَرض فَارس وجعلوها دَار هجرتهم,"After his death the Azarikah paid allegiance to ‘Ubai-dallah ibn-Ma’mun al-Tamimi. Al-Muhallab then fought them in al-Ahwaz, on which occasion ‘Ubaidallah ibn- Ma’mun was killed, as well as his brother ‘Uthman ibn- Ma’mun, together with three hundred of the strongest of the Azarikah. Those who remained were driven to ’Idhaj, where they paid allegiance to Katari ibn-al-Fuja’ah, to whom they gave the title of the Commander of the Faithful After this, al-Muhallab fought them in battles in which each party won alternate victories, at the end of which the Azarikah were driven to Sabur, in the land of Persia, which they made the land of their flight."
وَثَبت الْمُهلب وَبَنوهُ وأتباعهم على قِتَالهمْ تسع عشرَة سنة بَعْضهَا فِي أَيَّام عبد الله بن الزبير وباقيها فِي زمَان خلَافَة عبد الْملك بن مَرْوَان وَولَايَة الْحجَّاج على الْعرَاق وَقرر الْحجَّاج الْمُهلب على حَرْب الأزارقة,"Al-Muhallab, his sons and his followers, kept up the fight for nineteen years. Part of this period was in the days of ‘Abdallah ibn-al-Zubair. and the rest in the time of the caliph ‘Abd-al-Malik ibn- Marwan, during the governorship of al-Hajjaj over al-‘Irak. The latter confirmed al-Muhallab in his position as leader of the army against the Azarikah."
فدامت الْحَرْب فِي تِلْكَ السنين بَين الْمُهلب وَبَين الأزارقة كرا وفرا فِيمَا بَين فَارس والاهواز إلى أن وَقع الْخلاف بَين الأزارقة فَفَارَقَ عبد ربه الْكَبِير قطريا وَصَارَ إلى وَاد بجيرفت كرمين فِي سَبْعَة آلَاف رجل وفارقه عبد ربه الصَّغِير فِي أَرْبَعَة آلَاف وَصَارَ إلى نَاحيَة اخرى من كرمان وبقى قطري فِي بضعَة عشر ألف رجل بِأَرْض فَارس,"This war between al-Muhallab and the Azarikah kept on raging for years in different forms between Persia and al-Ahwaz, until a differ¬ence arose among the Azarikah which resulted in ‘Abd- Rabbihi the elder forsaking the Katari and going to a valley in Jiraft Kirmin with seven thousand men. ‘Abd-Rabbihi the vounger left him and with four thousand men went to another district of Kirman, Katari remaining with about ten thousand men in the land of Persia."
وقاتله الْمُهلب بهَا وهزمه إلى أَرض كرمان وَتَبعهُ وقاتله بِأَرْض كرمان وهزمه مِنْهَا إلى الري ثمَّ قَاتل عبد ربه الْكَبِير فَقتله وَبعث بِابْنِهِ يزِيد بن الْمُهلب إلى عبد ربه الصَّغِير فَأتى عَلَيْهِ وعَلى اصحابه وَبعث الْحجَّاج سفين بن الْأَبْرَد الكلبى فِي جَيش كثيف إلى قطري بعد أن انحاز من الري إلى طبرستان فَقَتَلُوهُ بهَا وانفذوا بِرَأْسِهِ إلى الْحجَّاج,"There al-Muhallab fought with him, and drove him to the land of Kirman, where he pursued and fought him, driving him from there to al-Rai. He then attacked and killed ‘Abd-Rabbihi the elder, while he sent his son Yazid ibn-al-Muhallab with his followers against ‘Abd-Rabbihi the younger. At the same time al-Hajjaj sent Sufyan ibn-al-Abrad al-Kalbi with a great army against Katari after he had departed from al-Rai to Tabaristan, where they killed him and sent his head to al-Hajjaj."
وَكَانَ عُبَيْدَة بن هِلَال اليشكرى قد فَارق قطريا وانحاز إلى قومس فَتَبِعَهُ سفين بن الابرد وحاصره فِي حصن قومس إلى أن قَتله وَقتل اتِّبَاعه وطهر الله بذلك الارض من الأزارقة وَالْحَمْد لله على ذَلِك,‘Ubaidah ibn-Hilal al-Yashkuri had forsaken Katari and gone to Kumis. So Sufyan ibn-al-Abrad followed and besieged him in the fortress of Kumis until he succeeded in killing him and his followers. Allah thus cleared the earth of the Azarikah—praise Allah for that!
ذكر النجدات مِنْهُم,Concerning the Najadat.
هَؤُلَاءِ اتِّبَاع نجدة بن عَامر الحنفى وَكَانَ السَّبَب فِي رياسته وزعامته أن نَافِع بن الازرق لما أظهر الْبَرَاءَة من الْقعدَة عَنهُ أن كَانُوا على رايه وَسَمَّاهُمْ مُشْرِكين واستحل قتل أَطْفَال مخالفيه وَنِسَائِهِمْ وفارقه أَبُو قديل وعطية الحنفى وَرَاشِد الطَّوِيل ومقلاص وَأَيوب الْأَزْرَق وَجَمَاعَة من اتباعهم وذهبوا إلى الْيَمَامَة فَاسْتَقْبَلَهُمْ نجدة بن عَامر فِي جند من الْخَوَارِج يُرِيدُونَ اللحوق بعسكر نَافِع,"These were the followers of Najdah ibn-‘Amir al-Hanafi. The cause of his leadership and authority was that when Nafi‘ ibn-al-Azrak declared unorthodox those who abstained from fighting, though they agreed with him in belief, he called them polytheists, and sanctioned the killing of the children of his opponents and their women. Abu-Kudail, ‘Atlyah al- Hanafi, Rashid al-Tawil, Miklas and ’Aiyub al-Azrak forsook Naff with all their followers, departing for al-Yamamah, where Najdah received them with an army of those Khawarij who desired to follow the army of Nafi‘."
فأخبروهم بأحداث نَافِع وردوهم إلى الْيَمَامَة وَبَايَعُوا بهَا نجدة بن عَامر وأكفروا من قَالَ بإكفار الْقعدَة مِنْهُم عَن الْهِجْرَة إليهم وأكفروا من قَالَ بإمامة نَافِع وَأَقَامُوا على إمامة نجدة إلى أن اخْتلفُوا عَلَيْهِ فِي أمور نقموها مِنْهُ فَلَمَّا اخْتلفُوا عَلَيْهِ صَارُوا ثَلَاث فرق,"They told them of Nafins latest theories and sent them back to al-Yamamah, where they swore allegiance to Najdah ibn- ‘Amir. These men condemned as unbelievers those who had in turn condemned the Abstainers as unbelievers. They also condemned whoever admitted the Imamate of Nafi‘, making Najdah the Imam. About him, however, they soon differed,, complaining of various things. These disagreements led to their division into three sects."
فرقة صَارَت مَعَ عَطِيَّة بن الْأسود الحنفى إلى سجستان وتبعهم خوارج سجستان وَلِهَذَا قيل لخوارج سجستان فِي ذَلِك الْوَقْت عطوية وَفرْقَة صَارَت مَعَ أبي قديل حَربًا على نجدة وهم الَّذين قتلوا نجدة وَفرْقَة عدروا نجدة فِي احداثه وَأَقَامُوا على إِمَامَته,"One of these sects went with ‘Atiyah ibn-al-Aswad al-Hanafi to Sijistan, where the Khawarij of Sijistan joined them; and it is because of this that the Khawarij of Sijistan are called ‘Ata-wiyah. The second sect joined abu-Kudail [Fudaik] in battle against Najdah. They are the ones who killed Najdah. The third sect broke with Najdah in regard to his theories but accepted his Imamate."
والذي نقمه على نجدة اتِّبَاعه أَشْيَاء مِنْهَا انه بعث جَيْشًا فِي غَزْو الْبر وجيشا فِي غَزْو الْبَحْر ففضل الَّذين بَعثهمْ فِي الْبر على الَّذين بَعثهمْ فِي الْبَحْر فِي الرزق والعطا وَمِنْهَا أَنه بعث جَيْشًا فَأَغَارُوا على مَدِينَة الرَّسُول عليه السلام وَأَصَابُوا مِنْهَا جَارِيَة من بَنَات عُثْمَان بن عَفَّان فَكتب اليه عبد الْملك فِي شَأْنهَا فاشتراها من الذي كَانَت فِي يَدَيْهِ وردهَا إلى عبد الْملك بن مَرْوَان,"Among the deeds of Najdah for which his followers blamed him was the fact that he sent an army to attack by mainland and one to attack by sea, and to the one which he sent by land he assigned higher stipends than to the one which he sent by sea. They complained, moreover, that he had sent an army to attack the city of the Prophet of Allah and had seized there a daughter of ‘Uthman ibn-‘Affan. ‘Abd-al-Malik having written to him about her, he had bought her back from the one in whose possession she was, and had given her back to ‘Abd-al-Malik ibn-Marwan."
فَقَالُوا لَهُ إِنَّك رددت جَارِيَة لنا على عدونا وَمِنْهَا أَنه عذر أهل الْخَطَأ فِي الِاجْتِهَاد بالجهالات وَكَانَ السَّبَب فِي ذَلِك أَنه بعث ابْنه المطرح مَعَ جند من عسكره إلى القطيف فَأَغَارُوا عَلَيْهَا وَسبوا مِنْهَا النِّسَاء والذرية وَقومُوا النِّسَاء على أنفسهم ونكحوهن قبل إِخْرَاج الْخمس من الْغَنِيمَة,"They therefore said to him, ""Verily thou hast returned to our enemies a maiden who belongs to us."" They further complained because he pardoned those who committed faults in misdirected zeal, excusing them on the ground of ignorance. The explanation of this was that his son al-Muttarih was sent with an army to al-Katif,1 which they attacked, taking the women and children prisoners. They then took possession of the women for themselves, and married them before the fifth of the booty had been taken out for the state."
وَقَالُوا أن دخلت النِّسَاء فِي قسمنا فَهُوَ مرادنا وان زَادَت فيمهن على نصيبنا من الْغَنِيمَة غرمنا الزِّيَادَة من أَمْوَالنَا فَلَمَّا رجعُوا إلى نجدة سَأَلُوهُ عَمَّا فعلوا من وَطْء النِّسَاء وَمن أكل طَعَام الْغَنِيمَة قبل إِخْرَاج الْخمس مِنْهَا وَقبل قسْمَة أَرْبَعَة أخماسها بَين الْغَانِمين فَقَالَ لَهُم لم يكن لكم ذَلِك,"Concerning this they said: ""The women fell to our share, which is our desire. If their price surpasses our share of the booty, we will make up for it from our own property."" When they returned to Najdah, they asked him about what they had done in seizing the women, and in eating food from the booty before the fifth had been taken out, and before the four-fifths had been divided among the soldiers. Najdah said to them, ""You should not have done this."""
فَقَالُوا لم نعلم أن ذَلِك لَا يحل لنا فعذرهم بالجهالة ثمَّ قَالَ أن الدّين أَمْرَانِ أَحدهمَا معرفَة الله تَعَالَى وَمَعْرِفَة رسله وَتَحْرِيم دِمَاء الْمُسلمين وَتَحْرِيم غصب اموال الْمُسلمين وَالْإِقْرَار بِمَا جَاءَ من عِنْد الله تَعَالَى جملَة فَهَذَا وَاجِب مَعْرفَته على كل مُكَلّف وَمَا سواهُ,"They answered, ""We did not know that this was not permitted us."" Whereupon he forgave them because of their ignorance. Then he said, ""There are two things in religion. One is the recognition of Allah, and the recognition of his prophets, the interdiction of the shedding of the blood of a Moslem, the interdiction of robbing the wealth of a Moslem, and the recognition of all that comes from Allah. This recognition is incumbent on everyone who has attained the age of puberty. And the second includes all other requirements of religion."
فَالنَّاس معذورون بجهالته حَتَّى يُقيم عَلَيْهِ الْحجَّة فِي الْحَلَال وَالْحرَام فَمن اسْتحلَّ بِاجْتِهَادِهِ شَيْئا محرما فَهُوَ مَعْذُور وَمن خَافَ من الْعَذَاب على الْمُجْتَهد المخطئ قبل قيام الْحجَّة عَلَيْهِ فَهُوَ كَافِر,"Man is forgiven for ignorance in regard to the latter, until there dawns upon him the distinction between that which is permissible and that which is forbidden. Now, whoever in his (misdirected) zeal considers a thing which is forbidden permissible, he shall be forgiven. And he who, before the evidence is established, assumes punishment for the zealot who commits a fault, is an unbeliever."""
وَمن بدع نجدة أيضا انه تولى اصحاب الْحُدُود من موافقيه وَقَالَ لَعَلَّ الله يعذبهم بِذُنُوبِهِمْ فِي غير نَار جَهَنَّم ثمَّ يدخلهم الْجنَّة وَزعم أن النَّار يدخلهَا من خَالفه فِي دينه,"Another innovation of Najdah was that he took under his protection those of his followers who held to the punishments fixed by law, and he said, ""Perhaps Allah will punish them for their sins in some place other than hellfire, and then have them enter paradise."" Moreover, he claimed that anyone disagreeing with his religious views would enter hell-fire."
وَمن ضلالاته أيضا أَنه أسقط حد الْخمر وَمِنْهَا أيضا أَنه قَالَ من نظر نظرة صَغِيرَة أَو كذب كذبة صَغِيرَة وأصر عَلَيْهَا فَهُوَ مُشْرك وَمن زنى وسرق وَشرب الْخمر غير مصر عَلَيْهِ فَهُوَ مُسلم إذا كَانَ من موافقيه على دينه فَلَمَّا أحدث هَذَا الإحداث وَعذر اتِّبَاعه بالجهالات استتابه أَكثر أَتْبَاعه من إحداثه وَقَالُوا لَهُ اخْرُج إلى الْمَسْجِد وَتب من إحداثك,"Another of his errors was that he annulled the punishment [hadd] for drinking wine. He also said, ""Whoever commits a minor sin or tells a small lie, and persists in it, he is a polytheist; while he who commits adultery and steals, and takes a drink without making a habit of it, he is a Moslem,"" provided such a man agreed with him [Najdah] in the principles of his faith. When he had originated these innovations, and had forgiven his followers because they had acted in ignorance, most of his followers asked him to renounce his innovations, saying, ""Go into the mosque and repent of your innovations."""
فَفعل ذَلِك ثمَّ أن قوما مِنْهُم ندموا على استتابته وانضموا إلى العاذرين لَهُ وَقَالُوا لَهُ أَنْت الإِمَام وَلَك الِاجْتِهَاد وَلم يكن لنا أن نستتيبك فتب من توبتك واستتب الَّذين استتابوك وَإِلَّا نابذناك فَفعل ذَلِك فافترق عَلَيْهِ أَصْحَابه وخلعه اكثرهم وَقَالُوا لَهُ اختر لنا إِمَامًا فَاخْتَارَ أَبَا فديك وَصَارَ رَاشد الطَّوِيل مَعَ أَبى فديك يدا وَاحِدَة فَلَمَّا استولى أَبُو فديك على الْيَمَامَة علم أن أَصْحَاب نجدة إذا عَادوا من غزواتهم أعادوا نجدة إلى الْإِمَارَة,"This he did, and it resulted in having some regret his repentance, and join those who had sided with him and said to him, ""Thou art the Imam, and to thee belongs the right to explain the law, and it would not be seemly for us to ask thee to renounce anything. Therefore repent for having repented and let them recant who made thee recant; if not we will desert thee."" And he did so. His followers, therefore, were divided concerning him, the majority deposing him and saying, ""Choose us an Imam.""So he chose abu-Fudaik; Rashid al-Tawil was hand in glove with abu-Fudaik. And when abu-Fudaik became governor of al-Yamamah, he learned that the followers of Najdah, on returning from fighting the infidels, would reinstate Najdah as head."
فَطلب عَبده ليَقْتُلهُ فاختفى نجدة فِي دَار بعض عاذريه ينْتَظر رُجُوع عساكره الَّذين كَانَ قد فرقهم فِي سواحل الشَّام ونواحي الْيمن ونادى منادى أَبى فديك من دلنا على نجدة فَلهُ عشرَة آلَاف دِرْهَم,"Najdah’s slave, however, sought to kill him, so he hid himself in the dwelling of one of his followers, looking for the return of his soldiers whom he had sent to the seacoast of Syria and the districts of al- Yaman. Meanwhile a proclamation was given by abu-Fudaik: ""Whoever shows us the way to Najdah, he shall be rewarded with ten thousand dirhems."
وأي مَمْلُوك دلنا عَلَيْهِ فَهُوَ حر فدلت عَلَيْهِ أمة للَّذين كَانَ نجدة عِنْدهم فأنفذ أَبُو فديك راشدا الطَّوِيل فِي عَسْكَر اليه فكسبوه وحملوا رَأسه إلى أَبى فديك فَلَمَّا قتل نجدة صَارَت النجدات بعده ثَلَاث فرق فرقة أكفرته وَصَارَت إلى أَبى فديك كراشد الطَّوِيل وأبى بيهس وأبى الشمراخ واتباعهم,"And the slave who brings us to him, he shall be free."" Thereupon a maid of those with whom Najdah was hiding pointed out the way to him, and abu-Fudaik sent Rashid al-Tawil to him with an army. They surprised him, and brought his head to abu-Fudaik. After Najdah was killed, the Najadat were divided into three sects. One sect condemned him and went over to abu-Fudaik. This sect included Rashid al- Tawil, abu-Raihas, and abu-l-Shamrakh, and their followers."
وَفرْقَة عذرته فِيمَا فعل وهم النجدات الْيَوْم وَفرْقَة من النجدات بعدوا عَن الْيَمَامَة وَكَانُوا بِنَاحِيَة الْبَصْرَة شكوا فِيمَا حكى من أحداث نجدة توقفوا فِي أمره وَقَالُوا لَا نَدْرِي هَل أحدث تِلْكَ الْأَحْدَاث ام لَا فَلَا نبرأ مِنْهُ الا بِالْيَقِينِ وبقى ابو فديك بعد قتل نجدة إلى أن بعث اليه عبد الْملك بن مَرْوَان يعمر بن عبيد الله بن معمر التيمي فِي جند فَقتلُوا أَبَا فديك وبعثوا بِرَأْسِهِ إلى عبد الْملك بن مَرْوَان فَهَذِهِ قصَّة النجدات,"Another sect pardoned him for what he had done, these being the present Najadat; while the third sect departed from al-Yamamah, and settled near al-Basrah, where they doubted the story of the innovations of Najdah, and were undecided concerning him, saying, ""We do not know whether he made these innovations or not, and we will not desert him without sure knowledge."" Abu-Fudaik lived after the death of Najdah until ‘Abd-al-Malik ibn-Marwan sent Ya‘mur ibn-‘Ubaidallah ibn-Ma‘mar al-Taimi against him with an army. They killed abu-Fudaik and sent his head to ‘Abd-al-Malik ibn-Marwan. This ends the story of the Najadat."
ذكر الصفرية من الْخَوَارِج,Concerning the Sufriyah.
هَؤُلَاءِ اتِّبَاع زِيَاد بن الْأَصْفَر وَقَوْلهمْ فِي الْجُمْلَة كَقَوْل الأزارقة فِي أن أَصْحَاب الذُّنُوب مشركون غير أن الصفرية لَا يرَوْنَ قتل أَطْفَال مخالفيهم وَنِسَائِهِمْ والأزارقة يرَوْنَ ذَلِك وَقد زعمت فرقة من الصفرية أن مَا كَانَ من الْأَعْمَال عَلَيْهِ حد وَاقع لَا يُسمى صَاحبه الا بِالِاسْمِ الْمَوْضُوع لَهُ كزان وسارق وقاذف وَقَاتل عمد,"These are the followers of Ziyad ibn-al-Asfar.1 Their views are in the main like those of the Azarikah, namely, that those who commit sins are polytheists; except that the Sufriyah do not sanction the killing of the women and the children of those who differ in belief from them, while the Azarikah do sanction it. One division of the Sufriyah claims that when a deed for which there is definite punishment is committed, the author of that deed should be called only by the name connected with the nature of the deed, e. g. adulterer, thief, calumniator or intentional murderer."
وَلَيْسَ صَاحبه كَافِرًا وَلَا مُشْركًا وكل ذَنْب لَيْسَ فِيهِ حد كَتَرْكِ الصَّلَاة وَالصَّوْم فَهُوَ كفر وَصَاحبه كَافِر وان المواعن كَذَا المذنب اسْم الإيمان فِي الْوَجْهَيْنِ جَمِيعًا,"He is not an unbeliever or a poly¬theist. In all sins, however, for which there is no definite punishment, such as the omitting of the prayer or of the fast, such deeds being heretical, their authors are unbelievers ……………"
,(Manuscript is not clear at this point).
,
وَفرْقَة ثَالِثَة من الصفرية قَالَت بقول من قَالَ من البيهسية أن صَاحب الذَّنب لَا يحكم عَلَيْهِ بالْكفْر حَتَّى يرفع إلى الْوَالِي فيحده فَصَارَت الصفرية على هَذَا التَّقْدِير ثَلَاث فرق فرقة تزْعم أن صَاحب كل ذَنْب مُشْرك كَمَا قَالَت الأزارقة,"The third sect of the Sufriyah asserted the same thing as the Baihasiyah, i.e. that the sinner should not be judged as an unbeliever until he has been brought before the governor and punished. Thus the Sufriyah were divided into three sects. One sect which claimed, as did the Azarikah, that the authors of any sin were all polytheists."
وَالثَّانيَِة تزْعم أن اسْم الْكفْر وَاقع على صَاحب دين لَيْسَ فِيهِ حد والمحدود فِي ذَنبه خَارج عَن الإيمان وَغير دَاخل فِي الْكفْر وَالثَّالِثَة تزْعم أن اسْم الْكفْر يَقع على صَاحب الذَّنب إذا حَده الْوَالِي على ذَنبه وَهَذِه الْفرق الثَّلَاث من الصفرية يخالفون الأزارقة فِي الاطفال وَالنِّسَاء كَمَا بَيناهُ قبل هَذَا,"The second claimed that the title of unbeliever should be given to the author of deeds which deserved no definite punishment, punishable sins being a departing from belief, but not an entrance into unbelief. The third claimed that the title of unbeliever should be given to the authors of all sins which were punished by the governor. These three sects of the Sufriyah differ from the Azarikah as regards children and women, as has been explained above."
وكل الصفرية يَقُولُونَ بموالاة عبد الله بن وهب الراسبي وحرقوص بن زُهَيْر واتباعهما من المحكمة الأولى وَيَقُولُونَ بإمامة ابى بِلَال مرداس الخارجي بعدهمْ وبإمامة عمرَان بن حطَّان السدويسي بعد ابى بِلَال فَأَما ابو بِلَال مرداس فَإِنَّهُ خرج فِي أَيَّام يزِيد بن مُعَاوِيَة بِنَاحِيَة الْبَصْرَة على عبيد الله بن زِيَاد فَبعث اليه عبيد الله بن زِيَاد بزرعة بن مُسلم العامري فِي ألفى فَارس,"All the Sufriyah consider themselves to be under the patronage of ‘Abdallah ibn-Wahb al-Rasibi, and Hurkus ibn-Zuhair and their followers from among the First Mu- hakkimah. They claim, moreover, that after the death of the men already mentioned, they are under the Imamate of abu-Bilal Mirdas al-Khariji, and after him of ‘Imran ibn- Hittan al-Sadwisi. As to abu-Bilal Mirdas, in the days of Yazid ibn-Mu‘awiyah, he rose in al-Basrah against ‘Ubai- dallah ibn-Ziyad. ‘Ubaidallah ibn-Ziyad sent against him Zur‘ah ibn-Muslim al-Amiri, with two thousand cavalry."
وَكَانَ زرْعَة يمِيل إلى قَول الْخَوَارِج فَلَمَّا اصطف الْفَرِيقَانِ لِلْقِتَالِ قَالَ زرْعَة لأبى بِلَال أَنْتُم على الْحق وَلَكنَّا نَخَاف من ابْن زِيَاد أن يسْقط عطانا فَلَا بُد لنا من قتالكم فَقَالَ لَهُ أَبُو بِلَال وددت لَو كنت قبلت فِيكُم قَول أخي عُرْوَة فَإِنَّهُ اشار على بالاستعراض لكم كَمَا استعرض قريب وزحاف النَّاس فِي طرقهم بِالسَّيْفِ ولكنى خالفتهما وخالفت أخي ثمَّ حمل ابو بِلَال وَأَتْبَاعه على زرْعَة وجنده فهزموهم,"As it happened, Zur‘ah sympathized with the views of the Khawarij, and when both sides stood in battle array, Zur‘ah said to abu-Bilal, ""You are on the side of truth, but we fear ibn-Ziyad lest he cancel our stipends, so there is nothing for us but to fight you."" Abu-Bilal answered, “I should have liked to adopt toward you the view of my brother ‘Urwah who advised me to slay you indiscriminately, as Kuraib and Zahaf slew indiscriminately certain men with the sword, but I disagree with both them and my brother."" Thereupon abu-Bilal and his followers attacked and defeated Zur‘ah and his army."
ثمَّ أن عبيد الله بن زِيَاد بعث اليه بعباد بن أَخْضَر التميمي فقاتل ابا بِلَال بنوج وَقَتله مَعَ اتِّبَاعه فَلَمَّا ورد على ابْن زِيَاد خبر قتل أَبى بِلَال قتل من وجدهم بِالْبَصْرَةِ من الصفرية وظفر بِعُرْوَة أخي مرداس فَقَالَ لَهُ يَا عَدو الله أَشرت على اخيك مرداس بالاستعراض للنَّاس فقد انتقم الله تَعَالَى للنَّاس مِنْك وَمن أَخِيك ثمَّ أَمر بِهِ فَقطعت يَدَاهُ وَرجلَاهُ وصلبه فَلَمَّا قتل مرداس اتَّخذت الصفرية عمرَان بن حطَّان إِمَامًا,"Then ‘Ubaidallah ibn-Ziyad sent against him Ibad ibn-Akhdar al-Tamimi, who fought abu-Bilal in Tauwaj and killed him, together with his followers. When the news of the death of abu-Bilal reached ibn-Ziyad, he killed those of the Sufriyah whom he found in al-Basrah, and having seized ‘Urwah, the brother of Mirdas, he said to him, ""O enemy of Allah, thou didst advise thy brother Mirdas to slay men indiscriminately. Allah has avenged these men on thee and thy brother."" By his orders ‘Urwah’s hands and feet were cut off, and he was crucified. When Mirdas was killed, the Sufriyah made ‘Imran ibn-HTttan, Imam."
وَهُوَ الذي رثى مرداسا بقصائد يَقُول فِي بَعْضهَا … أنْكرت بعْدك مَا قد كنت اعرفه,"He is the man who wrote elegies in verse on Mirdas, in one of which he said:"
مَا النَّاس بعْدك يَا مرداس بِالنَّاسِ …,"""After thee, I know not what I thought I knew before,"
,"After thee, O Mirdas, men are no longer men.”"
وَكَانَ عمرَان بن حطَّان هَذَا ناسكا شَاعِرًا شَدِيدا فِي مَذْهَب الصفرية وَبلغ من خبثة فِي غَزْوَة على رضي الله عنه أَنه رثى عبد الرَّحْمَن بن ملجم وَقَالَ فِي ضربه عليا,"This Imran ibn-Hittan was a hermit poet, believing strongly in the school of the Sufriyah. An instance, however, of his ignominy in an attack on ‘All is that he wrote an elegy on ‘Abd-al-Rahman ibn-Muljim who stabbed Ali, and said:"
… يَا ضَرْبَة من منيب مَا أَرَادَ بهَا,"""O blow from a penitent, who, in giving it, only desired to bring down favor from the possessor of the Throne,"
الا ليبلغ قردى الْعَرْش رضوانا … إنى لأذكره يَوْمًا فأحسبه,"I will mention him now, and I will consider him the richest of creatures before Allah, when it comes to the final weighing of deeds.”"
أَو فِي الْبَريَّة عِنْد الله ميزانا …,
قَالَ عبد القاهر وَقد أجبناه عَن شعره هَذَا بقولنَا … يَا ضَرْبَة من كفور مَا اسْتَفَادَ بهَا,‘Abd-al-Kahir says he answered that poem with the following verse:
إِلَّا الجداء بِمَا يصليه نيرانا … إنى لألعنه دينا وألعن من,"""O blow from an unbeliever who did not profit by it, except by the fact that it makes him burn in hell fire."
يَرْجُو لَهُ أبدا عفوا وغفرانا … وَذَاكَ ابْن ملجم أشفى النَّاس كلهم,"Verily I curse him for his religion and I curse also anyone who hopes for him at any time, forgiveness and pardon."
أخفهم عِنْد رب النَّاس ميزانا …,"This ibn-Muljim is the worst of men, he is the lightest in the scales of the Lord of men.”"
ذكر العجاردة من الْخَوَارِج,Concerning the ‘Ajaridah of the Khawarij.
العجاردة كلهَا أَتبَاع عبد الْكَرِيم بن عجرد وَكَانَ عبد الْكَرِيم من اتِّبَاع عطيه بن الاسود الحنفي وَقد كَانَت العجاردة مفترقة عشر فرق يجمعها القَوْل بِأَن الطِّفْل يدعى إذا بلغ وَتجب الْبَرَاءَة مِنْهُ قبل ذَلِك حَتَّى يدعى إلى الإسلام أَو يصفه هُوَ وفارقوا الأزارقة فِي شَيْء آخر وَهُوَ أن الأزارقة استحلت أَمْوَال مخالفيهم بِكُل حَال,"All of them are the followers of ‘Abd-al-Karim ibn-'Ajrad,1 who was a follower of ‘Atiyah ibn-al-Aswad al-Hanafi. The ‘Ajaridah were divided into ten sects which agreed on the view that a child is to be called to Islam when it has attained maturity, having been left in freedom before this until it is called to Islam, or speaks of it itself. Another matter in which they differed from the Azarikah is that the latter considered it permissible to seize the possessions of their opponents under all conditions. "
والعجاردة لَا يرَوْنَ أَمْوَال مخالفيهم فَيْئا الا بعد قتل صَاحبه فَكَانَت العجاردة على هَذِه الْجُمْلَة إلى أن افْتَرَقت فرقها الَّتِي نذكرها بعد هَذَا,"The ‘Ajaridah, on the other hand, do not consider it lawful to seize the possessions of the opponent as booty until after killing the owner. All the ‘Ajaridah agreed on this at first, but later sects divided off from them, of whom we will speak below."
ذكر الخازمية مِنْهُم,Concerning the Khazwiiyah.
هَؤُلَاءِ أَكثر عجاردة سجستان وَقد قَالُوا فِي بَاب الْقدر والاستطاعة والمشيئة بقول أهل السّنة أن لَا خَالق إِلَّا الله وَلَا يكون إِلَّا مَا شَاءَ الله وَأَن الِاسْتِطَاعَة مَعَ الْفِعْل وأكفر والميمونية الَّذين قَالُوا فِي بَاب الْقدر والاستطاعة بقول الْقَدَرِيَّة الْمُعْتَزلَة عَن الْحق ثمَّ أن الخازمية خالفوا أَكثر الْخَوَارِج فِي الْولَايَة والعداوة,"These include most of the ‘Ajaridah of Sijistan. This sect agrees with the Sunnites as regards predestination, freedom of choice and will. In other words, they hold that there is no creator but Allah, and nothing is done unless Allah desires it. Moreover, they hold that freedom of choice comes with the deed. As a result, they condemn as unbelievers the Maimuniyah who, in regard to predestination and freedom of choice, agree with the view of the Kadariyah, who have strayed from the truth. Furthermore, the Khazimiyah differed from the rest of the Khawarij over the question of friendship and hatred."
وَقَالُوا انهما صفتان لله تَعَالَى وَإِن الله عز وجل إِنَّمَا يتَوَلَّى العَبْد على مَا هُوَ صائر اليه من الإيمان وَإِن كَانَ فِي أَكثر عمره كَافِرًا وَيرى مِنْهُ مَا يصير اليه من الْكفْر في آخر عمره وَإِن كَانَ في أَكثر عمره مُؤمنا,"They said, ""Verily both of these are predicates of Allah."" They hold that Allah loves a man for whatever faith he exhibits, even if he has been an unbeliever for most of his life. But, on the other hand, if a man becomes an unbeliever at the end of his life, Allah keeps aloof from him, even though he has been a believer all the rest of his life."
وان الله تَعَالَى لم يزل محبا لأوليائه ومبغضا لأعدائه وَهَذَا القَوْل مِنْهُم مُوَافقا لقَوْل أهل السّنة في الموافاة غير أن أهل السّنة ألزموا الخازمية على قَوْلهَا بالموافاة أن يكون على وَطَلْحَة وَالزُّبَيْر وَعُثْمَان من أهل الْجنَّة لأنهم من أهل بيعَة الرضْوَان الَّذين قَالَ الله تَعَالَى فيهم {لقد رَضِي الله عَن الْمُؤمنِينَ إِذْ يُبَايعُونَك تَحت الشَّجَرَة},"They also claim that Allah does not cease loving his friends or hating his enemies; agreeing with the Sunnites concerning the perfection of man, except that these differed from the Khazimiyah in this, holding that ‘All, Talhah, al-Zubair and ‘Uthman were in Paradise, because they were of those who took the Oath of Allegiance, about whom Allah said, “Allah has had mercy upon the faithful, lo they made an oath of allegiance to thee under the tree. (Surah 48, v. 18.)"
وَقَالُوا لَهُم إذا كَانَ الرِّضَا من الله تَعَالَى عَن العَبْد انما يكون على علم انه يَمُوت على الإيمان وَجب أن يكون المبايعون تَحت الشَّجَرَة على هَذِه الصّفة وَكَانَ على وَطَلْحَة وَالزُّبَيْر مِنْهُم وَكَانَ عُثْمَان يَوْمئِذٍ أَسِيرًا فَبَايع لَهُ النَّبِي صلى الله عليه وسلم وَجعل يَده بَدَلا عَن يَده وَصَحَّ بِهَذَا بطلَان قَول من أكفر هَؤُلَاءِ الاربعة,"And they said unto them, ""since the mercy of Allah is visited upon one who God knows will die in faith, it must follow that those who took the oath under the tree should be among those to whom mercy is shown. ‘Ali and Talhah and al-Zubair were among them, but ‘Uthman was a prisoner on that day, and the prophet promised allegiance to them, putting his own hand in the place of ‘Uthman’s. By this means is proven the falsity of those who consider these four to be unbelievers.”"
ذكر الشعيبية مِنْهُم,Concerning the Shu'aibiyah.
قَول هَؤُلَاءِ في بَاب الْقدر والاستطاعة والمشيئة كَقَوْل الخازمية وانما ظهر ذكر الشعيبية حِين نَازع زعيمهم الْمَعْرُوف بشعيب رجلا من الْخَوَارِج اسْمه مَيْمُون وَكَانَ السَّبَب فِي ذَلِك أَنه كَانَ لميمون على شُعَيْب مَال فتقاضاه فَقَالَ لَهُ شُعَيْب أعطيكه أن شَاءَ الله,"In their views about pre-destination, freedom of choice, and will they agree with the view of the Khazimiyah. Any possible account of the Shu'aibiyah appears first when their leader, Shu'aib, differed with a man of the Khawarij whose name was Maimun. Their cause of difference was that Shu'aib owed Maimun money, over which they had a law suit, and Shu aib said to him, ""I will pay thee, if Allah desires."" "
فَقَالَ لَهُ مَيْمُون قد شَاءَ الله ذَلِك السَّاعَة فَقَالَ شُعَيْب لَو كَانَ قد شَاءَ ذَلِك لم استطع أَلا اعطيكه فَقَالَ مَيْمُون قد أَمرك الله بذلك وكل مَا أَمر بِهِ فقد شاءه وَمَا لم يَشَأْ لم يَأْمر بِهِ فافترقت العجاردة عِنْد ذَلِك فتبع قوم شعيبا وَتبع آخَرُونَ ميمونا,"Maimun answered, ""Allah has already desired it this minute."" So Shu'aib replied, ""If he has really desired it, I can have done nothing but paid it."" And Maimun said, ""Allah has commanded thee to do this, and he commands only what he desires, while that which he does not desire he does not command."" It was after this that the ‘Ajaridah were divided, some of them following Shu'aib and the rest Maimun."
وَكَتَبُوا فِي ذَلِك إلى عبد الْكَرِيم بن عجرد وَهُوَ يَوْمئِذٍ فِي حبس السُّلْطَان فَكتب فِي جوابهم إِنَّمَا نقُول مَا شَاءَ الله كَانَ وَمَا لم يَشَأْ لم يكن وَلَا نلحق بِاللَّه سَوَاء فوصل الْجَواب اليهم بعد موت ابْن عجرد وَادّعى مَيْمُون أَنه قَالَ بقوله لأنه قَالَ لَا نلحق بِاللَّه سوءا,"Regarding this point they wrote to ‘Abd-al-Karim ibn-'Ajrad who was then imprisoned by the Sultan, and in answer to them he wrote, ""We say that what Allah desires happens, and what he does not desire does not happen, and we do not impute evil to Allah."" This answer arrived after  the death of ibn-'Ajrad. Maimun claimed that ‘Ajrad had decided according to his [Maimun's] opinion because he said, We do not impute evil to Allah."""
وَقَالَ شُعَيْب بل قَالَ بقولى لأنه قَالَ نقُول مَا شَاءَ الله كَانَ وَمَا لم يَشَأْ لم يكن ومالت الخازمية وَأكْثر العجاردة إلى شُعَيْب ومالت الحمزية مَعَ الْقَدَرِيَّة إلى مَيْمُون,"Shu'aib, however, said, ""No, he agreed with me because he said, we hold the opinion that what Allah desires happens, and what he does not desire does not happen."" The Khazimiyah, and most of the Ajaridah, sympathized with Shu'aib, while the Hamziyah and the Iyadariyah sympathized with Maimun."
ثمَّ زَادَت الميمونية على كفرها فِي الْقدر نوعا من الْمَجُوسِيَّة فأباحوا نِكَاح بَنَات الْبَنَات وَبَنَات الْبَنِينَ وَرَأَوا قتال السُّلْطَان وَمن رَضِي بِحكمِهِ فرضا فَأَما من أنكرهُ فَلَا يرَوْنَ قَتله إِلَّا إذا أغار عَلَيْهِم أَو طعن فِي دينهم أَو كَانَ دَلِيلا للسُّلْطَان,"The Maimuniyah then added to their unbeliefs in regard to predestination a kind of Magianism. They permitted marriage with granddaughters on both sides; and they believed it was a divine command to fight a tyrannical ruler, and whoever was satisfied with his rule. As to anyone who refused their view, they do not believe in killing him except when he is opposed to them, attacks their religion, or acts as guide to the undesirable ruler."
وَسَنذكر الميمونية فِي جملَة فرق الغلاة الخارجين عَن الْملَّة فِي بَاب بعد هَذَا أن شَاءَ الله عز وجل وَقد كَانَ من جملَة الميمونة رجل يُقَال لَهُ خلف ثمَّ أَنه خَالف الميمونية فِي الْقدر والاستطاعة والمشيئة وَقَالَ فِي هَذِه الثَّلَاثَة بقول أهل السّنة وَتَبعهُ على ذَلِك خوارج كرمان ومكران فَيُقَال لَهُم الخلفية وهم الَّذين قَاتلُوا حَمْزَة ابْن اكرك الخارجى فِي أَرض كرمان,"In the next chapter, if Allah pleases, we shall mention the Maimuniyah among the sects of the Ghulat who deserted the true faith. Now there was a man among the Maimuniyah called Khalaf who differed from the Maimuniyah as to predestination as well as freedom of choice, and will. In these three things he agreed with the view of the Sunnites; he was followed by the Khawarij of Karman and Mukran. They were, therefore, called Khalafiyah and are the ones who fought Hamzah ibn-Akrak al-Khariji in the land of Karman."
ذكر الخلفية مِنْهُم,Concerning the Khalafiyah.
هم أَتبَاع خلف الذي قَاتل حَمْزَة الخارجي والخلفية لَا يرَوْنَ الْقِتَال إِلَّا مَعَ إِمَام مِنْهُم وَقد كفوا أَيْديهم عَن الْقِتَال لفقدهم من يصلح للْإِمَامَة مِنْهُم وَصَارَت الخلفية إلى قَول الأزارقة فِي شيء وَاحِد وَهُوَ دَعوَاهُم أن أَطْفَال مخالفيهم فِي النَّار,"These are the followers of Khalaf,  who fought Hamzah al-Khariji. The Khalafiyah do not believe in fighting except under an Imam. This forced them to withhold from fighting because of the lack of anyone among them suited to be an Imam. These Khalafiyah tended to agree with the Azarikah in one thing, namely, they believed that the children of their opponents are in hell."
ذكر المعلومية والمجهولية مِنْهُم,Concerning the Malumiyah and the Majhuliyah
هَاتَانِ فرقتان من جملَة الخازمية ثمَّ أن المعلومية مِنْهُمَا خَالَفت سلفها فِي شَيْئَيْنِ أَحدهمَا دَعْوَاهَا أن من لم يعرف الله تَعَالَى بِجَمِيعِ أَسْمَائِهِ فَهُوَ جَأهل بِهِ وَالْجَأهل بِهِ كَافِر والثاني أَنهم قَالُوا أن أفعال الْعباد غير مخلوقة لله تَعَالَى وَلَكنهُمْ قَالُوا فِي الِاسْتِطَاعَة والمشيئة بقول أهل السّنة في أن الِاسْتِطَاعَة مَعَ الْفِعْل وَأَنه لَا يكون إِلَّا مَا شَاءَ الله,"These sects are branches of the main Khazimiyah. The Madumiyah differed from their predecessors the Khazimiyah in two things, namely, they claimed that whoever did not recognize Allah by all his names, that man was ignorant of him (Allah), and anyone ignorant of him was an unbeliever. Secondly, they said that the acts of men are not created by Allah. They agreed, however, concerning freedom of choice, and will, with the Sunnites, holding that freedom of choice goes with the deed, and that it cannot be carried out unless Allah wishes."
وَهَذِه الْفرْقَة تدعى إمامة من كَانَ على دينهَا وَخرج بسيفة على اعدائه من غير بَرَاءَة فهم عَن الْقعدَة عَنْهُم وَأما المجهولية مِنْهُم فَقَوْلهم كَقَوْل المعلومية غير أَنهم قَالُوا من عرف الله بِبَعْض اسمائه فقد عرفه وأكفروا المعلومية مِنْهُم فِي هَذَا الْبَاب,"This sect claimed the right of the Imamate for someone in its own group, who goes out with the sword against his enemies; they did not, however, excommunicate those among them who were Abstainers, As to the Majhuliyah, their views are like those of the Malumiyah except that they hold that he who recognizes Allah by some of his names (if not all) really knows him, and in this matter they condemned the Malumiyah as unbelievers."
ذكر الصلتية مِنْهُم,Concerning the Saltlyah.
هَؤُلَاءِ منسوبون إلى صلت بن عُثْمَان وَقيل صلت بن أَبى الصَّلْت وَكَانَ من العجاردة غير أَنه قَالَ إذا اسْتَجَابَ لنا الرجل وَأسلم توليناه وبرئنا من أطفاله لأنه لَيْسَ لَهُم إِسْلَام حَتَّى يدركوا فَيدعونَ حِينَئِذٍ إلى الإسلام فيقبلونه,"These take their name from Salt ibn-‘Uthman, who is also called ibn-abi-al-Salt. He belonged to the ‘Ajaridah, except that he said: When a man agrees with us and becomes a Moslem, we accept him, but not his children, for they are not real Moslems until they are of age, when they are invited into Islam and accept it.”"
وبإزاء هَذِه الْفرْقَة فرقة اخرى وهى التَّاسِعَة من العجاردة زَعَمُوا أَنه لَيْسَ لأطفال الْمُؤمنِينَ وَلَا لأطفال الْمُشْركين ولَايَة وَلَا عَدَاوَة حَتَّى يدركوا فيدعوا إلى الإسلام فيقبلوا اَوْ ينكروا,"Side by side with this sect was another sect, the ninth sect of the ‘Ajaridah, who claimed that neither the children of believers nor the children of polytheists were friends or foes until they had attained maturity, when they were invited to Islam and received or refused it."
ذكر الحمزية مِنْهُم,Concerning the Hamziyah.
هَؤُلَاءِ اتِّبَاع حَمْزَة بن أكرك الَّذِي عاث سجستان وخراسان ومكران وقهستان وكرمان وَهزمَ الجيوش الْكَثِيرَة وَكَانَ فِي الأصل من العجاردة الخازمية ثمَّ خالفهم فِي بَاب الْقدر والاستطاعة فَقَالَ فِيهَا بقول الْقَدَرِيَّة فأكفرته الخازمية فِي ذَلِك ثمَّ زعم مَعَ ذَلِك أن أَطْفَال الْمُشْركين فِي النَّار فأكفرته الْقَدَرِيَّة فِي ذَلِك,"These are the followers of Hamzah ibn-Akrak (see above) who laid waste Sijistan, Khurasan, Mukran, Kuhistan, and Karman, and defeated their big armies. He at first belonged to the ‘Ajaridah of the Khazimiyah, but came to differ from them over predestination and freedom of choice, agreeing in these matters with the Kadariyah. The Khazimiyah, therefore, condemned him as unbelieving in this respect. Moreover, he claimed that the children of polytheists are condemned to hell, for which view the Kadariyah condemned him as an unbeliever."
ثمَّ إِنَّه والى الْقعدَة من الخوراج مَعَ قَوْله بتكفير من لَا يُوَافقهُ على قتال مخالفيه من فرق هَذِه الإمامة مَعَ قَوْله بِأَنَّهُم مشركون وَكَانَ إذا قَاتل قوما وَهَزَمَهُمْ أَمر باحراق أَمْوَالهم وَعقد دوابهم وَكَانَ مَعَ ذَلِك يقتل الاسراء من مخالفيهم وَكَانَ ظُهُوره فِي أَيَّام هَارُون الرشيد في سنة تسع وَسبعين وَمِائَة وبقى النَّاس فِي فتنته إلى أن مضى صدر من أَيَّام خلَافَة الْمَأْمُون,"He then made a covenant with the Abstainers among the Khawarij, in consonance with his views on the abjuration of whoever does not agree with him on the subject of fighting those within the sects of this religion who disagree with his view, calling them polytheists. Wherever he fought and defeated some enemy he commanded their possessions to be burned and their animals slaughtered, and at the same time killed the prisoners taken from those who disagreed with him. His appearance was in the days of Harun al-Rashid, in the year 179. His uprising lasted until the early part of the caliphate of al-Ma’mun."
وَلما استولى على بعض الْبلدَانِ جعل قاضيه أَبَا يحيى يُوسُف بن بشار وَصَاحب جَيْشه رجلا اسْمه جيويه بن معبد وَصَاحب حرسه عَمْرو بن صاعد وَكَانَ مَعَه جمَاعَة من شعراء الْخَوَارِج كطلحة بن فَهد وأبى الجلندي وأقرانهم وَبَدَأَ بِقِتَال البيهسية من الْخَوَارِج وَقتل الْكثير مِنْهُم فَسَموهُ عِنْد ذَلِك أَمِير الْمُؤمنِينَ,"When he took possession of some provinces, he installed as his Kadi over them abu-Yahya Yusuf ibn-Bashshar, as leader of his army a man by the name of Jiwaih ibn-Ma‘bad, and as leader of his bodyguard ‘Amr ibn-Safid. Many of the poets of the Khawarij joined him, such as Talhah ibn-Fahd, abu-l-Julandi and others. Pie started hostilities against the Baihasiyah of the Khawarij, most of whom he killed, so that it was after this that he was called the Commander of the Faithful."
وَقَالَ الشَّاعِر طَلْحَة بن فَهد فِي ذَلِك,The poet Talhah ibn-Fahd said about this :
… أَمِير الْمُؤمنِينَ على رشاد,"“The Commander of the Faithful is on the right way and under the best of guidance,"
وَغير هِدَايَة نعم الْأَمِير … امير يفضل الامراء فضلا,"What a marvelous commander, surpassing the other commanders just as the shining moon surpasses the small star.”"
كَمَا فضل السها الْقَمَر الْمُنِير …,
ثمَّ أن حَمْزَة أسرى سَرِيَّة إلى الخازمية من الْخَوَارِج بِنَاحِيَة فلجرد فَقتل مِنْهُم مقتلة عَظِيمَة ثمَّ قصد بِنَفسِهِ هراة فَمَنعه أهلها من دُخُولهَا فاستعرض النَّاس خَارج الْمَدِينَة وَقتل مِنْهُم الْكثير فَخرج اليه عَمْرو بن يزِيد الازدى وَهُوَ يَوْمئِذٍ والى هراة مَعَ جنده فدامت الْحَرْب بَينهم شهورا وَقتل من ارْض هراة جمَاعَة وَقتل من أَصْحَاب هَيْصَم الشاري وَكَانَ دَاعِيَة حَمْزَة يَدْعُو النَّاس إلى ضلالته,"It was after this that Hamzah made a raid against the Khazimiyah among the Khawarij in a part of the country known as Faljard,1 killing great numbers of them. Then he himself went to Hirat, whose people prevented him from entering it, but he fought those outside of the city and put them to the sword. Then Amr ibn-Yazkl al-Azdi, who at this time was governor of Hirat, came against him with an army. The battle between them lasted for months. A great many from the land of Hirat were killed, including the Schismatics, the followers of Haisam al-Shari. The missionaries of Hamzah urged the people to join in his error."
ثمَّ أغار حَمْزَة على كروخ من رستاق هراة واحرق أَمْوَالهم وعقر أَشْجَارهم ثمَّ حَارب عَمْرو بن يزِيد الأزدى بِقرب بوشبخ وَقتل عمر ثمَّ انتصب على بن عِيسَى بن هاديان وَهُوَ يَوْمئِذٍ والى خُرَاسَان لِحَرْب حَمْزَة فَانْهَزَمَ مِنْهُ إلى ارْض سجستان بعد أن قتل من قواده سِتُّونَ رجلا سوى اتِّبَاعه فَلَمَّا وصل إلى سجستان مَنعه أهل زرنخ عَن دُخُول الْبَلَد فاستعرض النَّاس بِالسَّيْفِ فِي صحراء الْبَلَد,"Hamzah then attacked Karukh in the vicinity of Hirat, burning the possessions of the people and laying waste their trees. After this he fought ‘Amr ibn-Yazid al-Azdi in the neighborhood of Biishanj (or kh?),2 in a battle in which ‘Amr was killed. ‘All ibn-Tsa ibn-Hadiyan, who was then governor of Khurasan, now took part in the war against Hamzah, who was forced to flee from him into the land of Sijistan after he had killed sixty men of his leaders, not to mention his followers. When he reached Sijistan, the people of Zaranj prevented his entering their town, so he slaughtered some of them with the sword in the wastes near the town."
ثمَّ تنكر لأهل زرنخ بَان ألبس أَصْحَابه السوَاد يوهمهم انهم أَصْحَاب السُّلْطَان وَأَنْذرهُمْ بذلك مُنْذر فمنعوه من دُخُول الْبَلدة فعقر نَخْلهمْ فِي سوادهم وَقتل المجتازين في صحاريهم ثمَّ قصد نهر شُعْبَة وَقتل بهَا الْكثير من الْخَوَارِج الخلفية وعقر اشجارهم وأحرق أَمْوَالهم وَانْهَزَمَ مِنْهُ رَئِيس للخلفية اسْمه مَسْعُود بن قيس وَعبر في هزيمته وَاديا وغرق فِيهِ,"He then disguised himself from them (the people of Zaranj) by putting his followers into black, which gave them the appearance of being the followers of the Sultan. They were warned of this, however, and succeeded in preventing his entrance into their city. He therefore laid waste the palms in their forests and killed those passing through their wastes. He then went in the direction of the river Sha'bah and there killed most of the Khalafiyah from among the Khawarij, cutting down their trees, burning their possessions, and driving away their leader called Mas‘ud ibn-Kais, who in his flight fell into the river he was crossing."
وَشك أَتْبَاعه فِي مَوته وهم ينتظرونه إلى الْيَوْم ثمَّ رَجَعَ حَمْزَة من كرمان وأغار فِي طَرِيقه على رستاق بست من رساتيق نيسابور وَكَانَ بهَا قوم من الْخَوَارِج الثعالبة فَقَتلهُمْ حَمْزَة ودامت فتْنَة بخراسان وكرمان وقهستان وسجستان إلى آخر ايام الرشيد وَصدر من خلَافَة الْمَأْمُون لاشتغال حند أَكثر خُرَاسَان بِقِتَال رَافع بن لَيْث بن نصر بن سيان على بَاب سَمَرْقَنْد,"His followers are in doubt about his death, and 79 still look for his appearance. Hamzah thereupon returned from Karman, and on his way fell upon the district of Bust, one of the districts of Nisabur, where he killed some of the Tha‘alibah Khawarij who were there. This uprising in Khurasan, Karman, Kahistan and Sijistan lasted till the end of the days of al-Rashid, and the beginning of the caliphate of al-Ma’mun, because the greater part of the army of Khurasan was busy fighting Rafi‘ ibn-Laith ibn- Nasr ibn-Saiyar at the gate of Samarkand."
فَلَمَّا تمكن الْمَأْمُون من الْخلَافَة كتب إلى حَمْزَة كتابا استدعاه فِيهِ إلى طَاعَته فَمَا ازْدَادَ الا عتوا فِي امْرَهْ فَبعث الْمَأْمُون بطاهر بن الْحُسَيْن لقِتَال حَمْزَة فدارت بَين طَاهِر وَحَمْزَة حروب قتل فِيهَا من الْفَرِيقَيْنِ مِقْدَار ثَلَاثِينَ ألفا أَكْثَرهم من اتِّبَاع حَمْزَة وَانْهَزَمَ فِيهَا حَمْزَة إلى كرمان وأتى طَاهِر على الْقعدَة عَن حَمْزَة مِمَّن كَانَ على رَأْيه وظفر بثلثمائة مِنْهُم فَأمر بشد كل رجل مِنْهُم بالحبال بَين شجرتين قد جذبت رُؤُوس بَعْضهَا إلى بعض ثمَّ قطع الرجل بَين الشجرتين فَرَجَعت كل وَاحِدَة من الشجرتين بِالنِّصْفِ من بدن المشدود عَلَيْهَا,"When al-Ma’mun came into the caliphate he wrote Hamzah a letter in which he demanded his adherence, which merely increased Hamzah’s pride. Al-Ma’mun, therefore, sent Tahir ibn-al-Husain to fight Hamzah, and a war followed between Tahir and Hamzah. About thirty thousand were killed on both sides, most of them being followers of Hamzah. In this battle Hamzah was driven to Karman. Then Tahir attacked the Abstainers who agreed with Hamzah in theory, and captured three hundred of them. He then commanded that all the men be bound together with ropes between two trees whose tops had been made to touch one another; the man between the two trees was then cut in half, and each one of the two trees bounded back with half of the body bound to it."
ثمَّ أن الْمَأْمُون استدعى طَاهِر بن الْحُسَيْن من خُرَاسَان وَبعث بِهِ إلى منصبه فطمع حَمْزَة فِي خُرَاسَان فَأقبل في جَيْشه من كرمان فَخرج اليه عبد الرَّحْمَن النيسابوري فِي عشْرين الف رجل من غزَاة نيسابور ونواحيها فهزموا حَمْزَة بإذن الله وَقتلُوا الالوف من أَصْحَابه وانفلت مِنْهُم حَمْزَة جريحا وَمَات فِي هزيمته هَذِه وأراح الله عز وجل مِنْهُ وَمن أَتْبَاعه الْعباد بعد ذَلِك وَكَانَت هَذِه الْوَاقِعَة الَّتِي هلك بعْدهَا حَمْزَة الخارجي القدري من مفاخر أهل نيسابور وَالْحَمْد لله على ذَلِك,"After this al-Ma’mun recalled Tahir ibn-al-Husain from Khurasan, and sent him to his headquarters. Hamzah now became very covetous of Khu¬rasan and proceeded from Karman with an army. He was met by ‘Abd-al-Rahman al-Nlsaburi, with twenty thou¬sand strong from Nisabur and vicinity. With the help of Allah, Hamzah was put to flight and thousands of his followers killed. Hamzah ran away while wounded, and died during the flight. By his death Allah gave the world relief  from him and from his followers. This battle, after which Hamzah the Kharijite and Kadarite perished, was one of the events of which the people of Nisabur boasted, praise Allah for this."
ذكر الثعالبة مِنْهُم هَؤُلَاءِ اتِّبَاع ثَعْلَبَة بن مشكان والثعالبة تدعى إِمَامَته بعد عبد الْكَرِيم بن عجرد وَيَزْعُم أن عبد الْكَرِيم بن عجرد كَانَ إِمَامًا قيل أن خَالفه ثَعْلَبَة فِي حكم الاطفال فَلَمَّا اخْتلفَا فِي ذَلِك كفر بن عجرد وَصَارَ ثَعْلَبَة إِمَامًا وَالسَّبَب فِي اخْتِلَافهمَا أن رجلا من العجاردة خطب إلى ثَعْلَبَة بنته فَقَالَ لَهُ بَين مهرهَا,"Concerning the Thaialibah. These are the followers of Thadabah ibn-Mashkan. The Tha‘alibah claim his Imamate as a successor to ‘Abd-al-Karlm ibn-‘Ajrad. It is claimed that ‘Abd-al-Karim ibn-‘Ajrad was Imam until Thaiabah differed from him over the judgment of children. When the two differed over this ibn-‘Ajrad was con¬demned and Thadabah became Imam. The reason for their difference was that a man of the ‘Ajaridah asked Thadabah for his daughter’s hand, whereupon Thadabah said to him: Show her dowry."""
فَأرْسل الْخَاطِب امْرَأَة إلى ام تِلْكَ الْبِنْت يسْأَلهَا هَل بلغت الْبِنْت فَإِن كَانَت قد بلغت ووصفت الإسلام على الشَّرْط الذي تعتبره العجاردة لم يبال كم كَانَ مهرهَا فَقَالَت أمها هي مسلمة فِي الْولَايَة بلغت أم لم تبلغ فاخبر بذلك عبد الْكَرِيم بن عجرد وثعلبة بن مشكان فَاخْتَارَ عبد الْكَرِيم الْبَرَاءَة من الاطفال قبل الْبلُوغ وَقَالَ ثَعْلَبَة نَحن على ولايتهم صغَارًا وكبارا إلى أن يبين لنا مِنْهُم إِنْكَار للحق,"The suitor then sent a woman to the mother of the daughter to ask her if the daughter was of age, for if she was of age and had embraced Islam, according to the stipulations which the ‘Ajaridah require, it did not matter what her dowry was. Her mother said: ""Whether she be of age or not, since her guardian is a Moslem, she is one."" ‘Abd-al-Karlm ibn-‘Ajrad was notified of this, as well as Thadabah ibn-Mashkan. ‘Abd-al-Karim preferred to maintain the independence of children before maturity, while Thadabah said: ""We remain their guardians whether they be young or mature until they make clear to us that they are going to turn away from the truth."""
فَلَمَّا اخْتلفَا فِي ذَلِك برىء كل وَاحِد مِنْهُمَا من صَاحبه وَصَارَ أَتبَاع كل وَاحِد مِنْهُمَا فرقا وَقد ذكرنَا فرق العجاردة قبل هَذَا وَصَارَت الثعالبة بعد ذَلِك سِتّ فرق فرقة أَقَامَت على إمامة ثَعْلَبَة وَلم تقل بإمامة أحد بعده وَلم يكترثوا لما ظهر فيهم من خلاف الاخنسية والمعبدية,"When they differed over this, each one of them threw off the responsibility of the sin of the other, and their respective followers were divided into two sects. The sects of the ‘Ajaridah we have already mentioned. The Tha‘alibah subdivided into six sects. One of them held to the Imamate of Thadabah and accepted no other Imam after him, unmoved by the fact that there arose among them different opinions held by the ’Akhnasiyah and the Ma‘badiyah."
ذكر المعبدية مِنْهُم,Concerning the Ma'badiyah.
والفرقة الثَّانِيَة مِنْهُم معبدية قَالَت بإمامة رجل مِنْهُم بعد ثَعْلَبَة اسْمه معبد خَالف جُمْهُور الثعالبة في أَخذ الزَّكَاة من العبيد العبيد في إعطائهم مِنْهَا واكفر من لم يقل بذلك وأكفره سَائِر الثعالبة,"The second sect was the Ma'badiyah, who claimed that the Imam succeeding the Tha'alibah was one of their people by the name of Ma'bad. This man disagreed with all of the Tha'alibah over the question of taking alms from, and giving alms to slaves. He condemned as unbelievers those who did not accept tins view, while the rest of the Tha'alibah condemned him as unbelieving because he held this view."
فِي قَوْله الأخنسية,Concerning the Akhnasiyah.
والفرقة الثَّالِثَة مِنْهُم الاخنسية اتِّبَاع رجل مِنْهُم كَانَ يعرف بالأخنس وَكَانَ فِي بَدْء أمره على قَول الثعالبة فِي مُوالَاة الْأَطْفَال ثمَّ خنس من بَينهم فَقَالَ يجب علينا أن نتوقف عَن جَمِيع من في دَار التقية الا من عرفنَا مِنْهُ ايمانا فنوليه عَلَيْهِ اَوْ كفرا فبرئنا مِنْهُ وَقَالُوا بِتَحْرِيم الْقَتْل والاغتيال فِي السر وان يبْدَأ أحد من أهل الْقبْلَة بِقِتَال حَتَّى يدعى إِلَّا من عرفوه بِعَيْنِه وَصَارَ لَهُ تبع على هَذَا القَوْل وبرىء من سَائِر الثعالبة وبرىء منه سَائِرهمْ,"The third sect was the Akhnasiyah, followers of one of their people who was known as al-Akhnas. At the beginning of his career he agreed with the views of the Tha'alibah concerning the guardianship of children. But later he withdrew from them, saying: ""We must oppose all those living in a land where dissembling is sanctioned.  Only when the faith of the man in question is known to us should we definitely accept him. And likewise only when his heresy is definitely known to us should we rid ourselves of him. He forbade murder and theft in secret, and also claimed that none of the people of the Kiblah should begin a fight without being specially called for it, unless the enemy is personally known. In this view he had many followers. Indeed he was rejected by the rest of the Tha'alibah, but he in turn rejected them."
الشيبانية مِنْهُم,Concerning the Shaibaniyah.
والفرقة الرَّابِعَة من الثعالبة شيبانية هم اتِّبَاع شَيبَان بن سَلمَة الخارجي الذي خرج فِي ايام أَبى مُسلم صَاحب دولة بنى الْعَبَّاس وأعان أَبَا مُسلم على أعدائه في حروبه وَكَانَ مَعَ ذَلِك يَقُول بتشبيه الله سُبْحَانَهُ لخلقه فأكفره سَائِر الثعالبة مَعَ أهل السّنة فِي قَوْله بالتشبيه وأكفرته الْخَوَارِج كلهَا فِي معاونته أَبَا مُسلم وَالَّذين أكفروه من الثعالبة يُقَال لَهُم زيادية أَصْحَاب زِيَاد بن عبد الرَّحْمَن,"The fourth sect of the Tha'alibah is the Shaibaniyah, followers of Shaiban ibn- Salamah al-Khariji, who separated from the rest in the days of abu-Muslim, the founder of the dynasty of the banu-al-‘Abbas. He helped abu-Muslim in his wars against his enemies, and in addition held the doctrine of the likeness of Allah to his creatures. The rest of the Tha'alibah, together with the Sunnites, condemned his view as anthropomorphic. In addition all of the Khawarij condemned him for upholding abu-Muslim. Those of the Tha‘alibah who condemned him were called the Ziyadiyah, the followers of Ziyad ibn- Abd-al-Rahman."
والشيبانية يَزْعمُونَ أن شَيبَان تَابَ من ذنُوبه وَقَالَت الزيادية أن ذنُوبه كَانَ مِنْهَا مظالم الْعباد الَّتِي لَا تسْقط بِالتَّوْبَةِ وَأَنه أعَان أَبَا مُسلم على قِتَاله مَعَ الثعالبة كَمَا أَعَانَهُ على قِتَاله مَعَ بنى أُميَّة,"The Shaibaniyah claim that Shaiban repented of his sins, while the Ziyadiyah said that among his sins was that of doing violence to the worshippers of Allah, a crime for which repentance could not atone. However, he went on aiding abu-Muslim in fighting the Tha‘alibah, just as he had aided him in fighting the banu-’Umaiyah."
ذكر الرشيدية مِنْهُم,Concerning the Rashidiyah.
والفرقة الْخَامِسَة من الثعالبة يُقَال لَهُم رشيدية نسبوا إلى رجل اسْمه رشيد وانفردوا بِأَن قَالُوا فِيمَا سقى بالعيون والأنهار الْجَارِيَة نصف الْعشْر وَإِنَّمَا يجب الْعشْر الْكَامِل فِيمَا سقته السَّمَاء فَحسب وَخَالفهُم زِيَاد بن عبد الرَّحْمَن فَأوجب فِيمَا سقى بالعيون والأنهار الْجَارِيَة الْعشْر الْكَامِل,"The fifth sect of the Tha‘alibah is called Rashidiyah after a man by the name of Rashid. Its peculiar belief is that land which is watered by springs and flowing rivers should pay half the tithe, the complete tithe being paid on land watered by rain only. Ziyad ibn-‘Abd-al-Rahman differed from them, saying that land watered by springs and flowing rivers should also pay full tithe."
ذكر المكرمية,Concerning the Mukarramiyah.
مِنْهُم والفرقة الثَّالِثَة من الثعالبة يُقَال لَهُم المكرمية اتِّبَاع أَبى مكرم زَعَمُوا أن تَارِك الصَّلَاة كَافِر لَا لأجل ترك الصَّلَاة لَكِن لجهله بِاللَّه عز وجل وَزَعَمُوا أن كل ذِي ذَنْب جَأهل بِاللَّه وَالْجهل بِاللَّه كفر وَقَالُوا أيضا بالموافاة فِي الْولَايَة والعداء فَهَذَا بَيَان فرق الثعالبة وَبَيَان أقوالها,"The sixth division of the Tha‘alibah is called the Mukarramiyah, followers of abu-Mukarram. They claim that he who neglects prayer is an unbeliever, not because of the fact of his neglect of prayer, but because of his ignorance of Allah. They claimed, moreover, that all sinners were ignorant of Allah, and that ignorance constitutes unbelief. They also held to the doctrine that Allah’s enmity and friendship depend on a man’s religious attitude at death. Such are the sects of the Tha‘alibah and their views."
ذكر الأباضية وفرقها,Concerning the Ibadiyah and their sects.
أَجمعت الأباضية على القَوْل بامامة عبد الله بن أباض وافترقت فِيمَا بَينهَا فرقا يجمعها القَوْل بِأَن كفار هَذِه الإمامة يعنون بذلك مخالفيهم من هَذِه الإمامة برَاء من الشّرك وَالإيمان وانهم لَيْسُوا مُؤمنين وَلَا مُشْرِكين وَلَكنهُمْ كفار وأجازوا شَهَادَتهم وحرموا دِمَاءَهُمْ فِي السِّرّ واستحلوها فى الْعَلَانِيَة وصححوا منا كحنهم والتوارث مِنْهُم,"The Ibadiyah, although divided over many things, agreed in acknowledging the Imamate of ‘Abdallah ibn-Ibad. Another point in which they agreed was the view that the unbelievers of this community, i.e. those of their community who differed from them, were both free from polytheism, and at the same time wanting in faith, thus being neither believers nor polytheists, but unbelievers. They accepted the testimony of such however, and secretly forbade the shedding of their blood, although publicly claimed it was lawful. They also countenanced intermarriage with them, as well as inheritance from them."
وَزَعَمُوا انهم فِي ذَلِك محاربون لله وَلِرَسُولِهِ لَا يدينون دين الْحق وَقَالُوا باستحلال بعض اموالهم دون بعض والذي اسْتَحَلُّوهُ الْخَيل وَالسِّلَاح فَأَما الذَّهَب وَالْفِضَّة فانهم يردونهما على أصحابهما عِنْد الْغَنِيمَة,"In this they claimed that such persons are fighting for Allah and his Prophet, although they are not true confessors of Islam. In addition, they considered some kinds of property owned by those who disagree with them as permissible to seize, while other kinds, for example horses and arms, are forbidden. As for their gold and silver, they considered it best to return it to its owners, when it is seized."
ثمَّ افْتَرَقت الأباضية فِيمَا بَينهم أَربع فرق وهى الحفصية والحارثية واليزيدية وَأَصْحَاب طَاعَة لَا يُرَاد الله بهَا واليزيدية مِنْهُم غلاة لقَولهم بنسخ شَرِيعَة الإسلام فِي آخر الزَّمَان وسنذكرهم فِي بَاب فرق الغلاة المنتسبين إلى الإسلام بعد هَذَا وانما نذْكر فِي هَذَا الْبَاب الحفصية والحارثية وَأَصْحَاب طَاعَة لَا يُرَاد الله بهَا,"There were four definite differences which split up the Ibadiyah. The names of the groups adhering to the different views were: the Hafslyah, the Harithiyah, the Yazidiyah, and the ""Ashab Ta‘ah ""(i. e. those who do pious deeds without the intention of pleasing Allah). Among these the Yazidiyah belong to the Ghulat, because they believe in the abrogation of the divine law of Islam at the end of time. This we will mention later in the chapter on the Ghulat sects connected with Islam. In this chapter, however, we will mention only the Hafsiyah, the Harithiyah, and the Ashab Ta‘ah (those who do pious deeds without the intention of pleasing Allah)."
ذكر الحفصية مِنْهُم,Concerning the Hafslyah.
هَؤُلَاءِ قَالُوا بامامة حَفْص بن أبي الْمِقْدَام وَهُوَ الذي زعم أن بَين الشّرك والإيمان معرفَة الله تَعَالَى وَحدهَا فَمن عرفه ثمَّ كفر بِمَا سواهُ من رَسُول اَوْ جنَّة اَوْ نَار اَوْ عمل بِجَمِيعِ الْمُحرمَات من قتل النَّفس وَاسْتِحْلَال الزِّنَا وَسَائِر الْمُحرمَات فَهُوَ كَافِر برىء من الشّرك وَمن جهل بِاللَّه تَعَالَى وَأنْكرهُ فَهُوَ مُشْرك وَتَأَول هَؤُلَاءِ في عُثْمَان بن عَفَّان مثل تَأَول الرافضة فِي ابى بكر وَعمر,"This sect acknowledges the Imamate of Hafs ibn-abl-l-Mikdam, who was the one who held that there was but one thing that lay between polytheism and belief, namely, the knowledge of Allah alone. Accordingly, the man who knew Allah, but later came to disbelieve in other matters, such as his Prophet, paradise, hell, forbidden deeds, killing oneself, or the permission of adultery and the rest of the forbidden sins, that man is an unbeliever, but is nevertheless free from polytheism. He, on the other hand, who is ignorant of Allah, and denies him, is a polytheist. Their explanation of the case of ‘Uthman ibn-'Affan was similar to that of al-Rafidah in regard to abu-Bakr and 'Umar."
وَزَعَمُوا أن عليا هُوَ الذي انْزِلْ الله تَعَالَى فِيهِ {وَمن النَّاس من يُعْجِبك قَوْله فِي الْحَيَاة الدُّنْيَا وَيشْهد الله على مَا فِي قلبه وَهُوَ أَلد الْخِصَام} وَأَن عبد الرَّحْمَن بن ملجم هُوَ الذي أنزل الله فِيهِ {وَمن النَّاس من يشري نَفسه ابْتِغَاء مرضات الله},"They also claim that 'All was the one to whom Allah referred when he revealed the following: ""A man there is who surpriseth thee by his discourse concerning this present life. He taketh God to witness what is in his heart; yet is he the most zealous in opposing thee ""(Surah 2, v. 200); while ‘Abd-al-Rahman ibn-Muljim was the one to whom Allah referred when he said, ""A man too there is who sells his very self out of desire to please God.""(Surah 2, v. 203.)"
ثمَّ قَالُوا بعد هَذَا كُله أن الإيمان بالكتب وَالرسل مُتَّصِل بتوحيد الله عز وجل فَمن كفر بذلك فقد اشرك بِاللَّه عز وجل وَهَذَا نقيض قَوْلهم أن الْفَصْل بَين الشّرك والإيمان معرفَة الله تَعَالَى وَحده وَأَن من عرفه فقد برىء من الشّرك وَإِن كفر بِمَا سواهُ من رَسُول اَوْ جنَّة أَو نَار فَصَارَ قَوْلهم فِي هَذَا الْبَاب متناقضا,"In addition to all this they went on to say that belief in the books and the prophets is connected with belief in the unity of Allah. And any man disagreeing with this was a polytheist. This last view is contradictory to their first view that the difference between polytheism and unbelief lies in the knowledge of Allah alone, and that he who knew Allah is free from polytheism even if he rejects the rest of the beliefs, i.e. the Prophet, paradise and hell. Their views thus became contradictory in this matter."
ذكر الحارثية مِنْهُم,Concerning the Harithiyah.
هَؤُلَاءِ اتِّبَاع حَارِث بن مزِيد الأباضي وهم الَّذين قَالُوا فِي بَاب الْقدر بِمثل قَول الْمُعْتَزلَة وَزَعَمُوا أيضا أن الِاسْتِطَاعَة قبل الْفِعْل وأكفرهم سَائِر الأباضية فِي ذَلِك لأن جمهورهم على قَول أهل السّنة في أن الله تَعَالَى خَالق أَعمال الْعباد وفى أن الِاسْتِطَاعَة مَعَ الْفِعْل وَزَعَمت الحارثية انه لم يكن لَهُم إِمَام بعد المحكمة الأولى إِلَّا عبد الله بن أباضى وَبعده حَارِث ابْن مزِيد الأباضي,"These are the followers of Harith ibn-MazId al-Ibadi. It was they who agreed with the Mu'tazilah in regard to fate. They claimed also that ability precedes any deed, a view for which the rest of the Ibadiyah condemned them, because it was contrary to the views of the Sunnites to the effect that Allah creates the deeds of his servants, and that ability comes only in conjunction with the deed. The Harithiyah claimed that the only Imams they had had since the first Muhakkimah were ‘Abdallah ibn-Ibadi and that after him came Harith ibn- Mazid al-Ibadi."
ذكر أصحاب طَاعَة لَا يُرَاد الله بهَا,Concerning the Ashab Ta'ah who do pious deeds without the intention of pleasing Allah.
زعم هَؤُلَاءِ أَنه يَصح وجود طاعات كَثِيرَة مِمَّن لَا يُرِيد الله تَعَالَى بهَا كَمَا قَالَه ابو الهزيل وَأَتْبَاعه من الْقَدَرِيَّة وَقَالَ أَصْحَابنَا أن ذَلِك لَا يَصح إِلَّا فِي طَاعَة وَاحِدَة وَهُوَ النّظر الأول فَإِن صَاحبه إذا استذل بِهِ كَانَ مُطيعًا لله تَعَالَى فِي فعله وَإِن لم يقْصد بِهِ التَّقَرُّب إلى الله تَعَالَى لِاسْتِحَالَة تقربه اليه قبل مَعْرفَته فإذا عرف الله تَعَالَى فَلَا يَصح مِنْهُ بعد مَعْرفَته طَاعَة مِنْهُ لله تَعَالَى الا بعد قَصده التَّقَرُّب بهَا اليه,"This sect claims that it is true that there exist many acts of obedience [vir¬tues] that are not meant to please Allah. Abu-al-Hudhail (see below) and his followers among the Kadariyah also asserted this; but our followers said that this is true only in one case, that is, during the first intuition of man. When a man is guided  by such intuition, he is obedient to Allah in his deed, even though he had not intended to draw near to Allah by performing it, because it is impossible for him to draw near to Allah before he really knows him. But when he has once learned to know Allah, then, after this knowledge, any obedience on his part to Allah is not accounted to him as righteousness, unless he intended thereby to draw near to Allah."
وَزَعَمت الأباضية كلهَا أن دور مخالفيهم من أهل مَكَّة دَار تَوْحِيد الا معسكر السُّلْطَان فَإِنَّهُ دَار بغى عِنْدهم وَاخْتلفُوا فِي النِّفَاق على ثَلَاثَة أَقْوَال فَقَالَ فريق مِنْهُم أن النِّفَاق بَرَاءَة من الشّرك والإيمان جَمِيعًا وَاحْتَجُّوا بقول الله عز وجل فِي الْمُنَافِقين {مذبذبين بَين ذَلِك لَا إلى هَؤُلَاءِ وَلَا إلى هَؤُلَاءِ} وَفرْقَة مِنْهُم قَالَت كل نفاق شرك لأنه يضاد التَّوْحِيد,"All the Ibadiyah, however, claim that the houses of their opponents among the people of Meccah are places where the unity of Allah is proclaimed, with the exception of the camp of the sultan, for his is the abode of a tyrant. Over hypocrisy they differed in three ways, one sect saying that hypocrisy is not included either in polytheism or in faith. As their reason they gave the words of Allah on hypocrites: “Wavering between the one and the other, belonging neither to these nor to those.""(Surah 4, v. 142.) Another sect said: “All hypocrisy is polytheism, because it is opposed to unity."""
وَفرْقَة ثَالِثَة قَالَت لَا نزيل اسْم النِّفَاق عَن مَوْضِعه وَلَا نسمى بالنفاق غير الْقَوْم الَّذين سماهم الله تَعَالَى منافقين وَمن قَالَ مِنْهُم بِأَن الْمُنَافِق لَيْسَ بمشرك زعم أن الْمُنَافِقين على عهد رَسُول الله صلى الله عليه وسلم كَانُوا مُوَحِّدين وَكَانُوا أَصْحَاب كَبَائِر فَكَفرُوا وَإِن لم يدخلُوا فِي حد الشّرك,"The third sect said: ""We do not separate the word ‘hypocrisy’ from its proper usage, nor do we call any people hypocrites, except those whom Allah has called hypocrites."" Those of them who said that the hypocrite is not a polytheist, claimed that those who were hypocrites in the time of the prophet of Allah were Unitarians, and at the same time major sinners; thus being unbelievers, Allah has called hypocrites."" Those of them who said that the hypocrite is not a polytheist, claimed that those who were hypocrites in the time of the prophet of Allah were Unitarians, and at the same time major sinners; thus being unbelievers, even though they did not come within the category of polytheists."
قَالَ عبد القاهر بعد الْجُمْلَة الَّتِي حكيناها عَنْهُم شذوذ من الْأَقْوَال انفردوا بهَا مِنْهَا أن فريقا مِنْهُم زَعَمُوا أن لَا حجَّة لله تَعَالَى على الْخَلَائق فِي التوحيد وَغَيره إلا بالْخبر وَمَا يقوم مقَام الْخَبَر من إِشَارَة وايماء وَمِنْهَا أن قوما مِنْهُم قَالُوا كل من دخل في دين الإسلام وَجَبت عَلَيْهِ الشَّرَائِع والاحكام سَمعهَا أَو عرفهَا أَو لم يسْمعهَا وَلم يعرفهَا وَقَالَ سَائِر الإمامة لَا يَأْثَم بترك مَا لم يقف عَلَيْهِ مِنْهَا إِلَّا أن ثبتَتْ عَلَيْهِ الْحجَّة فِيهِ وَمِنْهَا أن قوما مِنْهُم قَالُوا بِجَوَاز أن يبْعَث الله تَعَالَى إلى خلقه رَسُولا بِلَا دَلِيل يدل على صَدَقَة,"‘Abd-al-Kahir states: ""After all we have related about them, (we see that) the peculiarity of their views sets them apart from the rest. Among these peculiarities are those held by the party which claims that there was no proof for mankind of the unity of Allah and his divine and other attributes, except through information, or that which takes its place along the line of signs and suggestions."" An-other party said that the law and the commands of Islam are binding on whomever enters the religion of Islam, whether or not he has heard or known them. The rest of this sect say a man does not sin in doing something about which he knows nothing, except when the proof [of its sin-fulness] has been given him. Still others say it is possible for Allah to send to his creatures a prophet with no sign to prove his veracity."
وَمِنْهَا أن قوما مِنْهُم قَالُوا من ورد عَلَيْهِ الْخَبَر بِأَن الله تَعَالَى قد حرم الْخمر اَوْ أن الْقبْلَة قد حولت فَعَلَيهِ أن يعلم أن الذي أخبرهُ بِهِ مُؤمن اَوْ كَافِر وَعَلِيهِ أن يعلم ذَلِك بالْخبر وَلَيْسَ عَلَيْهِ أن يعلم أن ذَلِك عَلَيْهِ بالْخبر وَمِنْهَا قَول بَعضهم لَيْسَ على النَّاس المشى إلى الصَّلَاة وَلَا الرّكُوب والمسير لِلْحَجِّ وَلَا شَيْء من الاسباب الَّتِي يتَوَصَّل بهَا إلى أَدَاء الْوَاجِب وانما يجب عَلَيْهِم فعل الطَّاعَات الْوَاجِبَة بِأَعْيَانِهَا دون اسبابها الموصلة اليها,"Others, however, contend that whoever attains the knowledge that Allah has forbidden wine, or that he has caused the Kiblah to be changed, must be certain whether the one who informs him of this is a believer or an unbeliever. Moreover, it is incumbent upon him to know this through information,1 although he need not necessarily know that this has come to him through information. The view of still others is that going on foot to prayer, or riding or traveling to the Hajj or any of the means which help to fulfil that which is required, are of no account. What is incumbent is the doing of the deed, regardless of the means used in its attainment."
وَمِنْهَا قَوْلهم جَمِيعًا بِوُجُوب اسْتِتَابَة مخالفيهم فِي تَنْزِيل اَوْ تَأْوِيل فان تَابُوا والا قتلوا سَوَاء كَانَ ذَلِك الْخلاف فِيمَا يسع جَهله اَوْ فِيمَا لَا يسع جَهله وَقَالُوا من زنى اَوْ سرق أقيم عَلَيْهِ الْحَد ثمَّ استتيب فان تَابَ والا قتل,"All parties agree that it is right to ask anyone who differs from them with regard to the text of the Koran or its interpretation, to return to their way of thinking. And if such a person does recant, it is well; if not, he must be killed it being immaterial whether this difference related to something about which he was ignorant, or to something about which he was not ignorant. They also said that he who commits adultery or steals should be assigned the legal punishment and then given a chance to repent. If he repents, it is all right; if not, he must be put to death."
وَقَالُوا أن الْعَالم يفنى كُله إذا افنى الله أهل التَّكْلِيف وَلَا يجوز الا ذَلِك لأنه انما خلقه لَهُم وأجازت الأباضية 2 وُقُوع حكمين مُخْتَلفين في شَيْء وَاحِد من وَجْهَيْن كمن دخل زرعا بِغَيْر إِذن مَالِكه فان الله قد نَهَاهُ عَن الْخُرُوج مِنْهُ إذا كَانَ خُرُوجه مِنْهُ مُفْسِدا للزَّرْع وَقد أمره بِهِ وَقَالُوا لَا يتبع الْمُدبر فِي الْحَرْب إذا كَانَ من أهل الْقبْلَة وَكَانَ موحدا,"They said also that the world will pass away when Allah has caused the people who have observed the law to disappear, this being possible because he created it only for them. The Ibadiyah accepted the possibility of conflicting ordinances existing over one and the same thing. For example, in the case of a man who goes into a sown field without the permission of the owner, this would be breaking a commandment; but according to another command, Allah has forbidden his going out of the field, because that would be harmful to the seed, which he has been commanded to plant. They said, moreover, the fleer in war is not (to be) pursued, if he is one of the people of the Kiblah, and is a believer in the unity of Allah."
وَلَا نقبل مِنْهُم امْرَأَة وَلَا ذُرِّيَّة وأباحوا قتل المشبهه وَاتِّبَاع مدبرهم وسبى نِسَائِهِم وذراريهم وَقَالُوا أن هَذَا كَمَا فعله ابو بكر بِأهل الرِّدَّة وَقد كَانَ من الأباضية رجل يعرف بإبراهيم دَعَا قوما من أهل مذهبَة إلى دَاره وَأمر جَارِيَة لَهُ كَانَت على مذْهبه بِشَيْء فأبطأت عَلَيْهِ فَحلف ليبيعنها فِي الاعراب فَقَالَ لَهُ رجل مِنْهُم اسْمه مَيْمُون وَلَيْسَ هُوَ صَاحب الميمونية من العجاردة كَيفَ تبيع جَارِيَة مُؤمنَة إلى الْكَفَرَة فَقَالَ لَهُ ابراهيم أن الله تَعَالَى قد أحل البيع وَقد مضى أَصْحَابنَا وهم يسْتَحلُّونَ ذَلِك,"On the other hand, we receive no women and slaves from them. They consider it permissible to kill anthropo- morphists and to pursue those who flee, as well as to seize their women and children as prisoners. They held that this was what abu-Bakr did to apostates. There was a man of the Ibadiyah known as Ibrahim, who invited some of the members of his sect to his dwelling, and gave one of his slaves, who belonged to the same sect, an order. When she delayed over it, he swore he would sell her to the Arabs, but one of the men whose name was Maimun, not the leader of the Maimuniyah among the ‘Ajaridah, said to him: ""How wilt thou sell a believing slave to an unbeliever ?""And Ibrahim said to him: “Allah has permitted such a sale, and the followers of our sect who passed before us have also always permitted it."""
فتبرأ مِنْهُم مَيْمُون وَتوقف آخَرُونَ مِنْهُم في ذَلِك وَكَتَبُوا بذلك إلى عُلَمَائهمْ فأجابوهم بِأَن بيعهَا حَلَال وَبِأَنَّهُ يُسْتَتَاب مَيْمُون ويستتاب من توقف في ابراهيم فصاروا فِي هَذَا ثَلَاث فرق إبراهيمية وميمونية واقفة وَتبع إِبْرَاهِيم على إجَازَة هَذَا البيع قوم يُقَال لَهُم الضحاكية,"Maimun left the sect, but the rest were uncertain about it, so they wrote to their ‘Ulamas, who answered that such a sale was permissible, and that Maimun should be brought to repentance, as well as those who were in doubt concerning the action of Ibrahim. The result of all this was that three sects arose, the Ibrahimiyah, the Maimuniyah, and the Wakifah. Owing to the question of the legality of this sale, Ibrahim gathered quite a following, who came to be known as the Dahhakiyah."
وأجازوا نِكَاح الْمسلمَة من كفار قَومهمْ فِي دَار التقية فَأَما في دَار حكمهم فَلَا يسْتَحلُّونَ ذَلِك وَقوم مِنْهُم توقفوا فِي هَذِه الْمسلمَة وفى أَمر الزَّوْجَة وَقَالُوا أن مَاتَت لم نصل عَلَيْهَا وَلم نَأْخُذ مِيرَاثهَا لأَنا لَا نَدْرِي مَا حَالهَا,"This group permitted the marriage of a Moslem woman to an unbeliever in a country where dissembling is sanctioned.1 But in the case of those who are in a country where their own sect is in the ascendance, this is not permitted. Some were uncertain over this question, saying about the wife: “If she dies we will not say prayers over her, nor will we accept her inheritance, because we do not know what her legal condition is.”"
وَتبع بعد هَؤُلَاءِ الإبراهيمية قوم يُقَال لَهُم البيهسية أَصْحَاب أَبى بيهس هَيْصَم بن عَامر قَالُوا أن ميمونا كفر بِأَن حرم بيع الإمامة فِي دَار التقية من كفار قَومنَا وكفرت الواقفة بِأَن لم يعرفوا كفر مَيْمُون وصواب إِبْرَاهِيم وَكفر إِبْرَاهِيم بِأَن لم يتبرأ من أهل الْوَقْف,"After the Ibrahlmiyah, there arose a party called the Baihasiyah, followers of abu-Baihas Haisam ibn-‘Amir. These say that Maimun was an unbeliever, because he forbade the sale of a woman in a region where dissembling is sanctioned, and which is inhabited by the unbelievers of our people. The Wakifah were heretics because they did not recognize Maimun’s heresy and Ibrahim’s orthodoxy. Ibrahim, on the other hand, was a heretic because he did not disclaim the Wakifah."
قَالُوا وَذَلِكَ أن الْوُقُوف بِمَا يسع على الْأَبدَان وانما الْوُقُوف على الحكم بِعَيْنِه مالم يُوَافقهُ أحد فإذا وَافقه أحد من الْمُسلمين لم يسع من حضر ذَلِك إِلَّا أن يعرف من عرف الْحق ودان بِهِ وَمن أظهر الْبَاطِل ودان بِهِ ثمَّ أن البيهسية قَالَت أن من وَاقع ذَنبا لم نشْهد عَلَيْهِ بالْكفْر حَتَّى يرفع إلى الوالي وَيحد وَلَا نُسَمِّيه قبل الرّفْع إلى الوالى مُؤمنا وَلَا كَافِرًا وَقَالَ بعض البيهسية فإذا كفر الإِمَام كفرت الرّعية وَقَالَ بَعضهم كل شراب حَلَال الأصل مَوْضُوع عَمَّن سكر مِنْهُ كل مَا كَانَ مِنْهُ فِي السكر من ترك الصَّلَاة والشتم لله عز وجل وَلَيْسَ فِيهِ حد وَلَا كفر مَا دَامَ فِي سكره,"They said: “The reason for this is because uncertainty exists only in connection with bodies; the uncertainty with regard to a judgment can occur only where no one agrees with it, for if one Moslem agrees with it, he who is present cannot help knowing him who knows the truth and acts on it, and him who knows the untruth and acts on it."" Then the Baihasiyah said: ""We do not call him who commits a sin a heretic until he is brought to the governor and punished, so that before he is brought to the governor, we call him neither a believer nor a heretic."" Some of the Baihasiyah said: ""When the Imam becomes an unbeliever, his followers also become unbelievers."" Others said: “All drinks are originally permissible. He, therefore, who drinks is forgiven everything which he does when drunk, such as neglecting prayer and scorning Allah. He can neither be punished nor considered a heretic as long as he is drunk."""
وَقَالَ قوم من البيهسية يُقَال لَهُم العوفية السكر كفر إذا كَانَ مَعَه غَيره من ترك الصَّلَاة وَنَحْوه وافترقت العوفية من البيهسية فرْقَتَيْن فرقة قَالَت من رَجَعَ عَنَّا من دَار هجرته وَمن الْجِهَاد إلى حَال الْقعُود بَرِئْنَا مِنْهُ وَفرْقَة قَالَت بل تتولاه لأنه رَجَعَ إلى أَمر كَانَ مُبَاحا لَهُ قبل هجرته الينا وكلا الْفَرِيقَيْنِ قَالَ إذا كفر الإِمَام كفرت الرّعية الْغَائِب مِنْهُم وَالشَّاهِد وللأباضية والبيهسية بعد هَذَا مَذَاهِب قد ذَكرنَاهَا فِي كتاب الْملَل والنحل وَفِيمَا ذكرنَا مِنْهُ فِي هَذَا الْكتاب كِفَايَة,"Still others of the Baihasiyah, called the ‘Aufiyah, said: ""Drunkenness is heresy if during drunkenness prayer is neglected, or a similar offense is committed."" The ‘Aufiyah divided off from the Baihasiyah and separated into two sects. One sect said: “We repudiate those who desert us after having left home and joined us, fighting in our ranks."" The other sect said: ""No, we would keep such an one, because he would then be returning to a state that was legal for him before he came to us."" Both sects say that if the Imam is heretical, his followers, whether present or absent, are also heretical. Besides the Ibadiyah, the Baihasiyah formed the subsects which we have mentioned in the Kitab al-Milal wa’l-Nihal. This, therefore, is all we have to say of them in this book."
ذكر الشبيبية مِنْهُم,Concerning the Shabibiyah.
هَؤُلَاءِ يعْرفُونَ بالشبيبية لانتسابهم إلى شبيب بن يزِيد الشيبانى المكنى بأبى الصحارى ويعرفون بالصالحية أيضا لانتسابهم إلى صَالح بن مشرح الْخَارِجِي وَكَانَ شبيب بن يزِيد الخارجى من اصحاب صَالح ثمَّ تولى الْأَمر بعده على جنده وَكَانَ السَّبَب فِي ذَلِك أن صَالح بن مشرح التميمى كَانَ مُخَالفا للازارقة وَقد قَالَ انه كَانَ صفريا وَقيل إِنَّه لم يكن صفريا وَلَا أزرقيا وَكَانَ خُرُوجه على بشر بن مَرْوَان في أَيَّام ولَايَته على الْعرَاق من جِهَة أَخِيه عبد الْملك بن مَرْوَان,"They are known as al- Shabibiyah because they owe their origin to Shabib ibn- Yazid al-Shaibani, known as abu-l-Sahara. They were also known as the Salihiyah after Salih ibn-Mishrah al- Khariji. Shabib ibn-YazId, the Kharijite, was one of the companions of Salih, and after him he took over the command of his army. The reason for this was that Salih ibn-Mishrah al-Tamimi differed from the Azarikah by claiming that he was one of the Sifriyah, while others said that he had been neither a Sifri nor one of the Azarikah. In the days when Bishr ibn-Marwan was governor of al-Irak under his brother ‘Abd-al-Malik ibn-Marwan, Salih rebelled against him."
وَبعث بشر اليه بِالْحَارِثِ بن عُمَيْر وَذكر الموايني أن خُرُوج صَالح كَانَ على الْحجَّاج بن يُوسُف وَأَن الْحجَّاج بعث بِالْحَارِثِ بن عُمَيْر إلى قِتَاله وَأَن الْقِتَال وَقع بَين الْفَرِيقَيْنِ على بَاب حصن حلولا وَانْهَزَمَ صَالح جريحا فَلَمَّا أشرف على الْمَوْت قَالَ لأصحابه قد اسْتخْلفت عَلَيْكُم شبيبا وَأعلم أن فِيكُم من هُوَ أفقه مِنْهُ وَلكنه رجل شُجَاع مهيب فِي عَدوكُمْ فليعنه الْفَقِيه مِنْكُم بفقهه,"Bishr sent al-Harith ibn-‘Umair to fight him. Al-Mawayini says that Salih rebelled against al-Hajjaj ibn-Yusuf,1 and that it was al-Hajjaj who sent al-Harith ibn-‘Umair to fight him, and that the battle between the two came to a head before the gate of Fort Halula. Salih, having been defeated and wounded, took to flight, and being near to death he said to his companions: ""I name Shabib my successor over you. I know there are among you some who are more learned than he, but he is a brave man in the opinion of your enemies, and feared by them. He among you who is learned, let him help him with his knowledge."""
ثمَّ مَاتَ وَبَايع أَتْبَاعه شبيبا إلى أن خَالف صَالحا في شَيْء وَاحِد وَهُوَ أَنه مَعَ أَتْبَاعه أَجَازُوا إمامة الْمَرْأَة مِنْهُم إذا قَامَت بأمورهم وَخرجت على مخالفيهم وَزَعَمُوا أن غزالة أم شبيب كَانَت الإِمَام بعد قتل شبيب إلى أن قتلت وَاسْتَدَلُّوا على ذَلِك بِأَن شبيبا لما دخل الْكُوفَة أَقَامَ أمه على مِنْبَر الْكُوفَة حَتَّى خطبت,"Therefore, as soon as he died, his followers paid allegiance to Shabib, until he came to differ with Salih about a certain thing, i.e. he and some of his followers countenanced the Imamate of one of their women, when she took a prominent place in their affairs, and led them out against their opponents. They claimed, moreover, that Ghazalah, the mother of Shabib, held the Imamate after the murder of Shabib, until she was killed. This they proved by the fact that when Shabib entered al-Kufah, he made his mother mount the pulpit of al-Kufah, in order to preach."
وَذكر أَصْحَاب التواريخ أن شبيبا فِي ابْتِدَاء أمره قصد الشَّام وَنزل على روح بن زنباع وَقَالَ لَهُ سل أَمِير الْمُؤمنِينَ أن يفْرض لى فِي أهل الشّرف فَإِن لي فِي بنى شَيبَان تبعا كثيرا فَسَأَلَ روح بن زنباع عبد الْملك بن مَرْوَان ذَلِك فَقَالَ هَذَا رجل لَا أعرفهُ وأخشى أن يكون حروريا فَذكر روح لشبيب أن عبد الْملك بن مَرْوَان ذكر أَنه لَا يعرفهُ فَقَالَ سيعرفني بعد هَذَا,"The historians report that at the beginning of these affairs, Shabib went to Syria and came to Ruh ibn-Zinba‘ and said to him: “Ask the Amir of the Faithful to assign a stipend for me, as one on the honor-roll; for I have a large following among the banu-Shaiban.""So Ruh ibn-Zinba‘ asked this of 'Abd-al-Malik ibn-Marwan. But the latter replied: ""I do not know this man, and I fear that he is a Haruri.""1 So Ruh told Shabib that ‘Abd-al-Malik ibn- Marwan denied any knowledge of him. Shabib replied: kk He will know me after this.”"
وَرجع إلى بنى شَيبَان وَجمع من الْخَوَارِج الصالحية مِقْدَار الف رجل وَاسْتولى بهم على مَا بَين كسكر والمدائن فَبعث الْحجَّاج اليه بعبيد بن أَبى الْمخَارِق المتنبى في الف فَارس فَهَزَمَهُ شبيب فَوجه اليه بِعَبْد الرَّحْمَن بن مُحَمَّد بن الْأَشْعَث فَهَزَمَهُ شبيب وَبعث بعتاب بن وَرْقَاء التميمى فَقتله شبيب وَمَا زَالَ كَذَلِك حَتَّى هزم للحجاج عشْرين جَيْشًا فِي مُدَّة سنتَيْن,"He then returned to the banu-Shaiban, and collected about a thousand men from among the Salihiyah-Khawarij, with whom he took possession of the district which lay between Kaskar2 and al-Mada’in. Al-Hajjaj sent ‘Ubaid ibn-abi-l- Mukharik al-Mutannabi against him with a thousand horsemen, whom Shabib defeated. He then sent against him ‘Abd-al-Rahman ibn-Muhammad ibn-al-Ash'ath, whom Sha- bib also defeated. Then he sent out ‘Attab ibn-Warka’ al- Tamimi, whom Shabib killed. This went on for two years, Shabib putting to flight twenty of the armies of al-Hajjaj."
ثمَّ إِنَّه كبس الْكُوفَة لَيْلًا وَمَعَهُ الف من الْخَوَارِج وَمَعَهُ أمة غزالة وَامْرَأَته جهزية في مِائَتَيْنِ من نسَاء الْخَوَارِج قد اعتقلن الرماح وتقلدن السيوف فَلَمَّا كبس الْكُوفَة لَيْلًا قصد الْمَسْجِد الْجَامِع وَقتل حراس الْمَسْجِد والمعتكفين فِيهِ وَنصب امهِ غزالة على الْمِنْبَر حَتَّى خطبت,"He then fell upon al-Kufah in the night, having a thousand of the Khawarij with him, as well as his mother Ghazalah and his wife Jahziyah with two hundred Kharijite women, who were armed with lances and girded with swords. When he surprised al-Kufah in the night, he attacked the main mosque, killing the guard of the mosque and those praying in it, and he then made his mother Ghazalah mount the pulpit to preach."
وَقَالَ خُزَيْمٌ بن فاتك الأسدى في ذَلِك,Khuraim ibn-Fatik al-Asadi says about this:
… أَقَامَت غزالة سيوف الضراب كَذَا,"""Ghazalah used the sword to strike The people of al-Trakain for one whole year;"
لأهل العراقين حولا قميطا … سمت للعراقين فِي جيشها,"She went as high as al-Trakain with an army,"
فلاق العراقان مِنْهَا طيطا …,She therefore caused al-Trakain suffering.”
وصبر الْحجَّاج لَهُم فِي دَاره لأن جَيْشه كَانُوا مُتَفَرّقين إلى أن اجْتمع جنده إِلَيْهِ بعد الصُّبْح وَصلى شبيب بِأَصْحَابِهِ في الْمَسْجِد وَقَرَأَ في ركعتي الصُّبْح سورتي الْبَقَرَة وَآل عمرَان ثمَّ وافاه الْحجَّاج فِي أَرْبَعَة آلَاف من جنده واقتتل الْفَرِيقَانِ في سوق الْكُوفَة إلى أن قتل أَصْحَاب شبيب وَانْهَزَمَ شبيب فِيمَن بقى مَعَه إلى الأنبار,"His army being scattered, al-Hajjaj waited in his house until he had gathered his troops around him in the morning. In the meantime, Shabib led his companions in prayer in the mosque, and at the morning prayer he read the Surah of the Cow (Surah 2), and the Surah of the Family of ‘Imran (Surah 3). It was just at that point that al-Hajjaj came upon him with four thousand of his army, and the two parties fought in the market place of al-Kufah, until the companions of Shabib were killed, and Shabib forced to flee to al-Anbar, with those who remained with him."
فَوجه الْحجَّاج في طلبه جَيْشًا فهزموا شبيبا من الأنبار إلى الأهواز وَبعث الْحجَّاج سفين بن الْأَبْرَد الكليبي في ثَلَاثَة آلَاف لطلب شبيب فَنزل سفين على شط الدجيل وَركب شبيب جسر الدجيل ليعبر اليه وَأمر سفين أَصْحَابه بِقطع حبال الجسر فَاسْتَدَارَ الجسر وغرق شبيب مَعَ فرسه وَهُوَ يَقُول ذَلِك تَقْدِير الْعَزِيز الْعَلِيم,"Al- Hajjaj sent an army in pursuit, and drove Shabib out of al-Anbar, into al-Ahwaz. Al-Hajjaj sent Sufain ibn-al- Abrad al-Kalbi with three thousand men in pursuit of Shabib. Sufain encamped on the banks of al-Dujail [Little Tigris], while Shabib went to the bridge of Dujail to cross over to him. Sufain, however, commanded his followers to cut down the ropes of the bridge. The bridge, therefore, gave way and Shabib fell into the water with his horse. This happened while he was repeating Surah 6, v. 96: ""This is predestined (by Allah), the mighty, the knowing."""
وَبَايع أَصْحَاب شبيب في الْجَانِب الآخر من الدجيل غزالة أم شبيب وَعقد سفين بن الْأَبْرَد الجسر وَعبر مَعَ جنده إلى أُولَئِكَ الْخَوَارِج وَقتل اكثرهم وَقتل غزالة ام شبيب وَامْرَأَته جهيزه وَأسر البَاقِينَ من اتِّبَاع شبيب وَأمر الغواصين بِإِخْرَاج شبيب من المَاء وَأخذ رَأسه وانفذه مَعَ الاسرى إلى الْحجَّاج فَلَمَّا وقف الاسرى بَين يدى الْحجَّاج أَمر بقتل رجل مِنْهُم,"The followers of Shabib on the other side of al-Dujail then paid allegiance to Ghazalah, the mother of Shabib. But Sufain ibn-Abrad mended the bridge and crossed with his army into the district of the Khawarij, killing most of them, including Ghazalah, the mother of Shabib, and his wife Jahizah,  and taking prisoner the rest of the followers of Shabib. He also commanded the divers to bring the body of Shabib out of the water, and he took his head and sent it with the prisoners to al-Hajjaj. When the prisoners were brought before al-Hajjaj, he commanded that a certain man of them should be killed."
قَالَ لَهُ اسْمَع مني بَيْتَيْنِ أختم بهما عَمَلي ثمَّ أنشأ يَقُول,"That man had said to him: ""Hear from me the two verses with which I will end my work."" Whereupon he began reciting:"
… أَبْرَأ إلى الله من عَمْرو وشيعته,"“I will take refuge with Allah from ‘Amr and his followers,"
وَمن على وَمن أَصْحَاب صفّين … وَمن مُعَاوِيَة الطاغى وشيعته,"And from ‘All and the Companions of Siffin And from Mu‘awiyah, the tyrant, and his followers;"
لَا بَارك الله فِي الْقَوْم الملاعين …,"Bless not, O Allah, the accursed people! ”"
فَأمر بقتْله وبقتل جمَاعَة مِنْهُم وَأطلق البَاقِينَ قَالَ عبد القاهر يُقَال للشبيبة من الخوراج أنكرتم على أم الْمُؤمنِينَ عَائِشَة خُرُوجهَا إلى الْبَصْرَة مَعَ جندها الذي كل وَاحِد مِنْهُم محرم لَهَا لأنها أم جَمِيع الْمُؤمنِينَ في الْقُرْآن وزعمتم أَنَّهَا كفرت بذلك وتلوتم عَلَيْهَا قَول الله تَعَالَى وَقرن في بيوتكن فَهَلا تلوتم هَذِه الْآيَة على غزالة أم شبيب وهلا قُلْتُمْ بكفرها وَكفر من خرجن مَعهَا من نسَاء الْخَوَارِج إلى قتال جيوش الْحجَّاج,"Not only this man’s death, but the death of many others was commanded. The rest were set free. Says ‘Abd-al-Kahir to the Shabibiyah of the Khawarij: It might be said, you discountenanced the departure of the Mother of the Faithful, ‘A’ishah, to al-Basrah with her army, of which each member was forbidden [in marriage], because in the Koran she is the mother of all the faithful; and you claimed that she became a heretic because of this; and you applied to her the words of Allah: ‘And abide still in your houses.’ (Surah 33, v. 3.) Why don’t you apply this verse also to Ghazalah, the mother of Shabib, and so charge her, and the Kharijite women also, with heresy, who went to fight the armies of al-Hajjaj?"
فان أجزتم لَهُنَّ ذَلِك لأنه كَانَ مَعَهُنَّ أَزوَاجهنَّ اَوْ بنوهن واخوتهن فقد كَانَ مَعَ عَائِشَة أَخُوهَا عبد الرَّحْمَن وَابْن اختها عبد الله بن الزبير وكل وَاحِد مِنْهُم محرم لَهَا وَجَمِيع الْمُسلمين بنوها وكل وَاحِد محرم لَهَا فَهَلا أجزتم لَهَا ذَلِك على أن من أجَاز مِنْكُم إمامة غزالة فإمامتها لائقة بِهِ وبدينه وَالْحَمْد لله على الْعِصْمَة من الْبِدْعَة,"Now, if you consider their action permissible, because their husbands, children or brothers were with them, then you should take into account that with ‘A’ishah there were her brother 'Abd- al-Rahman, and her nephew ‘Abdallah ibn-al-Zubair, each one of whom was forbidden to her [in marriage]. Besides, all Moslems are her children, and therefore all are forbidden to her. If, then, some of you accept the Imamate of Ghazalah, so that her Imamate seems proper, why do you not consider ‘A’ishah’s act permissible?"" Praise be to Allah for guarding us from heresy."
‌‌الْفَصْل الثَّالِث من فُصُول هَذَا الْبَاب فِي بَيَان مقالات فرق الضلال من الْقَدَرِيَّة الْمُعْتَزلَة عَن الْحق,CHAPTER III
,THE DOCTRINES OF THE ERRING SECTS AMONG THE
,MU‘TAZILITE KADARIYAH
قد ذكرنَا قبل هَذَا أن الْمُعْتَزلَة افْتَرَقت فِيمَا بَينهَا عشْرين فرقة كل فرقة مِنْهَا تكفر سائرها وَهن الواصلية والعمرية والهذيلية والنظامية والاسوارية والمعمرية والاسكافية والجعفرية والبشرية والمرادارية والهشامية والتمامية والجاحظية والحايطية والحمارية والخياطية واصحاب صَالح قبَّة والمويسية والشحامية والكعبية والجبابية والبهشمية المنسوبة إلى أَبى هَاشم بن الحبالى فَهَذِهِ ثِنْتَانِ وَعِشْرُونَ فرقة فرقتان مِنْهَا من جملَة فرق الغلاة فِي الْكفْر,"WE have already mentioned the fact that the Muffazilah were divided into twenty sects, each one condemning the other as unorthodox. These twenty sects are: The Wasiliyah, the ‘Amriyah, the Hudhailiyah, the Nazzamiyah, the Aswariyah, the Mu‘ammariyah, the Iskafiyah, the Ja‘fariyah, the Bishriyah, the Murdariyah, the Hishamiyah, the Tamamiyah, the Jahiziyah, the Hayitiyah, the Himariyah, the Khaiyatiyah, and the followers of Salih Kubbah, the Muwaisiyah. the Shahhamiyah, the Ka'biyah, the Jubabiyah, and the Bahshamiyah, who are named after abu-Hashim ibn-al-Jubba’i. This makes a total of twenty-two sects, two sects belonging to the heretical groups of the Ghulat."
نذكرها في الْبَاب الذي نذْكر فِيهِ فرق الغلاة وهما الحايطية والحمارية وَعِشْرُونَ مِنْهَا قدرية مَحْضَة يجمعها كلهَا في بدعتها امور مِنْهَا نَفيهَا كلهَا عَن الله عز وجل صِفَاته الازلية وَقَوْلها بِأَنَّهُ لَيْسَ لله عز وجل علم وَلَا قدرَة وَلَا حَيَاة وَلَا سمع وَلَا بصر وَلَا صفة أزلية وَزَادُوا على هَذَا بقَوْلهمْ أن الله تَعَالَى لم يكن لَهُ فِي الأزل اسْم وَلَا صفة وَمِنْهَا قَوْلهم باستحالة رُؤْيَة الله عز وجل بالإبصار وَزَعَمُوا أَنه لَا يرى نَفسه وَلَا يرَاهُ غَيره,"Those we will mention in the chapter dealing with the sects of the Ghulat, they being the Hayitiyah and the Himariyah. The other twenty are pure Kadariyah, all agreeing in certain heretical doctrines, e.g. the common denial that Allah has eternal qualities; the affirmation that Allah has neither knowledge, nor power, nor life, nor hearing, nor seeing, nor any eternal attribute: together with their view that Allah never had a name or an attribute. They claim, furthermore, that it is impossible for Allah to see with his eyes. They say that he himself does not see, nor does anyone see him."
وَاخْتلفُوا فِيهِ هَل هُوَ رَاء نغيره أم لَا فَأَجَازَهُ قوم مِنْهُم وأباه قوم آخَرُونَ مِنْهُم وَمِنْهَا اتِّفَاقهم على القَوْل بحدوث كَلَام الله عز وجل وحدوث أمره وَنَهْيه وَخَبره وَكلهمْ يَزْعمُونَ أن كَلَام الله عز وجل حَادث واكثرهم الْيَوْم يسمون كَلَامه مخلوقا وَمِنْهَا قَوْلهم جَمِيعًا بِأَن الله تَعَالَى غير خَالق لأكساب النَّاس وَلَا لشيء من أَعمال الْحَيَوَانَات وَقد زَعَمُوا أن النَّاس هم الَّذين يقدرُونَ أكسابهم وانه لَيْسَ لله عز وجل في اكسابهم وَلَا في اعمار سَائِر الْحَيَوَانَات صنع وَلَا تَقْدِير وَلأَجل هَذَا القَوْل سماهم الْمُسلمُونَ قدرية,"They differ, however, over the question as to whether Allah can see things better than himself or not, some saying yes, and others no. But they agree in the view that the Word of Allah is created as well as his “thou shalt""; his “thou shalt not"" and his revelation. All claim that the Word of Allah has a beginning, and most of them today call his Word created. They also agree that Allah is not a creator of the paths of men, nor of any of the deeds of animals. They hold, on the other hand, however, that it is man who determines his own affairs, without any interference on the part of Allah, either in these affairs of men or of any of the deeds of animals. It is because of this view that the Moslems call them Kadariyah."
وَمِنْهَا اتِّفَاقهم على دَعوَاهُم في الْفَاسِق من أمة الإسلام بالمنزلة بَين المنزلتين وهى انه فَاسق لَا مُؤمن وَلَا كَافِر ولأجل هَذَا سماهم الْمُسلمُونَ معتزلة لاعتزالهم قَول الإمامة بأسرها,"Another thing in which they agree, is the claim that the sinner within the Islamic religion belongs to a class between the two recognized classes, i.e. that he is a sinner, but neither a believer, nor an unbeliever. Because of this the Moslems call them Muhazilah, since they secede from the views of the community as a whole."
وَمِنْهَا قَوْلهم أن كل مَا لم يَأْمر الله تَعَالَى بِهِ اَوْ نهى عَنهُ من أَعمال الْعباد لم يَشَأْ الله شَيْئا مِنْهَا وَزعم الكعبي في مقالاته أن الْمُعْتَزلَة اجْتمعت على أن الله عز وجل شيء لَا كالأشياء وَأَنه خَالق الأجسام والأعراض وَأَنه خلق كل مَا خلقه لَا من شيء وعَلى أن الْعباد يَفْعَلُونَ أَعْمَالهم بِالْقدرِ الَّتِي خلقهَا الله سبحانه وتعالى فيهم قَالَ وَأَجْمعُوا على أَنه لَا يغْفر لمرتكبي الْكَبَائِر بِلَا تَوْبَة,"Furthermore, they agreed in the view that nothing in the acts of his servants, which Allah did not command or forbid, was willed by him. In his treatise, al-Ka'bi claimed that the Muhazilah agreed that Allah is a thing unlike ordinary things, that he is the creator of bodies and accidents, and everything which he created he created from nothing, and that all believers perform their acts according to what Allah preordains concerning them. He also says that they agree that those who commit major sins are not forgiven unless they repent."
وفى هَذَا الْفَصْل من كَلَام الكعبى غلط مِنْهُ على أَصْحَابه من وُجُوه مِنْهَا قَوْله أن الْمُعْتَزلَة اجْتمعت على أن الله تَعَالَى شَيْء لَا كالاشياء وَلَيْسَت هَذِه الخاصية لله تَعَالَى وَحده عِنْد جَمِيع الْمُعْتَزلَة فَإِن الجبائي وَابْنه أَبَا هَاشم قد قَالَا أن كل قدرَة محدثة شيء لَا كالاشياء وَلم يخصوا رَبهم بِهَذَا الْمَدْح وَمِنْهَا حكايته عَن جَمِيع الْمُعْتَزلَة قَوْلهَا بِأَن الله عز وجل خَالق الأجسام والأعراض وَقد علم أن الاصم من الْمُعْتَزلَة ينفى الأعراض كلهَا,"In these last assertions of aI-Ka‘bi there are several mistakes with regard to his co-believers. He asserts, for example, that the Mu'tazilah agree that Allah is a thing unlike other things. As a matter of fact, according to all the Mu‘tazilah, the attribute of Allah does not belong to Allah alone. Al-Jubba’i and his son abu-Hashim 1 have said: ""All creative power is a thing unlike other things."" They therefore do not limit this praise to their lord alone. Secondly, he is mistaken in his report that all the Mu‘tazilah agree that Allah is the creator of bodies and of accidents, for it is known that the most determined of the Mu'tazilah exclude all accidents."
وَأَن الْمَعْرُوف مِنْهُم بِمَعْمَر يزْعم أن الله تَعَالَى لم يخلق شَيْئا من الأعراض وَأَن ثُمَامَة يزْعم أن الأعراض المتولدة لَا فَاعل لَهَا فَكيف يَصح دَعْوَاهُ إِجْمَاع الْمُعْتَزلَة على أن الله سُبْحَانَهُ خَالق الأجسام والأعراض وَفِيهِمْ من يُنكر وجود الأعراض وَفِيهِمْ من يثبت الأعراض وَيَزْعُم أن الله تَعَالَى لم يخلق شَيْئا مِنْهَا وَفِيهِمْ من يزْعم أن المتولدات أَعْرَاض لَا فَاعل لَهَا والكعبي مَعَ سَائِر الْمُعْتَزلَة زَعَمُوا أن الله تَعَالَى لم يخلق أَعمال الْعباد وَهِي أَعْرَاض عِنْد من أثبت الْأَعْرَاض,"Mu'ammar, among them, claims that Allah created none of the accidents; that derived accidents have no creator. How, then, can his claim be true that the Mu‘tazilah agree that Allah is the creator of bodies and of accidents, since some of them ignore the existence of accidents, others assert their existence, claiming, however, that Allah did not create any of them, while others hold that derived accidents, which arise later [after creation], are accidents which have no creator. Al-Ka'bi, with the rest of the Muhazilah, says that Allah did not create the deeds of his worshipers. According to those believing in accidents, such deeds are accidents."
فَبَان غلط الكعبى في هَذَا الْفَصْل على أَصْحَابه وَمِنْهَا دَعْوَى إِجْمَاع الْمُعْتَزلَة على أن الله خلق مَا خلق لَا من شيء وَكَيف يَصح اجماعهم على ذَلِك والكعبى مَعَ سَائِر الْمُعْتَزلَة سوى الصالحى يَزْعمُونَ أن الْحَوَادِث كلهَا كَانَت قبل حدوثها أَشْيَاء والبصريون مِنْهُم يَزْعمُونَ أن الْجَوَاهِر والأعراض كَانَت في حَال عدمهَا جَوَاهِر وأعراضا وَأَشْيَاء,"Al- Ka‘bi’s mistake in this matter, with regard to his companions, for example, that the Mu‘tazilah were agreed over the view that Allah created what he created from nothing, is therefore an accident. How could they have been agreed about this? Al-Ka'bi and the rest of the Mu‘tazilah, with the exception of al-Salihl, claim that all occurrences were things before their occurrence. The Basri men among them claim that substances and accidents were substances and accidents and things in their state of non-existence."
وَالْوَاجِب على هَذَا الْفَصْل أن يكون الله خلق الشَّيْء لَا من شَيْء وَإِنَّمَا يَصح القَوْل بأنه خلق الشيء لَا من شيء على اصول اصحابنا الصفاتية الَّذين أَنْكَرُوا كَون الْمَعْدُوم شَيْئا واما دَعْوَى إِجْمَاع الْمُعْتَزلَة على أن الْعباد يَفْعَلُونَ أفاعلهم بِالْقدرِ الَّتِي خلقهَا الله تَعَالَى فيهم فغلط مِنْهُ عَلَيْهِم لأن معمرا مِنْهُم زعم أن الْقُدْرَة فعل الْجِسْم الْقَادِر بهَا وَلَيْسَت من فعل الله تَعَالَى والاصم مِنْهُم ينفى وجود الْقُدْرَة لأنه ينفى الأعراض كلهَا,"The correct conclusion in this matter is that Allah creates one thing from another; the view that he creates a thing from nothing being true only according to the principle of the Sifatiyali, our co-believers, who deny the existence of unreal things. As to the claim that the Mu‘tazilah agree that the faithful perform their acts as Allah has preordained them, this is a mistake on his [al-Ka‘bi's] part, because Mu'ammar, who was one of them, claimed that power is the act of a substance that is powerful, and not an act of Allah. The Asamm, among them, however, deny the substance of power because they deny all accidents."
وَكَذَلِكَ دَعْوَى إِجْمَاع الْمُعْتَزلَة على أن الله سُبْحَانَهُ لَا يغْفر لمرتكبي الْكَبَائِر من غير تَوْبَة مِنْهُم غلط مِنْهُ عَلَيْهِم لأن مُحَمَّد بن شبيب البصرى والصالحي والخالدي هَؤُلَاءِ الثَّلَاثَة من شُيُوخ الْمُعْتَزلَة وهم واقفية في وَعِيد مرتكبي الْكَبَائِر وَقد أَجَازُوا من الله تَعَالَى مغْفرَة ذنوبهم من غير تَوْبَة وَبِأَن مَا ذَكرْنَاهُ غلط الكعبي فِيمَا حَكَاهُ عَن الْمُعْتَزلَة وَصَحَّ أن الْمُعْتَزلَة يجمعها مَا حكيناه عَنْهُم مِمَّا أَجمعُوا عَلَيْهِ فأما الذي اخْتلفُوا فِيهِ فِيمَا بَينهم فعلى مَا نذكرهُ فِي تَفْصِيل فرقهم أن شَاءَ الله عز وجل,"In the same way his claim that the Mu‘tazilah agree that Allah does net forgive major sinners who have repented, is an error on his part concerning them, for three of their sheikhs who agreed with the Wakifiyah as to the punishments which threatened major sinners, Muhammad ibn-Shabib al-Basri, al-Salihi, and al-Khalidi considered it sometimes permissible for Allah to forgive such sins, even without repentance. In regard to what we have mentioned about the Mu‘tazilah, al-Ka‘bi has made a mistake. The Mu‘tazilah agree in the matters we referred to. As to the matters over which they differ among themselves, those we shall mention in the section on their sects, please Allah."
ذكر الواصلية مِنْهُم,Concerning the Wasiliyah from among them.
هَؤُلَاءِ اتِّبَاع وَاصل بن عطا الغزال رَأس الْمُعْتَزلَة وداعيهم إلى بدعتهم بعد معبد الْجُهَنِيّ وغيلان الدمشقي وَكَانَ وَاصل من منتابي مجْلِس الْحسن البصرى في زمَان فتْنَة الأزارقة وَكَانَ النَّاس يَوْمئِذٍ مُخْتَلفين في أَصْحَاب الذُّنُوب من امة الإسلام على فرق فرقة تزْعم أن كل مرتكب لذنب صَغِير اَوْ كَبِير مُشْرك بِاللَّه وَكَانَ هَذَا قَول الأزارقة من الخوراج وَزعم هَؤُلَاءِ أن اطفال الْمُشْركين مشركون وَلذَلِك استحلوا قتل اطفال مخالفيهم وَقتل نِسَائِهِم سَوَاء كَانُوا من امة الإسلام اَوْ من غَيرهم,"These are the followers of Wasil ibn-Ata al-Ghazzal, the head of the Mu‘tazilah, and their leader in their heresy after Ma‘bad al-Juham and Ghailan al-Dimashki. Wasil was one of those who paid frequent visits to al-Hasan al-Basri at the time of the rebellion of the Azarikah. At that time the people were divided into sects over the question of sinners within the religion of Islam. One sect claimed that all who commit sin, major or minor, are polytheists. This killing of their women, whether they belonged to the religion of Islam or not."
وَكَانَت الصفرية من الْخَوَارِج يَقُولُونَ في مرتكبي الذُّنُوب بِأَنَّهُم كفرة مشركون كَمَا قالته الأزارقة غير أَنهم خالفوا الأزارقة في الأطفال,"The Sifrlyah among the Khawarij regarded sinners as unbelievers and polytheists, agreeing with the Azarikah in this, although they disagreed with them over the killing of the children."
وَزَعَمت النجدات من الْخَوَارِج أن صَاحب الذَّنب الذي اجمعت الإمامة على تَحْرِيمه كَافِر مُشْرك وَصَاحب الذَّنب الذي اخْتلفت الإمامة فِيهِ حكم على اجْتِهَاد أهل الْفِقْه فِيهِ وعذروا مرتكب مَالا يعلم تَحْرِيمه بِجَهَالَة تَحْرِيمه إلى أن تقوم الْحجَّة عَلَيْهِ فِيهِ,"The Najadat among the Khawarij held that a sinner upon whose condemnation the community had agreed, is an unbeliever and a polytheist, but that the sinner over whom the community has differed should be judged according to the decision of the canonists in this matter. Furthermore, they forgave the sinner so long as he did not know that the sin is forbidden, being in ignorance of this fact, until the testimony is brought against him with respect to it."
وَكَانَت الأباضية من الْخَوَارِج يَقُولُونَ أن مرتكب مَا فِيهِ الْوَعيد مَعَ مَعْرفَته بِاللَّه عز وجل وَبِمَا جَاءَ من عِنْده كَافِر كفران نعْمَة وَلَيْسَ بِكَافِر كفر شرك وَزعم قوم من أهل ذَلِك الْعَصْر أن صَاحب الْكَبِيرَة من هَذِه الإمامة مُنَافِق وَالْمُنَافِق شَرّ من الْكَافِر الْمظهر لكفره,"The Ibadiyah of the Khawarij claimed that the sinner who commits a sin against which he has been warned, knowing of the existence of Allah and what has been revealed from him, is an unbeliever in that he does not recognize the blessings of Allah ; but his heresy is not the same as that of the polytheist. Some of the people of this age went so far as to claim that those who committed major sins in this community were atheists, which is worse than being unbelievers who publicly profess their unbelief."
وَكَانَ عُلَمَاء التَّابِعين في ذَلِك الْعَصْر مَعَ أَكثر الإمامة يَقُولُونَ أن صَاحب الْكَبِيرَة من أمة الإسلام مُؤمن لما فِيهِ من مَعْرفَته بالرسل والكتب الْمنزلَة من الله تَعَالَى ولمعرفته بِأَن كل مَا جَاءَ من عِنْد الله حق وَلكنه فَاسق بكبيرته وفسقه لَا ينفى عَنهُ اسْم الإيمان وَالْإِسْلَام وعَلى هَذَا القَوْل الْخَامِس مضى سلف الإمامة من الصَّحَابَة وأعلام التَّابِعين,"The learned followers of that age held with the rest of the community, tha.t he within the community who commits 98 a major sin is a believer owing to his knowledge of the prophets and the books revealed by Allah; and also because of his knowledge of the fact that all that comes from Allah is truth. He commits a major sin, however, even though his error does not deprive him of the attributes of believer and Islam. To this fifth view conform the companions (of the Prophet) in the early community and their followers."
فَلَمَّا ظَهرت فتْنَة الأزارقة بِالْبَصْرَةِ والأهواز وَاخْتلف النَّاس عِنْد ذَلِك في أَصْحَاب الذُّنُوب على الْوُجُوه الْخَمْسَة الَّتِي ذَكرنَاهَا خرج وَاصل بن عطا عَن قَول جَمِيع الْفرق الْمُتَقَدّمَة وَزعم أن الْفَاسِق من هَذِه الإمامة لَا مُؤمن وَلَا كَافِر وَجعل الْفسق منزلَة بَين منزلتي الْكفْر والإيمان فَلَمَّا سمع الْحسن البصرى من وَاصل بدعته هَذِه الَّتِي خَالف بهَا أَقْوَال الْفرق قبله طرده عَن مَجْلِسه فاعتزل عِنْد سَارِيَة من سواري مَسْجِد الْبَصْرَة وانضم اليه قرينه في الضَّلَالَة عَمْرو ابْن عبيد بن بَاب كَعبد صريخه امهِ,"When the revolt of the Azarikah broke out in al-Basrah and al-Ahwaz, and the people came to differ over sinners in the five ways which we have mentioned, Wasil ibn-‘Ata seceded from the views of all of the preceding sects, claiming that the sinner in that community was neither a believer, nor an unbeliever, giving to this error an intermediate rank between the ranks of belief and unbelief. When al-Hasan al-Basri heard of this heresy of Wasil, in which he differed from the sects preceding him, he drove him out of his audience. Wasil, therefore, took his stand near one of the columns of the mosque of al-Basrah, having as a companion in his error his comrade ‘Amr ibn-‘Ubaid ibn-Bab, as a slave bleats for his mother (text not clear)."
فَقَالَ النَّاس يَوْمئِذٍ فيهما أنهما قد اعتزلا قَول الإمامة وسمى أتباعهما من يَوْمئِذٍ معتزلة ثمَّ إنَّهُمَا أظهرا بدعتهما في الْمنزلَة بَين المنزلتين وضما اليها دَعْوَة النَّاس إلى قَول الْقَدَرِيَّة على رأى معبد الْجُهَنِيّ فَقَالَ النَّاس يَوْمئِذٍ لواصل إِنَّه مَعَ كفره قدري وَجرى الْمثل بذلك في كل كَافِر قدري,"So on that day it was said that these two men had seceded from the accepted view of the community, and they therefore called their followers Mu‘tazilah [seceders]. The two then publicly proclaimed their heresy about this intermediate rank of sin. They also added to it an invitation to join with them in the view of the Kadariyah concerning the doctrine of Ma‘bad al-Juham. It was that occasion which gave rise to the saying that Wasil, with his heresy, is a Kadarite. Thus the saying: ""There is a Kadari in every unbeliever ""was originated."
ثمَّ أن واصلا وعمرا وافقا الْخَوَارِج في تأييد عِقَاب صَاحب الْكَبِيرَة في النَّار مَعَ قَوْلهمَا بِأَنَّهُ موحد وَلَيْسَ بمشرك وَلَا كَافِر وَلِهَذَا قيل للمعتزلة إِنَّهُم مخانيث الْخَوَارِج لأن الْخَوَارِج لما رأو لأهل الذُّنُوب الخلود فِي النَّار سموهم كفرة وحاربوهم والمعتزلة رَأَتْ لَهُم الخلود في النَّار وَلم تجسر على تسميتهم كفرة وَلَا جسرت على قتال أهل فرقة مِنْهُم فضلا عَن قتال جُمْهُور مخالفيهم,"Wasil and ‘Amr agreed with the Khawarij that he who commits a major sin should be punished in hell, but they added that he is nevertheless a believer in the unity of Allah, and therefore neither a polytheist nor an unbeliever. It is 99 owing to this fact that the Mu‘tazilah are not regarded as fully Khawarij, because the Khawarij, condemning sinners to eternal punishment, call them unbelievers, and take up the sword against them, while the Mu‘tazilah, although condemning them to eternal punishment in hell, do not dare to call them unbelievers, nor to fight the people of any of their sects, among those whom they fight for differing from them."
وَلِهَذَا نسب إِسْحَاق بن سُوَيْد العدري واصلا وَعَمْرو بن عبيد إلى الْخَوَارِج لاتفاقهم على تأييد عِقَاب أَصْحَاب الذُّنُوب فَقَالَ في بعض قصائده,"For this reason, Ishak ibn-Suwaid al-‘Adawi asserted that Wasil and ‘Amr ibn-‘Ubaid belonged to the Khawarij, because they [the Khawarij] agreed regarding the punishment of sinners. Al-Adawi said in one of his poems:"
… بَرِئت من الْخَوَارِج لست مِنْهُم,"""I am free of the Khawarij, nor am I one of them,"
من الغزال مِنْهُم وَابْن بَاب … وَمن قوم إذا ذكرُوا عليا,"[Free] from al-Ghazzal among them, and ibn-Bab And from a people who, when they mention ‘Ali,"
يردون السَّلَام على السَّحَاب …,Return the salute to the clouds.”
ثمَّ أن واصلا فَارق السّلف ببدعة ثَالِثَة وَذَلِكَ أَنه وجد أهل عصره مُخْتَلفين في على وَأَصْحَابه وفى طَلْحَة وَالزُّبَيْر وَعَائِشَة وَسَائِر أَصْحَاب الْجمل فَزَعَمت الْخَوَارِج أن طَلْحَة وَالزُّبَيْر وَعَائِشَة وأتباعهم يَوْم الْجمل كفرُوا بقتالهم عليا وَأَن عليا كَانَ على الْحق في قتال أَصْحَاب الْجمل وفى قتال اصحاب مُعَاوِيَة بصفين إلى وَقت التَّحْكِيم ثمَّ كفر بالتحكيم,"Then Wasil developed three more heresies in which he disagreed with his predecessors. One of these differences was owing to the fact that he found the people of his age differing about ‘All and his followers and Talhah and al- Zubair, and ‘A’ishah and the rest of the Followers of the Camel. The Khawarij claimed that Talhah and al-Zubair, and ‘A'ishah and their followers in the Battle of the Camel proved their disbelief in ‘All by the very fact that they fought him. Moreover, they claimed that ‘All was in the right when he fought the Followers of the Camel, and the followers of Mu‘awiyah at Siffin, but erred when it came to the matter of the arbitration (by the two judges)."
وَكَانَ أهل السّنة وَالْجَمَاعَة يَقُولُونَ بِصِحَّة إِسْلَام الْفَرِيقَيْنِ في حَرْب الْجمل وَقَالُوا أن عليا كَانَ على الْحق في قِتَالهمْ واصحاب الْجمل كَانُوا عصاة مخطئين في قتال على وَلم يكن خطؤهم كفرا وَلَا فسقا يسْقط شَهَادَتهم وأجازوا الحكم بِشَهَادَة عذلين من كل فرقة من الْفَرِيقَيْنِ,"The orthodox, however, hold that both sides in the Battle of the Camel were true Moslems. They say that ‘Ali was on the right side when he fought the others, and that the Followers of the Camel were rebellious, and sinned in fighting ‘Ali. Their sin, however, cannot be called heresy, nor transgression, for this would render their testimony void, whereas, as a matter of fact, judgment is possible on the testimony of two just witnesses from either side."
وَخرج وَاصل عَن قَول الْفَرِيقَيْنِ وَزعم أن فرقة من الْفَرِيقَيْنِ فسقة لَا بأعيانهم وَأَنه لَا يعرف الفسقة مِنْهُمَا وأجازوا أن يكون الفسقة من الْفَرِيقَيْنِ عليا واتباعه كالحسن وَالْحُسَيْن وَابْن عَبَّاس وعمار بن يَاسر وأبى أَيُّوب الأنصاري وَسَائِر من كَانَ مَعَ على يَوْم الْجمل وَأَجَازَ كَون الفسقة من الْفَرِيقَيْنِ عَائِشَة وَطَلْحَة وَالزُّبَيْر وَسَائِر اصحاب الْجمل,"Wasil differed from both of these sects over this matter, claiming that one of the two sides must have been unjust, though not of itself; and that the unjust side could not be ascertained. The others contend that the unjust of the two sides might have been ‘Ali and his followers, i.e. al-Hasan, al-Husain, ibn-£Abbas, 'Ainmar ibn-Yasir, abu-Aiyub al-Ansari and the rest who were with ‘All at the Battle of the Camel. Wasil, however, contends that the unjust of the two sides were ‘A’ishah, Talhah, al-Zubair, and the rest of the Followers of the Camel."
ثمَّ قَالَ في تحقق شكه في الْفَرِيقَيْنِ لَو شهد على وَطَلْحَة اَوْ على وَالزُّبَيْر وَرجل من أَصْحَاب على وَرجل من أصحاب الْجمل عندي على باقة بقل لم أحكم بِشَهَادَتِهِمَا لعلمي بِأَن احدهما فَاسق لَا بِعَيْنِه كَمَا لَا أحكم بِشَهَادَة المتلاعنين لعلمي بَأن احدهما فَاسق لَا بِعَيْنِه وَلَو شهد رجلَانِ من اُحْدُ الْفَرِيقَيْنِ أيهما كَانَ قبلت شَهَادَتهمَا,"To prove this he said: “If ‘All and Talhah, or ‘All and al-Zubair, or a man of the followers of ‘AH and a man of the Followers of the Camel, should testify before me over a handful of parsley, I should not decide by the testimony of either of them, because of my knowledge of the fact that one of them is unjust, although not of himself. Likewise I would not decide on the testimony of two who were cursing each other, because of my knowledge of the fact that one of them was unjust, although not of himself. But if two men of one of the sides testified, his testimony would be accepted."""
وَلَقَد سخنت عُيُون الرافضة الْقَائِلين بالاعتزال بشك شيخ الْمُعْتَزلَة في عَدَالَة على واتباعه ومقالة وَاصل في الْجُمْلَة كَمَا قُلْنَا في بعض أشعارنا,"And many are the tears shed by the eyes of the outspoken Rafidah over this sinful seceding of the Sheikh al-Mu‘tazilah on the question of the just cause of ‘All and his followers, and the view of Wasil about the whole matter. As we have said in one of our poems:"
… مقَالَة مَا وصلت بواصل,“A view which is not connected with Wasil —'May Allah split up their unity by this.”
بل قطع الله بِهِ أوصالها,"And if Allah pleases, we will give the end of this poem later."
‌‌وَسَنذكر تَمام أَبْيَات هَذِه القصيدة بعد هَذَا أن شَاءَ الله غز وَجل,
ذكر العمرية مِنْهُم,Concerning the ‘Amriyah among them.
هَؤُلَاءِ أَتبَاع عَمْرو بن عبيد بن بَاب مولى بنى تَمِيم وَكَانَ جده من سبى كَامِل وَمَا ظَهرت الْبدع والضلالات في الْأَدْيَان إِلَّا من ابناء السبايا كَمَا روى في الْخَبَر وَقد شَارك عَمْرو واصلا في بِدعَة الْقدر وفى ضَلَالَة قَوْلهمَا بالمنزلة بَين المنزلتين وفى ردهما شَهَادَة رجلَيْنِ أَحدهمَا من أَصْحَاب الْجمل وَالْآخر من أَصْحَاب علي,"These are the followers of ‘Amr ibn-‘Ubaid ibn-Bab,2 the freed-man of the banu-Tamim. His grandfather was one of the captives of Kabul. The innovations and heresies in religion never appeared except from the children of captives, as is mentioned in reports. The things in which ‘Amr agreed with Wasil were the following: Predestination, the heresy of Kadar, the wrong view about having an intermediate rank for certain errors, and the rejection of the testimony of two men, one of whom came from the Followers of the Camel and the other from the followers of ‘Ali."
وَزَاد عَمْرو على وَاصل في هَذِه الْبِدْعَة فَقَالَ بفسق كلتا الْفرْقَتَيْنِ المتقاتلتين يَوْم الْجمل وَذَلِكَ أن واصلا إِنَّمَا رد شَهَادَة رجلَيْنِ أَحدهمَا من أَصْحَاب الْجمل وَالْآخر من أَصْحَاب على رضى الله عَنهُ وَقبل شَهَادَة رجلَيْنِ كِلَاهُمَا من أحد الْفَرِيقَيْنِ وَزعم عَمْرو أن شَهَادَتهمَا مَرْدُودَة وَإِن كَانَا من فريق وَاحِد لأنه قَالَ بفسق الْفَرِيقَيْنِ جَمِيعًا وَقد افْتَرَقت الْقَدَرِيَّة بعد وَاصل وَعَمْرو في هَذِه الْمَسْأَلَة فَقَالَ النظام وَمعمر والجاحظ في فريقي يَوْم الْجمل بقول وَاصل,"To these heresies ‘Amr added the following: that both the sides fighting in the Battle of the Camel were wrong. Therefore, while Wasil rejected the testimony of two men, one of whom was from the Followers of the Camel, and the other from the followers of ‘All, but accepted the testimony of two men from the same side; ‘Amr claimed that such a testimony was to be rejected even if the witnesses came from the same side, because he considered both sides to be wrong. After Wasil and ‘Amr, the Kadariyah differed over the same point. Al-Nazzam [see below], Mu'ammar and al-Jahiz agreed with Wasil about the sides at the Battle of the Camel."
وَقَالَ حَوْشَب وهَاشِم الأوقص نجت القادة وَهَلَكت الِاتِّبَاع وَقَالَ أهل السّنة وَالْجَمَاعَة بتصويب على وَأَتْبَاعه يَوْم الْجمل وَقَالُوا أن الزبير رَجَعَ عَن الْقِتَال يَوْمئِذٍ تَائِبًا فَلَمَّا بلغ وادى السبَاع قَتله بهَا عَمْرو بن حرمون غرَّة وَبشر على قَاتله بالنَّار وهم طَلْحَة بِالرُّجُوعِ فَرَمَاهُ مَرْوَان بن الحكم وَكَانَ مَعَ أَصْحَاب الْجمل بِسَهْم قَتله,"But Haushab and Hashim al-Aukas said that the leaders of the sect are safe, but the followers are condemned to hell."
,"The Sunnites and the orthodox held that ‘All and his followers were in the right in the Battle of the Camel, claiming, furthermore, that al-Zubair repented on that day and refrained from fighting. When he reached the Wadi al- Siba‘, Amr ibn-Harmuz, taking him by surprise, killed him. ‘AH gave the murderer the good news that he was going to hell. Talhah was on the point of returning, when Marwan ibn-al-Hakam, who was among the Followers of the Camel, shot an arrow at him and killed him."
وَعَائِشَة رضى الله عَنْهَا قصدت الأصلاح بَين الْفَرِيقَيْنِ فغلبها بَنو أَزْد وَبَنُو ضبة على أمرهَا حَتَّى كَانَ من الْأَمر مَا كَانَ وَمن قَالَ بتكفير الْفَرِيقَيْنِ أَو أَحدهمَا فَهُوَ الْكَافِر دونهم هَذَا قَول أهل السّنة فيهم وَالْحَمْد لله على ذَلِك,"It was ‘A’ishah who undertook the reconciliation between the two 102 parties. The banu-Azd and the banu-Dabbah, however, had the upper hand over her, so that she failed. Whoever calls either both or one of the two sides unbelieving, he, rather than they, is the unbeliever. Such is the view of the sunnites, praise be to Allah for this."
ذكر الهذيلية مِنْهُم,Concerning the Hudhailiyah from among them.
هَؤُلَاءِ أَتبَاع أَبى الْهُذيْل مُحَمَّد بن الْهُذيْل الْمَعْرُوف بالعلاف كَانَ مولى لعبد الْقَيْس وَقد جرى على منهاج ابناء السبايا لظُهُور اكثر الْبدع مِنْهُم وفضائحه تترى تكفره فِيهَا سَائِر فرق الإمامة من أَصْحَابه في الاعتزال وَمن غَيرهم وللمعروف بالمرداد من الْمُعْتَزلَة كتاب كَبِير فِيهِ فضائح أَبى الْهُذيْل وفى تكفيره بِمَا انْفَرد بِهِ من ضلالاته وللجبائى أيضا كتاب في الرَّد على أَبى الْهُذيْل في الْمَخْلُوق ويكفره فِيهِ,"These are the followers of abu-al-Hudhail Muhammad ibn-al- Hudhail, known as al-'Allaf. He was a client of ‘Abd-al- Kais, and followed the example of most children of captives, among whom the majority of heresies arose. The rest of the sects of Islam, even including his own followers, the Mu‘tazilah, branded him as an unbeliever. The man known among the Mu‘tazilah by the name of al-Mirdad wrote a long book called Concerning the Heresies of abu-al-Hudhail, and Concerning his Peculiar Forms of Unbelief. Al- Jubba’I also wrote a book refuting the belief of abu-al-Hudhail concerning what is created, in which book al-Jubba I condemned him as an unbeliever."
ولجعفر بن حَرْب أيضا وَهُوَ الْمَشْهُور في زعماء الْمُعْتَزلَة كتاب سَمَّاهُ توبيخ أَبى الْهُذيْل وَأَشَارَ إلى تَكْفِير أَبى الْهُذيْل وَذكر فِيهِ أن قَوْله يجر إلى قَول الذهرية فَمن فضائح أَبى الْهُذيْل قَوْله بِفنَاء مقدورات الله عز وجل حَتَّى لَا يكون بعد فنَاء مقدوراته قَادِرًا على شيء وَلأَجل هَذَا زعم أن نعيم أهل الْجنَّة وأهل النَّار يفنيان وَيبقى حِينَئِذٍ أهل الْجنَّة وَأهل النَّار خامدين لَا يقدرُونَ على شىء,"Ja‘far ibn-Harb, well known among the Mu'tazilah, also had a book entitled Rebuking abu-al-Hudhail. This book points out the unbelief of abu-al-Hudhail, and also mentions the fact that his views tended toward the views of the Dahriyah."
,"Among the heresies of abu-al-Hudhail was his view that the preordination of Allah can cease, at which time Allah would be no longer omnipotent. As a conclusion from this view, he claimed that the bliss of the people of paradise and the torture of the people in hell will cease; the people of paradise and hell remaining in a state of lethargy, unable to do anything."
وَلَا يقدر الله عز وجل في تِلْكَ الْحَال على إحْيَاء ميت وَلَا على إماته حي وَلَا على تَحْرِيك سَاكن وَلَا على تسكين متحرك وَلَا على إِحْدَاث شيء وَلَا على إفناء شيء مَعَ صِحَة عقول الاحياء في ذَلِك الْوَقْت وَقَوله في هَذَا الْبَاب شَرّ من قَول من قَالَ بِفنَاء الْجنَّة وَالنَّار كَمَا ذهب اليه جهم لأن جهما وَإِن قَالَ بفنائهما فقد قَالَ بِأَن الله عز وجل قَادر بعد فنائهما على أن يخلق أمثالهما وَأَبُو الْهُذيْل يزْعم أن ربه لَا يقدر بعد فنَاء مقدوراته على شيء,"Under these circumstances Allah would not be able to raise a man from the dead, nor to cause the death of a living man, nor would he be able to cause the stationary to move, nor the thing in motion to be stationary, nor would he be able to form anything, nor to annihilate anything; and this when people are supposedly sane! His views on this subject are worse than those of the man who believed that paradise and hell would cease, as did Jahm. Jahm, however, although believing that paradise and hell could cease, contended, nevertheless, that after they had ceased, Allah would be able to create their like. This abu-al-Hudhail denied, maintaining that after the cessation of his preordination, his God had no ability to do anything."
وَقد شنع الْمَعْرُوف مِنْهُم بالمرداد على أَبى الْهُذيْل في هَذِه الْمَسْأَلَة فَقَالَ يلْزمه إذا كَانَ ولى الله عز وجل في الْجنَّة قد يناول بإحدى يَدَيْهِ الكأس وبالأخرى بعض التحف ثمَّ حضر وَقت السّكُون الدَّائِم أن يبْقى ولى لله عز وجل ابدا على هَيْئَة المصلوب,"Among the Mu'tazilah, al-Mirdad attacked abu- al-Hudhail, saying: ""According to this, it would follow that if the friend of Allah in paradise happened to be offering a cup to someone in one hand, and a precious gift in the other, when the time of perpetual stillness fell upon all he would forever have to remain in the position of a man being crucified.”"
وَقد اعتذر ابو الْحُسَيْن الْخياط عَن أَبى الْهُذيْل في هَذَا الْبَاب باعتذارين احدهما دَعْوَاهُ أن أَبَا الْهُذيْل اشار إلى أن الله عز وجل عِنْد قرب انْتِهَاء مقدوراته يجمع في أهل الْجنَّة اللَّذَّات كلهَا فيبقون على ذَلِك في سُكُون دَائِم واعتذاره الثاني دَعْوَاهُ أن ابا الْهُذيْل انه كَانَ يَقُول هَذَا القَوْل مجادلا بِهِ خصومه الْبَحْث عَن جَوَابه واعتذاره الأول عَنهُ بَاطِل من وَجْهَيْن,"Abu-al-Husain al-Khaiyat offered the following two pleas as an apology for abu-al-Hudhail. He claimed first that abu-al-Hudhail meant that when the preordination of Allah had ceased, he would gather together all enjoyment for the people of paradise and they would then remain thus in perpetual rest. Secondly, he claimed that abu-al-Hudhail had maintained these views for the sake of arguing with his opponents over their investigations of his answers. This first plea of abu-al-Husain, in defence of abu-al-Hudhail is, however, false from two points of view."
أَحدهمَا أَنه يُوجب اجْتِمَاع لذتين متضادتين في مَحل وَاحِد في وَقت وَاحِد وَذَلِكَ محَال كاستحالة اجْتِمَاع لَذَّة وألم في مَحل وَاحِد وَالْوَجْه الثاني أن هَذِه الِاعْتِذَار لَو صَحَّ لوَجَبَ أن يكون أهل الْجنَّة بعد فنَاء مقدورات الله عز وجل أحسن من حَالهَا في حَال كَونه قَادِرًا وَأما دَعْوَاهُ أن أَبَا الْهُذيْل إِنَّمَا قَالَ بِفنَاء المقدورات مجادلا بِهِ مُعْتَقدًا لذَلِك فالفاضل بَيْننَا وَبَين المعتذر عَنهُ كتب أَبُو الْهُذيْل وَأَشَارَ في كِتَابه الذي سَمَّاهُ بالحجج إلى ماحكيناه عَنهُ,"First, he held that two opposite enjoyments can unite in one place at one time, a condition which is as impossible as the union of pleasure and pain in one place. Secondly, if this plea were true, it would necessarily follow that the condition of the people of paradise after Allah’s preordination had ceased would be better than their condition when Allah was omnipotent. As regards his claim that abu-al-Hudhail taught the cessation of Allah’s preordination only in order to encourage argument, it is refuted by the fact that abu-al-Hudhail wrote down and pointed out this fact in his book called, Proofs of our Assertions."
وَذكر في كِتَابه الْمَعْرُوف بِكِتَاب القوالب بَابا في الرَّد على الدهرية وَذكر فِيهِ قَوْلهم للموحدين إذا جَازَ أن يكون بعد كل حَرَكَة حَرَكَة سواهَا لَا إلى آخر وَبعد كل حَادث حَادث آخر لَا إلى غَايَة فَهَلا صَحَّ قَول من زعم أن حَرَكَة الا وَقبلهَا حَرَكَة وَلَا حَادث إِلَّا وَقَبله حَادث لَا عَن أول لَا حَالَتْ قبله وَأجَاب عَن هَذَا الالزام بتسويته بَينهمَا وَقَالَ كَمَا أن الْحَوَادِث لَهَا ابْتِدَاء لم يكن قبلهَا حَادث كَذَلِك لَهَا آخر لَا يكون بعده حَادث ولأجل هَذَا قَالَ بِفنَاء مقدورات الله عز وجل,"Besides, in his book known as The Book of the Moulds, he gives a chapter on the refutation of the Dahriyah, in which he states their views about believers as follows: ""If it is possible to have a motion after every motion, and so on to the end; and an occurrence after every occurrence, to the end; then is not the view right which contends that there is no motion unpreceded by a motion, nor an occurrence unpreceded by an occurrence?"" He compromised between the two, however, saying: “Just as an occurrence must have a beginning which is not preceded by another occurrence, so there must be an occurrence at the end which is not followed by an occurrence."" It is for this reason that he asserted that Allah’s ability to preordain ceased."
وَسَائِر الْمُتَكَلِّمين من أَصْنَاف فرق الإسلام فرقوا بَين الْحَوَادِث الْمَاضِيَة والحوادث الْمُسْتَقْبلَة بفروق وَاضِحَة لم يهتد اليها أَبُو الْهُذيْل فارتكب لأجل جَهله بهَا قَوْله بِفنَاء المقدورات وَقد ذكرنَا تِلْكَ الفروق الْوَاضِحَة في بَاب الدّلَالَة على حُدُوث الْعَالم فِي كتبنَا الْمُؤَلّفَة في ذَلِك,"The rest of the theologians of Islam, however, distinguished between the preceding occurrence and the following occurrence by characteristic distinctions which escaped abu-al-Hudhail. It was, therefore, because of his ignorance of this that he held his view on the cessation of Allah’s preordination. These evident distinctions we have mentioned in the chapter entitled, ""Evidences on the fact that the world is created, a chapter which is to be found in our books treating of this subject."
والفضيحة الثَّانِيَة من فضائح أَبى الْهُذيْل قَوْله بِأَن أهل الْآخِرَة مضطرون إلى مَا يكون مِنْهُم وان أهل الْجنَّة مضطرون إلى أكلهم وشربهم وجماعهم وَأَن أهل النَّار مضطرون إلى أَقْوَالهم وَلَيْسَ لأحد في الْآخِرَة من الْخلق قدرَة على اكْتِسَاب فعل وَلَا على اكْتِسَاب قَول وَالله عز وجل خَالق أَقْوَالهم وحركاتهم وَسَائِر مَا يوصفون بِهِ وَكَانَت الْقَدَرِيَّة يعيبون جهما في قَوْله أن الْعباد في الدُّنْيَا مضطرون إلى مَا يكون مِنْهُم وَيُنْكِرُونَ على أَصْحَابنَا قَوْلهم بِأَن الله عز وجل خَالق اكساب الْعباد,"The second of abu-al-Hudhail's heresies is his view that the people of the next world are forced to remain as they are; the people of paradise being forced to eat and drink and intermarry, while the people of hell are forced to [stick to] their views. In the other world, no creature will be allowed to perform a deed, or acquire an opinion. Allah is the creator of their views and their actions, and all else that is ascribed to them. The Kadariyah then blamed Jahm because of his view that the servants of Allah in this world are forced to do what they do of themselves, thus opposing our sect in its view that Allah is the creator of that which his servants acquire."
وَيَقُولُونَ لاصحابنا إذا كَانَ هُوَ خَالق ظلم الْعباد وَجب أن يكون ظَالِما وإذا خلق كذب الانسان وَجب أن يكون كَاذِبًا فَهَلا قَالُوا لأبى الْهُذيْل إذا قلت أن الله عز وجل يخلق في الْآخِرَة كذب أهل النَّار في قَوْلهم {وَالله رَبنَا مَا كُنَّا مُشْرِكين} وَجب أن يكون هُوَ الْكَاذِب بِهَذَا القَوْل أن كَانَ الْكَاذِب عِنْدهم من فعل الْكَذِب وَلَا يتَوَجَّه علينا هَذَا الالزام لأَنا لَا نقُول أن الْكَاذِب والظالم من خلق الْكَذِب وَالظُّلم,"They say to our sect: ""If he (Allah) is the creator of the oppression of men, then he must be an oppressor, and if he is the creator of the lies of men, then he must be a liar."" They might as well say to abu-al-Hud- hail: ""If you say that Allah, in the next world, creates the falsehood put in the mouth of the people of hell, as they say: ‘ By Allah, our Lord, we were not polytheists ’ (Surah 6, v. 23), then he must be a liar, according to the view that the liar is the one who creates the lie."" But this conclusion against us does not hold good, because we do hot hold that the oppressors are the ones who created the oppression and the liar the lie."
وَلَكنَّا نقُول أن الظَّالِم من قَامَ بِهِ الظُّلم والكاذب من قَامَ بِهِ الْكَذِب لَا من فعله وَقد اعتذر الْخياط عَن أَبى الْهُذيْل في بدعته هَذِه بِأَن قَالَ أن الْآخِرَة دَار جَزَاء وَلَيْسَت بدار تَكْلِيف فَلَو كَانَ أهل الْآخِرَة مكتسبين لاعمالهم لكانوا مكلفين ولوقع ثوابهم وعقابهم في دَار سواهَا,"On the contrary, we hold that the oppressor is the one from whom oppression proceeds, and the liar the one from whom the lie proceeds, not the one who creates them. Al-Khalyat offered as a plea for this innovation of abu-al-Hudhail the following: ""The next world is a place of rewards and not a place of responsibility; therefore if the people of the other world were the performers of their acts, they would be responsible for them, and their reward xo6 and punishment would be in another world.”"
فَيُقَال للخياط هَل ترْضى بِهَذَا الِاعْتِذَار من أَبى الْهُذيْل ام تسخطه فان رضيته فَقل فِيهِ بِمثل قَوْله وَذَلِكَ خلاف قَوْلك وان سخطته فَلَا معنى لاعتذارك عَنهُ في شيء تكفره,"To this view of al-Khaiyat it can be answered: ""Do you agree with, or reject, this view of abu-al-Hudhail? If you agree, then you say about it the same thing that he says, which, as a matter of fact differs from what you say. But if you reject it, then there is no meaning to your apology for a thing which you yourself condemn."""
وَقُلْنَا لابى الْهُذيْل مَا تنكر من كَون أهل الْآخِرَة مكتسبين لاعمالهم وان يَكُونُوا فِيهَا مأمورين للشكر لله عز وجل على نعمه وَلَا يَكُونُوا مأمورين بِصَلَاة وَلَا زَكَاة وَلَا صِيَام وَلَا يَكُونُوا منتهين عَن المعاصى وَيكون ثوابهم على الشُّكْر وَترك الْمعْصِيَة دوَام النَّعيم عَلَيْهِم وَمَا انكرت عَلَيْهِم من أَنهم يكونُونَ في الاخرة منهيين عَن المعاصى ومعصومين مِنْهَا كَمَا قَالَ أَصْحَابنَا مَعَ أَكثر الشِّيعَة أن الانبياء عليهم السلام كَانُوا في الدُّنْيَا منتهين عَن المعاصى ومعصومين عَنْهَا وَكَذَلِكَ الْمَلَائِكَة مُنْتَهُونَ عَن المعاصى ومعصومون عَنْهَا,"We, however, say to abu-al-Hudhail: ""Why do you say that the condition of the people of the other world is such as to render them unable to perform deeds, and then say that they are commanded to thank Allah for their enjoyment, but not commanded to pray, nor to give alms, nor to fast, nor are they to cease from disobedience; and yet their reward for gratitude and for ceasing from disobedience was to be eternal beatitude for them? And why do you deny that those who are in the next world are to cease from disobedience, and yet are sinless; as we hold, together with most of the Shiites, that the prophets were forbidden sin in this world already, and were sinless; just as the angels were forbidden sin, and were sinless."
وَلذَلِك قَالَ الله عز وجل فيهم {لَا يعصون الله مَا أَمرهم ويفعلون مَا يؤمرون},"For this reason Allah says of them: ‘They disobey not Allah in what he hath commanded them, but execute his behests’ (Surah 66, v. 6)."
والفضيحة الثَّالِثَة من فضائحه قَوْله بطاعات كَثِيرَة لَا يُرَاد الله عز وجل بهَا كَمَا ذهب اليه قوم من الْخَوَارِج الأباضية وَقد زعم أن لَيْسَ في الارض هدى وَلَا زنديق الا وَهُوَ مُطِيع لله تَعَالَى في أشباه كَثِيرَة وان عَصَاهُ من جِهَة كفره وَقَالَ أهل السّنة وَالْجَمَاعَة أن الطَّاعَة لله عز وجل مِمَّن لَا يعرفهُ انما تصح في شيء وَاحِد وَهُوَ النّظر وَالِاسْتِدْلَال الْوَاجِب عَلَيْهِ قبل وُصُوله إلى معرفَة الله,"The third of his heresies was his view that there are those who are obedient without the intention of pleasing Allah. This is also the view of the Ibadiyah among the Khawarij. He claims that there is no Dahri in the world, nor any unbeliever, who is not obedient to Allah in many things, although disobeying him as far as his unbelief is concerned. The Sunnites and the orthodox, however, say: Obedience to Allah from one who does not know him, is possible only 107 in one case, i. e. where there is speculation and deduction, which are necessary before attaining a knowledge of Allah."
فان يفعل ذَلِك يكن مُطيعًا لله تَعَالَى لأنه قد أمره بِهِ وان لم يكن قصد بِفِعْلِهِ لذَلِك النّظر الأول التَّقَرُّب بِهِ إلى الله عز وجل وَلَا تصح مِنْهُ طَاعَة لله تَعَالَى سواهَا الا إذا قصد بهَا التَّقَرُّب بهَا اليه لأنه يُمكنهُ ذَلِك إذا توصل بِالنّظرِ الأول إلى معرفَة الله تَعَالَى وَلَا يُمكنهُ قبل النّظر الأول التَّقَرُّب بِهِ اليه إذا لم يكن عَارِفًا بِهِ قبل نظره واستدلاله,"If a man fulfils this, he becomes obedient (that is, acceptable) to Allah, because Allah has commanded him this. And this is true even if his aim in this act of speculation may not be to draw near to him by means of it. No other obedience to Allah is possible for him, unless its aim be to draw near to him through it, because it is possible for him to draw near to Allah if a knowledge of Allah is attained by this first speculation. Without this contemplation, however, he cannot draw near to Allah, unless by some chance he knew Allah before this speculation and deduction."
وَاسْتدلَّ أَبُو الْهُذيْل على دَعْوَاهُ صِحَة وُقُوع طاعات الله تَعَالَى مِمَّن لَا يعرفهُ بِأَن قَالَ أن أوَامِر الله تَعَالَى بإزائها زواجره فَلَو كَانَ من لَا يعرفهُ فعل ترك جَمِيع أوامره وَجب أن يكون قد صَار إلى جَمِيع زواجره وان يكون من ترك جَمِيع الطَّاعَات قد صَار إلى جَمِيع المعاصي وَلَو كَانَ كَذَلِك لصار الدهري يَهُودِيّا ونصرانيا ومجوسيا وعَلى اديان سَائِر الْكَفَرَة,"Abu-al-Hudhail supported this claim, namely that it is possible to obey Allah without knowing him, by saying that the commands of Allah are in opposition to that which he forbids, if, therefore, he who does not know Allah, neglected all his commands, he must be doing everything which Allah forbids, and in the same manner anyone who has neglected all obedience must be committing all sins. If this were the case a Dahri would be a Jew, a Christian, a Magian, or an adherent of some other unbelief."
وإذا صَار المجوسي تَارِكًا لكل كفر سوى الْمَجُوسِيَّة علمنَا أَنه عَارض بمجوسيته الَّتِي قد نهى عَنْهَا ومطيع لله عز وجل بترك مَا تَركه من انواع الْكفْر لأنه مَأْمُور بِتَرْكِهَا فَقلت لَهُ لَيْسَ الامر في أوَامِر الله تَعَالَى وزواجره على مَا ظننته وَلَكِن لَا خصْلَة من الطَّاعَة الا ويضادها معاص متضادة وَلَا خصْلَة من الإيمان الا ويضادها خِصَال متضادة كل نوع مِنْهَا يضاد النَّوْع الآخر كَمَا يضادها الطَّاعَة وَذَلِكَ بِمَنْزِلَة الْقيام وَالْقعُود والاضطجاع والاستلقاء,"If the Magian, however, rejects all his unbeliefs except his Magianism, he would still be disobeying by his Magianism, which we know was forbidden him, but he would be obeying Allah in the rejection of the rest of his unbeliefs, because Allah had commanded that they be rejected. Verily I say to him, that the commands of Allah and his prohibitions are not what you think them to I0g be, for there is not a quality of obedience without a quality in opposition to it and to each other; there are no qualities of belief which do not have some qualities opposed to them and at the same time to each other. This is similar to the matter of standing up and sitting down, bending down and lying down."
وَقد يخرج عَن الْقعُود من لَا يصير إلى جَمِيع اضداده وانما يخرج من الْقعُود بِنَوْع وَاحِد من أضداده كَذَلِك يخرج عَن كل طَاعَة لله تَعَالَى بِنَوْع وَاحِد من الْكفْر المضاد للطاعات كلهَا لأن ذَلِك النَّوْع من الْكفْر يضاد نوعا آخر من الْكفْر كَمَا يضاد سَائِر الطَّاعَات وَهَذَا وَاضح في نَفسه وان جَهله أَبُو الْهُذيْل,"A man may not be sitting, but he would not then necessarily be doing all its opposites; he would not be sitting, however, if he were doing one of its opposites. In like manner, a man is outside of the realm of obedience to Allah by following one line that is opposed to all the lines of obedience, because that kind of unbelief is opposed to another kind of unbelief, just as it is opposed to the rest of the lines of disobedience. All this is self-evident, although abu-al-Hudhail was ignorant of it."
والفضيحة الرَّابِعَة من فضائحه قَوْله بِأَن علم الله سبحانه وتعالى هُوَ الله وَقدرته هي هُوَ وَيلْزمهُ على هَذَا القَوْل أن يكون الله تَعَالَى علما وقدرة وَلَو كَانَ هُوَ علما وقدرة لاستحال أن يكون عَالما قَادِرًا لأن الْعلم لَا يكون عَالما وَالْقُدْرَة لَا تكون قادرة وَيلْزمهُ أيضا إذا قَالَ أن علم الله هُوَ الله وَقدرته هي هُوَ أن يَقُول أن علمه هُوَ قدرته وَلَو كَانَ علمه قدرته لوَجَبَ أن يكون كل مَعْلُوم لَهُ مَقْدُورًا لَهُ وَهَذَا يُوجب أن يكون رَأْيه مَقْدُورًا لَهُ لأنه مَعْلُوم لَهُ وَهَذَا كفر فَمَا يُؤدى اليه مثله,"The fourth of his heresies is his view that Allah is not only Allah himself, but his knowledge is himself, and his power is also himself. From this view he must conclude that Allah is knowledge and power. But if he is knowledge and power, it is not possible that he should be knowing and powerful; because knowledge cannot be knowing, and power cannot be powerful. He would be forced to draw the same conclusion if he said that the knowledge of Allah is Allah, and his power is Allah. This amounts to saying that his knowledge is his power. And if Allah’s knowledge is his power, abu-al-Hudhail must conclude that all that is known to him is performed by his power ; the Being of Allah, there¬fore, would be something performed by his power, because it is known by him. This is a form of unbelief, and what leads to it is like it."
والفضيحة الْخَامِسَة تقسيمه كَلَام الله عز وجل إلى مَا يحْتَاج إلى مَحل والى مَالا يحْتَاج إلى مَحل وَقد زعم أن قَول الله سُبْحَانَهُ للشيء كن حَادث لَا في مَحل وَسَائِر كَلَامه حَادث في جسم من الأجسام وكل كَلَامه عِنْده اعراض وَقد زعم أن قَوْله للشيء كن من جنس قَول الانسان كن فَفرق بَين عرضين من جنس وَاحِد في حَاجَة احدهما إلى مَحل واستغناء الآخر عَن الْمحل,"His fifth heresy was his division of the words of Allah into that which needs an object and that which does not need an object. He claims that the creative word of Allah to things, ""Be,""is not uttered to an object. The rest of his words, however, had a beginning in some corporeal substance. Yet all his words, according to abu-al-Hudhail, are accidents. Furthermore, he claimed that his creative word to things, ""Be,"" is of the same kind as the word of man, ""Be."" He thus differentiated between two accidents which were of one kind, the difference [between them] being that one needs an object, while the other is able to do without an object."
فاما قَوْله بحدوث ارادة الله سُبْحَانَهُ لَا في مَحل وَقد شَاركهُ فِيهِ الْمُعْتَزلَة البصرية مَعَ قَوْلهم بِأَنَّهَا من جنس وَاحِد ارادتنا المفتقرة إلى الْمحل وَوُجُود كلمة لَا في مَحل يُوجب أن لَا يكون بعض الْمُتَكَلِّمين بَان يتَكَلَّم بهَا أولى من بعض,"As to his view of the existence of a decree of Allah without an object, in this view the Basrah Mu'tazilah share, adding to it that this word [of Allah] is the same as a decree of ours which needs an object. Consequently, according to him, one of the speakers would be no better than the other."
وَلَيْسَ لأبى الْهُذيْل أن يَقُول أن فاعلها أولى بَان يتَكَلَّم بهَا من غَيره لأنه قد قَالَ بَأن الله تَعَالَى يخلق في الْآخِرَة كَلَام أهل الْجنَّة وَكَلَام أهل النَّار وَلَا يكون متكلما بكلامهم فقد أَدَّاهُ قَوْله بِوُجُود كلمة لَا في مَحل إلى تَصْحِيح كَلَام لَا لمتكلم وَهَذَا محَال فَمَا يُؤدى اليه مثله,"Abu-al-Hudhail has no right to assert that the person saying the word is better in what he says than any other, because he had maintained that, in the other world, Allah creates the words of the people of paradise and the words of the people of hell, but he is not the one who' speaks their words. Moreover, his theory of the existence of a word without an object has led him to hold it correct to have words without a speaker, which is an impossibility; what leads to it is like it."
والفضيحة السَّادِسَة من فضائحه قَوْله أن الْحجَّة من طَرِيق الاخبار فِيمَا غَابَ عَن الْحَواس من آيَات الانبياء عليهم السلام وَفِيمَا سواهَا لَا تثبت بِأَقَلّ من عشْرين نفسا فيهم وَاحِد من أهل الْجنَّة اَوْ أَكثر وَلم يُوجب بأخبار الْكَفَرَة والفسقة حجَّة وان بلغُوا عدد التَّوَاتُر الَّذين لَا يُمكن تواطؤهم على الْكَذِب إذا لم يكن فيهم وَاحِد من أهل الْجنَّة وَزعم أن خبر مَا دون الاربعة لَا يُوجب حكما,"His sixth heresy is his view that evidence along the line of reports [of individuals] concerning matters which are not present to the senses, such as the miracles of the prophets, or concerning other matters, cannot be accepted unless there are twenty witnesses, one or more of whom is from the people of paradise (Moslems). Nor would he necessarily accept as evidence the information of unbelievers and impious, even if their number should amount to the number required, for their agreement on a falsehood is inconceivable (mutawatir), unless one of them is a man of paradise He claimed, moreover, that information coming from less than four persons is not to be accepted."
وَمن فَوق الاربعة إلى الْعشْرين قد يَصح وُقُوع الْعلم بخبرهم وَقد لَا يَقع الْعلم بخبرهم وَخبر الْعشْرين إذا كَانَ فيهم وَاحِد من أهل الْجنَّة,"Information, however, coming from any number over four up to twenty may be accepted, or may not. The attainment of knowledge, however, from this information is certain if one of the no twenty is a man of paradise."
يجب وُقُوع الْعلم مِنْهُ لَا محَالة وَاسْتدلَّ على أن الْعشْرين حجَّة بقول الله تَعَالَى {إِن يكن مِنْكُم عشرُون صَابِرُونَ يغلبوا مِائَتَيْنِ} وَقَالَ لم يبح لَهُم قِتَالهمْ الا وهم عَلَيْهِم حجَّة وَهَذَا يُوجب عَلَيْهِ أن يكون خبر الْوَاحِد حجَّة مُوجبَة للْعلم لِأَن الْوَاحِد في ذَلِك الْوَقْت كَانَ لَهُ قتال الْعشْرَة من الْمُشْركين فَيكون جَوَاز قِتَاله لَهُم دَلِيلا على كَونه حجَّة عَلَيْهِم,"This fact about the twenty witnesses he proved by the word of Allah: “Twenty of you who persevere will conquer two hundred idolaters"" (Surah 8, v. 66). To fight these two hundred idolaters, however, was not legal unless the twenty were evidence against them. Accordingly the information of one person must be sufficient for proof (that a thing is legal), because in this case one person had to fight ten unbelievers, and the fact that he was permitted to do this was a sign one was enough as evidence against them."
قَالَ عبد القاهر مَا أَرَادَ ابو الْهُذيْل بِاعْتِبَارِهِ عشْرين في الْحجَّة من جِهَة الْخَبَر إذا كَانَ فيهم وَاحِد من أهل الْجنَّة إِلَّا تَعْطِيل الاخبار الْوَارِدَة في الاحكام الشَّرْعِيَّة عَن فوائدها لأنه أَرَادَ بقوله يَنْبَغِي أن يكون فيهم وَاحِد من أهل الْجنَّة وَاحِد يكون على بدعته في الاعتزال وَالْقدر وفى فنَاء مقدورات الله عز وجل لأن من لم يقل بذلك لَا يكون عِنْده مُؤمنا وَلَا من أهل الْجنَّة وَلم يقل قبل أَبى الْهُذيْل أحد على بِدعَة أَبى الْهُذيْل حَتَّى تكون رِوَايَته في جملَة الْعشْرين على شَرطه,"‘Abd-al-Kahir says: what abu-al-Hudhail meant by his statement that twenty were necessary for establishing evidence, if one of them was a person from paradise, is intended for the abolition of the use of the information in the legal canons; because he meant that there should necessarily be among them one of the people of paradise who would be, according to his heresy, a Mu'tazilah and a Kadarite, and therefore agree with him in his heresy about fate and the cessation of the power of Allah to preordain. He who does not hold this is not, from his point of view, a believer nor of the people of paradise. No one before abu-al-Hudhail held a heresy similar to his heretical view with regard to the necessity of having twenty witnesses."
الفضيحة السَّابِعَة انه فرق بَين أفعال الْقُلُوب وأفعال الْجَوَارِح فَقَالَ لَا يجوز وجود أفعال الْقُلُوب من الْفَاعِل مَعَ قدرته عَلَيْهِ وَلَا مَعَ مَوته وَأَجَازَ وجود أفعال الْجَوَارِح من الْفَاعِل منا بعد مَوته وَبعد عدم قدرته أن كَانَ حَيا لم يمت وَزعم أن الْمَيِّت وَالْعَاجِز يجوز أن يَكُونَا فاعلين لأفعال الْجَوَارِح بِالْقُدْرَةِ الَّتِي كَانَت مَوْجُودَة قبل الْمَوْت وَالْعجز,"His seventh heresy was that he differentiated between the acts of the heart and the acts of the organs (of the body), by saying that it is not possible for the acts of the heart to come from their author, if he has no power over them, or is dead. On the other hand, it is possible for the acts of the organs (of the body) to come from their author even after his death, or after the cessation of his power, in case he is living. He went on to say that the dead and the incapacitated can be the authors of the acts of the organs, through HI the power which existed before death or incapacitation."
وَزعم الجبائي وَابْنه أَبُو هِشَام أن أفعال الْقُلُوب في هَذَا الْبَاب كأفعال الْجَوَارِح في انه يَصح وجودهَا بعد فنَاء الْقُدْرَة عَلَيْهَا وَمَعَ وجود الْعَجز عَنْهَا وَقَول الجبائي وَابْنه في هَذَا الْبَاب شَرّ من قَول ابى الْهُذيْل غير أن ابا الْهُذيْل سبق إلى القَوْل بإجازة كَون الْمَيِّت وَالْعَاجِز فاعلين لأفعال الْجَوَارِح,"But al-Jubba’i and his son abu-Hashim claim that the acts of the heart are in this case like the acts of the organs (of the body), in that it is possible for them to occur when the author is incapacitated, and even after the power to produce the act has ceased. Thus the view of al-Jubbah and his son on this matter is worse than that of abu-al-Hudhail. Abu- al-Hudhail, however, was ahead of him in holding that it was possible for both the dead and the incapacitated to be authors of the acts of the organs."
ونسج الجبائي وَابْنه على منواله في هَذِه الْبِدْعَة وقاسا عَلَيْهِ إجَازَة كَون الْعَاجِز فَاعِلا لأفعال الْقُلُوب ومؤسس الْبِدْعَة عَلَيْهِ وزرها ووزر من عمل بهَا إلى يَوْم الْقِيَامَة من غير نُقْصَان يدْخل في وزن العاملين بهَا,"In this heresy, al-Jubba’i and his son followed abu-al-Hudhail’s example; they went further, however, and concluded that it was possible for an incapacitated man to be the author of the acts of the heart. The founder of a heresy, however, is responsible for its sinfulness, and the sinfulness of those who follow it, up till the day of judgment, with no decrease in the sinfulness of those who choose to follow it."
الفضيحة الثَّامِنَة من فضائحه إِنَّمَا لما وقف على اخْتِلَاف النَّاس في المعارف هَل هي ضَرُورِيَّة أم اكتسابية ترك قَول من زعم انها كلهَا ضَرُورِيَّة وَقَول من زعم أَنَّهَا كلهَا كسبية وَقَول من قَالَ أن الْمَعْلُوم مِنْهَا بالحواس والبداية ضَرُورِيَّة وَمَا علم مِنْهَا بالاستدلال اكتسابية وَاخْتَارَ لنَفسِهِ قولا خَارِجا عَن أَقْوَال السّلف فَقَالَ المعارف ضَرْبَان أَحدهمَا باضطرار وَهُوَ معرفَة الله عز وجل وَمَعْرِفَة الدَّلِيل الداعي إلى مَعْرفَته وَمَا بعْدهَا من الْعُلُوم الْوَاقِعَة عَن الْحَواس أَو الْقيَاس فَهُوَ علم اخْتِيَار واكتساب ثمَّ انه بنى على ذَلِك قَوْله في مهلة الْمعرفَة فَخَالف فِيهَا سَائِر الأمة,"His eighth heresy was as follows: When he discovered that men differed over the question as to whether knowledge is natural or acquired, he rejected both of these views, as well as the view that what is known through the senses and through intuition is natural knowledge, while what is known through induction is acquired knowledge. He then set up for himself a view that differed from all those of his predecessors, saying that knowledge is of two kinds, the one is compulsory knowledge, such as the knowledge of Allah, and knowledge of the evidence leading to a knowledge of him; the second is elective and acquired, such as knowledge of an event gained through the sense, or through syllogisms. From this he drew his view of the belated character of knowledge, in which he differed from the rest of the believers."
فَقَالَ في الطِّفْل انه لَا يلْزمه في الْحَال الثَّانِيَة من حَال مَعْرفَته بِنَفسِهِ أن يأتي بِجَمِيعِ معارف التَّوْحِيد وَالْعدْل بِلَا فصل وَكَذَلِكَ عَلَيْهِ أن يأتى مَعَ مَعْرفَته بتوحيد الله سُبْحَانَهُ وعدله بِمَعْرِِفَة جَمِيع مَا كلفه الله تَعَالَى بِفِعْلِهِ حَتَّى أن لم يَأْتِ بذلك كُله في الْحَال الثَّانِيَة من مَعْرفَته بِنَفسِهِ وَمَات في الْحَال الثَّالِثَة مَاتَ كَافِرًا وعدوا لله تَعَالَى مُسْتَحقّا للخلود في النَّار,"According to this view, he said that the child in the second stage of his knowledge of himself does not have to bring all his knowledge of unity and justice together without a break, but he must bring with the knowledge of the unity and justice of Allah the knowledge of all that Allah has commanded him to do. The result is that if he does not fulfil the requirement of this second stage of his knowledge of himself, and happens to die in the third stage, he dies an infidel and an enemy to Allah, worthy of eternal fire."
واما مَعْرفَته بِمَا لَا يعرف الا بِالسَّمْعِ من جِهَة الاخبار فَعَلَيهِ أن يأتي بِمَعْرِِفَة ذَلِك في الْحَال الثَّانِيَة من سَمَاعه للْخَبَر الذي يكون حجَّة قَاطِعَة للْعُذْر وَكَانَ بشر بن الْمُعْتَمِر يَقُول عَلَيْهِ أن يأتي بالمعارف الْعَقْلِيَّة في الْحَال الثَّالِثَة مَعَ مَعْرفَته بِنَفسِهِ لأن الْحَال الثَّانِيَة حَال نظر وفكر فان لم يَأْتِ بهَا في الْحَال الثَّالِثَة وَمَات في الْحَال الرَّابِعَة كَانَ عدوا لله تَعَالَى مُسْتَحقّا للخلود في النَّار,"As to the knowledge with regard to information which can be known only through hearing, such knowledge should be attained by the child in the second stage of hearing, which constitutes a good excuse for him. Bishr ibn-Mu'tamar, however, said that it was in the third stage that the child must show his mental knowledge, when in the third stage of his knowledge of himself, because the second stage is a stage of speculation and of thought, so that if he does not fulfil this in the third stage, and happens to die in the fourth stage, he will then be an enemy of Allah, worthy of eternal fire."
فهذان القدريان اللَّذَان أنكرا على الأزارقة قَوْلهمَا بَان اطفال مخالفيهم في النَّار وعَلى من زعم أن أَطْفَال الْمُشْركين في النَّار قد زعما أن أطفال الْمُؤمنِينَ إذا مَاتُوا في الْحَال الثَّالِثَة اَوْ الرَّابِعَة من معرفتهم بِأَنْفسِهِم قبل إتيانهم بالمعارف الْعَقْلِيَّة كفرة مخلدون في النَّار من غير كفر اعتقدوه,"Thus there are a few fatalists (Kadarites) who denied the view of the Azarikah that the children of their opponents were condemned to hell, and denied also the view of those who held that the children of unbelievers are condemned to hell; these same men claimed that the children of believers who died in the third or fourth stage of their knowledge of themselves, were condemned to eternal fire, although they had committed no unblief."
الفضيحة التَّاسِعَة من فضائحه انه أجَاز حَرَكَة الْجِسْم الْكثير الاجزاء بحركة تحل في بعض اجزائه وَلم يخبر مثل هَذَا في اللَّوْن وَقَالَ سَائِر الْمُتَكَلِّمين أن الْجُزْء الذي قَامَت بِهِ الْحَرَكَة هُوَ المتحرك بهَا دون غَيره من اجزاء الْجُمْلَة كَمَا أن الْجُزْء الذي يقوم بِهِ السوَاد هُوَ الاسود بِهِ دون غَيره من أجزاء الْجُمْلَة وان تحركت الْجُمْلَة كَانَ في كل جُزْء مِنْهَا حَرَكَة كَمَا لَو اسودت الْجُمْلَة كَانَ في كل جُزْء مِنْهَا سَواد,"His ninth heresy lay in the fact that he contended that it is possible for a body having parts to have its motion confined to certain of its parts. In the case of color, he held that this was not possible. The rest of the philosophers said that it is only the part in which motion arises that is the thing moving, and that the motion does not apply to the combination of all parts, just as the part which is black, is the black part; blackness not extending to the combination of all the parts. If, however, the combination of all the parts moves, there is motion in every part, just as if the whole is black, every part is black."
الفضيحة الْعَاشِرَة من فضائحه قَوْله بَان الْجُزْء الذي لَا يتَجَزَّأ لَا يَصح قيام اللَّوْن بِهِ إذا كَانَ مُنْفَردا وَلَا تصح رُؤْيَته إذا لم يكن فِيهِ لون وَهَذَا يُوجب عَلَيْهِ أن الله تَعَالَى لَو خلق جُزْءا مُنْفَردا لم يكن رائيا لَهُ وَالْحَمْد لله الذي أنقذ أهل السّنة من الْبدع الَّتِي حليناها في هَذَا الْبَاب من أَبى الْهُذيْل,"His tenth heresy is his view that the part of a body which cannot be divided, cannot have a color of itself, when it is alone, nor can it be seen when there is no color in it. This forces the conclusion that if Allah created the part by itself, he could not see it. Praise be to Allah who has preserved the Sunnites from the heresies which we have given in this chapter on abu-al-Hudhail."
ذكر النظامية مِنْهُم هَؤُلَاءِ اتِّبَاع أَبى اسحق ابراهيم بن سيار الْمَعْرُوف بالنظام والمعتزلة يموهون على الاغمار بديته يوهمون انه كَانَ نظاما للْكَلَام المنثور وَالشعر الْمَوْزُون وانما كَانَ ينظم الخرز فِي سوق الْبَصْرَة ولأجل ذَلِك قيل لَهُ النظام وَكَانَ في زمَان شبابه قد عَاشر قوما من الثنوية وقوما من السمتية الْقَائِلين بتكافؤ الأدلة,"Concerning the Nazzamiyah. These are the followers of abu-Ishak Ibrahim ibn-Saiyar, called al-Nazzam. The Mu'tazilah try to deceive the common people when they assert that he was called al-Nazzam because he composed prose and well-measured poetry. As a matter of fact, he composed only beads in the market of al-Basrah, and it was because of this that he was called al-Nazzam. During his youth he mingled with the sect of the Dualists and the Sophists (Sumaniyah), who assert that all proofs are equal."
وخالط بعد كبره قوما من ملحدة الفلاسفة ثمَّ خالط هِشَام بن الحكم الرافضي فاخذ عَن هِشَام وَعَن ملحدة الفلاسفة قَوْله بإبطال الْجُزْء الذي لَا يتَجَزَّأ ثمَّ بنى عَلَيْهِ قَوْله بالطفرة الَّتِي لم يسْبق اليها وهم اُحْدُ قبله واخذ من الثنوية قَوْله بَان فَاعل الْعدْل لَا يقدر على فعل الْجور وَالْكذب,"He later fell in with the heretic philosophers, after which he associated with Hisham ibn-al-Hakam al-Rafidi. From Hisham and the heretic philosophers he took the view on the non-existence of the atom that is indivisible. From this he drew his view of the leap which no one before had thought of. From the dualists he took his view that he who performs justice can neither oppress nor lie."
وأخذ من هِشَام بن الحكم أيضا قَوْله بَأن الألوان والطعوم والروائح والأصوات أجسام وَبنى على هَذِه الْبِدْعَة قَوْله بتداخل الأجسام في حيّز وَاحِد ودلين مَذَاهِب الثنوية وبدع الفلاسفة وَشبه الملحدة في دين الإسلام وأعجب بقول البراهمة بإبطال النبوات وَلم يَجْسُر على اظهار هَذَا القَوْل خوفًا من السَّيْف,"He further took from Hisham ibn-al-Hakam that colors, taste, smell and sound are bodies. It was from this heresy that he drew the conclusion that bodies penetrate each other in the same space. He agreed, moreover, with the dualists, with the innovators among philosophers, and with the quasiheathen in Islam. He also admired the view of the Brahmans who disbelieved in prophecies. He did not, however, venture to profess this view, fearing the sword."
فأنكر إعجاز الْقرَان في نظمه وأنكر مَا روى في معجزات نَبينَا صلى الله عليه وسلم من انْشِقَاق الْقَمَر وتسبيح الْحَصَا في يَده ونبوع المَاء من بَين اصابعه ليتوصل بإنكار معجزات نَبينَا عليه السلام إلى إنكار نبوته ثمَّ إنه استثقل احكام شَرِيعَة الإسلام في فروعها وَلم يَجْسُر على إظهار رَفعهَا فأبطل الطّرق الدَّالَّة عَلَيْهَا,"Furthermore, he denied the miraculous nature of the Koran as regards its composition, and he also denied the miracles which are reported of our Prophet—for example, “the splitting of the moon; that stones in his hand had praised Allah; that water had sprung forth between his fingers”—so that denying the miracles of our Prophet he almost came to deny his prophecy. Moreover, he found the fulfilment of the regulations of Islamic law unbearable. He did not, however, dare to profess its abolition, although he denied evidences leading to it."
فأنكر لأجل ذَلِك حجَّة الاجماع وَحجَّة الْقيَاس في الْفُرُوع الشَّرْعِيَّة وأنكر الْحجَّة من الاخبار الَّتِي لَا توجب وَالْعلم الضروري ثمَّ انه علم إجماع الصَّحَابَة على الاجتهاد في الْفُرُوع الشَّرْعِيَّة فَذكرهمْ بِمَا يَقْرَؤُهُ غَدا من صحيفَة مخازيه,"It was on this ground that he denied ""the evidence of the agreement of the community and the evidence of analogy,"" in developing the derivative institutes of the law. He also rejected proof drawn from witnesses whose evidence is not accepted, as well as the claim that knowledge is natural. He himself taught that the Companions had agreed in developing these institutes, and he reminded the people of what he had read in the pages written by his opponents."
وَطعن في فَتَاوَى اعلام الصَّحَابَة رضى الله عَنْهُم وَجَمِيع فرق الإمامة من فريقي الرأي والْحَدِيث مَعَ الْخَوَارِج والشيعة والنجارية واكثر الْمُعْتَزلَة متفقون على تَكْفِير النظام وانما تبعه في ضلالته شرذمة من الْقَدَرِيَّة كالاسواري وَابْن حايط وَفضل الحدثي والجاحظ مَعَ مُخَالفَة كل وَاحِد مِنْهُم لَهُ في بعض ضلالاته وَزِيَادَة بَعضهم عَلَيْهِ فِيهَا واعجاب هَؤُلَاءِ النَّفر الْيَسِير بِهِ كإعجاب الْجعل بدحروجته,"He criticized the juridical decisions of the Companions, however, and of all of the sects of Islam, which had split over doctrine or tradition, including the Khawarij and the Shihtes and the Najjariyah. Most of the Mu'tazilah united in condemning al-Nazzam. Of the Kadariyah, only a few followed him in his errors, e.g. al-Aswari and ibn-Hayit, Fadl al-Hadathi and al-Jahiz; each one of them differing with him on some of his errors, and adding to others. The admiration of this minority which followed him was like the admiration of the scarab beetle when rolling its ball (of dung)."
وَقد قَالَ بتكفيره اكثر شُيُوخ الْمُعْتَزلَة مِنْهُم أَبُو الْهُذيْل فانه قَالَ بتكفيره في كِتَابه الْمَعْرُوف بِالرَّدِّ على النظام وفى كِتَابه عَلَيْهِ في الأعراض والإنسان والجزء الذي لَا يتَجَزَّأ وَمِنْهُم الجبائي كفر النظام في قَوْله أن المتولدات من أفعال الله بِإِيجَاب الْخلقَة والجبائي في هَذَا الْبَاب هُوَ الْكَافِر دون غَيره غير انا أردنَا أن نذْكر تَكْفِير شُيُوخ الْمُعْتَزلَة بَعْضهَا بَعْضًا وكفره الجبائي في إحالته قدرَة الله تَعَالَى على الظُّلم وكفره في قَوْله بالطبائع وَله في ذَلِك كتاب عَلَيْهِ وعَلى معمر في الطبائع,"Most of the sheikhs of the Mu'tazilah agreed that he was a heretic, including abu-al-Hudhail, who called him a heretic in his book entitled An Answer to al- Nazzam, also in his book directed against him on Accidents, Man and Indivisible Atoms. The view for which al-Jubba I condemned him, was the one which held that the deeds of Allah are brought forth by the affirmation of (their) crea¬tion. In this case it is al-Jubba’i who is the heretic, and no one else. We would like to mention a few of some of the heresies of the Mu‘tazilah."
,"Al-Jubba’i also condemned al-Nazzam for rejecting that Allah could be tyrannical, as well as for his view about the four humours of the body. It was on this last subject that he wrote a book against him and against Mu'ammar."
وَمِنْهُم الإسكافي لَهُ كتاب على النظام كفره فِيهِ في اكثر مذاهبه وَمِنْهُم جَعْفَر بن حَرْب صنف كتابا في تَكْفِير النظام بإبطاله الْجُزْء الذي لَا يتَجَزَّأ واما كتب أهل السّنة وَالْجَمَاعَة في تكفيره فَالله يحصيها ولشيخنا ابى الْحسن الاشعري رحمه الله في تَكْفِير النظام ثَلَاثَة كتب وللقلانسي عَلَيْهِ كتب ورسائل,"Among the Mu‘tazilah there was also al-Iskafi who wrote a book against al-Nazzam in which he condemned him for most of his doctrines. JaTar ibn-Harb also wrote a book concerning al-Nazzam’s heresy in that he denied the indivisible atom. As to the books written in condemnation of him by the Sunnites and the orthodox, Allah alone can count them. Our sheikh abu-l-Hasan al-Ash‘ari wrote three books on the heresies of al-Nazzam. Al-Kalanisi also wrote books and dissertations against him."
وللقاضي أبى بكر مُحَمَّد بن أَبى الطّيب الأشعري رحمه الله كتاب كَبِير في بعض اصول النظام وَقد أَشَارَ إلى ضلالاته في كتاب إكفار المتأولين وَنحن نذْكر في هَذَا الْكتاب مَا هُوَ الْمَشْهُور من فضائح النظام,The Kadi abu-Bakr Muhammad ibn-abi-al-Taiyib al-Ash‘ari wrote a big book on some of the fundamental doctrines of al-Nazzam. He has pointed out his errors in the book on the heresies of the expositors. In this book of ours we shall mention the most famous of al-Nazzam’s heresies.
فأولها قَوْله بَأن الله عز وجل لَا يقدر أن يفعل بعباده خلاف مَا فِيهِ صَلَاحهمْ وَلَا يقدر على أن ينقص من نعيم أهل الْجنَّة ذرة لأن نعيمهم صَلَاح لَهُم وَالنُّقْصَان مِمَّا فِيهِ الصّلاح ظلم عِنْده وَلَا يقدر أن يزِيد في عَذَاب أهل النَّار ذرة وَلَا على أن ينقص من عَذَابهمْ شَيْئا وَزعم أيضا أن الله تَعَالَى لَا يقدر على أن يخرج أحدا من أهل الْجنَّة عَنْهَا وَلَا يقدر على أن يلقي في النَّار من لَيْسَ من أهل النَّار,"First of all we will take up his theory that Allah has not 116 the power to do to his worshippers that which is not to their good. Nor does he consider Allah capable of taking away a jot from the enjoyment of the people of paradise, because their enjoyment is their just share, and the lessening of this share would therefore be injustice. Nor can Allah increase the torment of those in hell a jot, nor take a jot away from it. He also claims that Allah has not the power to remove anyone from paradise, or to throw into hell anyone who does not belong to the people of hell."
وَقَالَ لَو وقف طِفْل على شَفير جَهَنَّم لم يكن الله قَادِرًا على القائه فِيهَا وَقدر الطِّفْل على القاء نَفسه فِيهَا وقدرت الزَّبَانِيَة أيضا على القائه فِيهَا ثمَّ زَاد على هَذَا بَأن قَالَ إن الله تَعَالَى لَا يقدر على أن يعمى بَصيرًا اَوْ يزمن صَحِيحا اَوْ يفقر غَنِيا إذا علم أن الْبَصَر وَالصِّحَّة والغنى أصلح لَهُم وَكَذَلِكَ لَا يقدر على أن يغنى فَقِيرا أَوْ يصحح زَمنا إذا علم أن الْمَرَض والزمانة والفقر أصلح لَهُم,"According to this view, he said that if a child stood at the edge of hell, Allah would have no power to throw him in, but the child could throw himself in, and the Zabaniyah can throw him in. To this he added that Allah could not blind a person who has sight, nor give a disease to a healthy one, nor impoverish a rich person, if he knows that sight and health and wealth are for their good. In the same way he cannot enrich a poor person, nor heal a sick one, if he knows that disease and sickness and poverty are for their good."
ثمَّ زَاد على هَذَا أن قَالَ انه لَا يقدر على أن يخلق حَيَّة اَوْ عقربا اَوْ جسما يعلم أن خلق غَيره اصلح من خلقه وَقد أكفرته البصرية من الْمُعْتَزلَة في هَذَا القَوْل وَقَالُوا أن الْقَادِر على الْعدْل يجب أن يكون قَادِرًا على الظُّلم والقادر على الصدْق يجب أن يكون قَادِرًا على الْكَذِب وان لم يفعل الظُّلم وَالْكذب لقبحهما اَوْ غناهُ عَنْهُمَا وَعلم بغناه عَنْهُمَا لأن الْقُدْرَة على الشَّيْء يجب أن يكون قدرَة على صده,"To this he then added the view that Allah could not create a snake or a scorpion, or a body of any kind, if he knows that the creation of something else would be better than their creation. The Basriyah among the Mu‘tazilah condemned this view and said that he who has power over justice must have power over injustice, and he who has power over truth must have power over falsehood, though he may not commit oppression, nor lie, because of the hideous nature of these acts or because he realizes his ability to do without them, because ability to do a thing necessitates also the ability to do the opposite."
فإذا قَالَ النظام أن الله تَعَالَى لَا يقدر على الظُّلم وَالْكذب لزمَه أن لَا يكون قَادِرًا على الصدْق وَالْعدْل وَالْقَوْل بأنه لَا يقدر على الْعدْل كفر فَمَا يُؤدي إليه مثله وَقَالُوا أيضا لَا فرق بَين قَول النظام إِنَّه يكون من الله تَعَالَى مَالا يقدر على صده وَلَا على تَركه وَبَين قَول من زعم أنه مطبوع على فعل لَا يَصح مِنْهُ خِلَافه وَهَذَا كفر فَمَا يُؤدي إليه مثله,"Now, if al-Nazzam held that Allah had no power over injustice and falsehood, he would be forced to say that he had no power over truth and justice either. Such a view as the latter is heresy, bringing in its train other heresies as bad. They also say that there is no difference between al-Nazzam’s view that Allah had no power to hinder nor to cause to act, and the view claiming that he is forced to perform deeds without his own choice. This also is a heresy, bringing in its train other heresies as bad."
وَمن عجائب النظام في هَذِه الْمَسْأَلَة أنه صنف كتابا على الثنوية وتعجب فِيهِ من قَول المانوية بَأن النُّور يَأْمر اشكاله الْمُخْتَلفَة بالظلمة يفعل الْخَيْر وَهِي مِمَّا لَا تقدر على الشَّرّ وَلَا يَصح مِنْهَا فعل الشرور وتعجب من ذمّ الثنوية الظلمَة على فعل الشَّرّ مَعَ قَوْلهَا بَأن الظلمَة لَا تَسْتَطِيع فعل الْخَيْر وَلَا تقدر إلا على الشَّرّ,"One of the remarkable acts of al-Nazzam in this connection is that he wrote a book on Dualism and in it expressed his surprise at the view of the Manicheans, that light orders its different kinds which are to be found in darkness to do good, although darkness can do only evil and can predicate naught but evil deeds. Al-Nazzam expressed his surprise that the Dualists blame darkness for doing evil when they claim that it has no power to do good, but can do evil only."
فَيُقَال لَهُ إذا كَانَ الله عنْدك مشكورا على فعل الْعدْل والصدق وَهُوَ غير قَادر على فعل الظُّلم وَالْكذب فَمَا وَجه إنكارك على الثنوية ذمّ الظُّلم على الشَّرّ وهى عِنْدهم لَا تعذر على خلاف ذَلِك,"One might say to him, “If, according to you, Allah is to be praised for performing justice and truth, and has not the power to perform injustice and falsehood, why then do you deny the view of the Dualists in blaming darkness for doing evil, even though it can do nothing else?”"
الفضيحة الثَّانِيَة من فضائحه قَوْله أن الانسان هُوَ الرّوح وَهُوَ جسم لطيف فداخل لهَذَا الْجِسْم الكثيف مَعَ قَوْله بَان الرّوح هي الْحَيَاة المشابكة لهَذَا الْجَسَد وَقد زعم انه في الْجَسَد على سَبِيل المداخلة وانه جَوْهَر وَاحِد غير مُخْتَلف وَلَا متضاد وفى قَوْله هَذَا فضائح لَهُ مِنْهَا أن الانسان على هَذَا القَوْل لَا يرى على الْحَقِيقَة وانما يرى الْجَسَد الذي فِيهِ الانسان وَمِنْهَا انه يُوجب أن الصَّحَابَة مَا رَأَوْا رَسُول الله صلى الله عَلَيْهِ وَسلم وإنما رَأَوْا قالبا فِيهِ الرَّسُول,"His second heresy was his view that man is a soul, which, in the form of a rarified body enters the compact body. This was in addition to his other view that this soul is life in union with the body. He claimed further that in the body it became a compact union, and therefore one substance without difference or opposition. From this view results the heresy that it is not man who can be seen, but the body in which he is. This would force the conclusion that the Companions did not see the Prophet of Allah, but saw only the mould in which the Prophet was."
وَمِنْهَا يُوجب أن لَا يكون اُحْدُ قد رأى اباه وامه وانما رأى قالبيهما وَمِنْهَا انه إذا قَالَ في الانسان انه لَيْسَ هُوَ الْجَسَد الظَّاهِر وانما هُوَ روح مدَاخِل للجسد لزمَه أن يَقُول في الجماد أيضا انه لَيْسَ هُوَ جسده وانما هُوَ روح في جسده وَهُوَ الْحَيَاة المشابكة للجسد وَكَذَلِكَ القَوْل في الْفرس وَسَائِر الْبَهَائِم وَجَمِيع الطُّيُور والحشرات واصناف الْحَيَوَانَات وَكَذَلِكَ القَوْل في الْمَلَائِكَة وَالْجِنّ والانس وَالشَّيَاطِين,"According to this no one sees his father and his mother, but only their moulds. Furthermore, if he says of man that he is not an external body, but only a soul within a body, he must then say the same of the ass, that he too is not his body and is only a soul in his body, and that he is the life in union with the body. This would be true also of the horse and the rest of the four-footed animals, and all the birds and reptiles and the rest of animal kind. It would apply also to angels and jinn, man and devils."
وَهَذَا يُوجب أن احدا مَا رأى حمارا وَلَا فرسا وَلَا طيرا وَلَا نوعا من الْحَيَوَان وَيُوجب أيضا أن لَا يكون النبي رأى ملكا وَيُوجب أن الْمَلَائِكَة لَا يرى بَعضهم بَعْضًا وانما رأى الراؤون قوالب هَذِه الاشياء الَّتِي ذَكرنَاهَا وَمِنْهَا انه إذا قَالَ أن الرّوح الَّتِي فِي الْجَسَد هي الانسان وهى الفاعلة دون الْجَسَد الذي هُوَ قالبه لزمَه أن يَقُول أن الرّوح هي الزَّانِيَة والسارقة والقاتلة,"It would, therefore, follow that no one ever sees an ass or a horse or a bird, or any kind of animal. Furthermore, the Prophet did not see an angel, nor do the angels see each other. In fact, anyone looking must see only the moulds of the things which we have enumerated. Still further, when he says that the soul in the body is the man, and that it is the doer rather than the body which is its mould, he must then conclude that it is the soul which is the adulterer or the thief or the murderer."
فإذا جلد الْجَسَد وَقطعت يَده صَار الْمَقْطُوع غير السَّارِق والمجلود غير الزاني وفى هَذَا غنى وَيَقُول الله عز وجل {الزَّانِيَة وَالزَّانِي فاجلدوا كل وَاحِد مِنْهُمَا مائَة جلدَة} وَقَوله {وَالسَّارِق والسارقة فَاقْطَعُوا أَيْدِيهِمَا} وَكَفاهُ بعناد الْقُرْآن خزيا,"Accordingly, if the body is lashed, or the hand cut off, the amputated member is not after all the real thief, nor the body lashed the real adulterer . . . this is sufficient; for Allah has said: ‘‘ The whore and the whore-monger . . . scourge each one of them with an hundred stripes ""(Surah 24, v. 2). And he has also said: “As to the thief, whether man or woman, cut ye off their hands in recompense for their doings""(Surah 5, v. 42). This is sufficient proof from the Koran of his error."
الفضيحة الثَّالِثَة من فضائحه قَوْله بَان الرّوح الَّتِي هِيَ الانسان بِزَعْمِهِ مستطيع بِنَفسِهِ حي بِنَفسِهِ وانما يعجز لآفة تدخل عَلَيْهِ وَالْعجز عِنْده جسم وَلَا يَخْلُو من أن يَقُول في الْعَاجِز وَالْمَيِّت انهما نفس الانسان الذي يكون حَيا قَادِرًا اَوْ يَقُول أن الْمَيِّت الْعَاجِز جسده فان قَالَ أن الانسان هُوَ الذي يعجز وَيَمُوت أبطل قَوْله بِأَن الانسان حي بِنَفسِهِ ومستطيع بِنَفسِهِ لوُجُود نَفسه في حَال مَوته وعجزه ميته اَوْ عاجزه,"His third heresy was his view that the soul which is man, has the power (to act) of itself, lives through itself, and becomes incapacitated because of a calamity which befalls it, this incapacity itself being a body. This view forces him to say that the incapacitated and the dead are the soul of the man who is living and able, or else that the incapacitated dead is the man’s body. If he says that man is the thing which becomes incapacitated and dies, he must give up his view that man lives by himself, and has the power to act of himself; for in that case his soul exists even in the case of his death, while he himself is dead or incapacitated."
وإن زعم أن الرّوح هي قوى بِنَفسِهِ وأن الْجَسَد هُوَ الذي يَمُوت ويعجز غير الذي كَانَ حَيا قَادِرًا وَيجب على هَذَا القَوْل أن لَا يكون الله تَعَالَى قَادِرًا على احياء ميت وَلَا على اماتة حي وَلَا على اقدار عَاجز وَلَا على تعجيز قَادر لأن الحي عِنْده لَا يَمُوت والقوي لَا يعجز,"If, on the other hand, he claims that it is the soul which has strength of itself, and that it is the body that dies and becomes incapacitated, then it must be different from that which lives and has power. From this it follows that Allah has no power to resuscitate the dead, nor cause the living to die, nor to give power to an incapacitated person, nor to incapacitate an able one. For the living cannot die, nor the strong become incapacitated."
وَقد وصف الله تَعَالَى نَفسه بأنه يحيى الْمَوْتَى وإن زعم أن الرّوح حي قوي بِنَفسِهِ وإنما تَمُوت وتعجز لأنه تدخل عَلَيْهِ لم ينْفَصل مِمَّن يزْعم أنها ميتَة عاجزة بِنَفسِهَا وإنما تحيى وتقوى بحياة وقدرة تدخلان عَلَيْهِمَا,"But Allah has attributed to himself the ability to resuscitate the dead. If al-Nazzam claims that the soul lives and has power of itself, and dies and becomes incapacitated only because harm comes to it, then he does not differ from those who claim that the soul is dead and becomes incapacitated of itself, and lives and has strength only through the life and strength that enter into it."
الفضيحة الرَّابِعَة من فضائحه قَوْله أن الرّوح جنس وَاحِد وافعاله جنس وَاحِد وان الأجسام ضَرْبَان حي وميت وان الحى مِنْهَا يَسْتَحِيل أن يصير مَيتا وَالْمَيِّت يَسْتَحِيل أن يصير حَيا وانما اخذ هَذَا القَوْل من الثنوية والبرهانية الَّذين زَعَمُوا أن النُّور حَيّ خَفِيف من شَأْنه الصعُود ابدا وان الظلام موَات ثقيل من شَأْنه التسفل ابدا وان الثقيل الْمَيِّت محَال أن يصير خَفِيفا وان الْخَفِيف الحى محَال أن يصير ثقيلا مَيتا,"His fourth heresy is the view that the soul is of one kind, and its deeds of another kind; that bodies are of two kinds, living and dead; and that it is impossible for the living body to die, or for the dead to become alive. This view he took from the Burhanite Dualists, who claim that light is an imponderable living body whose property is to be always ascending, and that darkness is a heavy dead body whose property is to be always descending, and that the heavy dead body is unable to become light [as opposed to heavy], and the light living body is unable to become a heavy dead body."
الفضيحة الْخَامِسَة من فضائحه دَعْوَاهُ أن الْحَيَوَان كُله جنس وَاحِد لِاتِّفَاق حمية مِنْهُ في تدريك الادراك وَزعم أن الْعَمَل إذا اتّفق دلّ اتفاقه على اتِّفَاق مَا وَلَده وَزعم أيضا أن الْجِنْس الْوَاحِد لَا يكون مِنْهُ عملان مُخْتَلِفَانِ كَمَا لَا يكون من النَّار تسخين وتبريد وَلَا من الثَّلج تسخين وتبريد,"In his fifth heresy he contended that all animals were of one species, because they all agree in having the same perceptive powers. Thus he claimed that when acts agree, it is a proof that what caused them are in agreement. He claimed also that two' different things would not come from one and the same species; just as fire does not give out both heat and cold, nor snow give out both heat and cold."
وَهَذَا تَحْقِيق قَول الثنوية أن النُّور يفعل الْخَيْر وَلَا يكون مِنْهُ الشَّرّ والظلام يفعل الشَّرّ وَلَا يكون مِنْهُ الْخَيْر لأن الْفَاعِل الْوَاحِد لَا يفعل فعلين مُخْتَلفين كَمَا لَا يَقع من النَّار تسخين وتبريد وَلَا من الثَّلج تسخين وتبريد وَمن الْعجب انه صنف كتابا على الثنوية ألزمهم فِيهِ اسْتِحَالَة مزاج النُّور والظلمة إذا كَانَا مُخْتَلفين في الْجِنْس وَالْعَمَل وَكَانَت جِهَات تحركهما مُخْتَلفَة,"This in truth is the view of the Dualists, that light does good and not harm, and darkness does evil and no good comes from it; because one author cannot perform two different acts, just as heat and cold do not both come forth from fire, nor from snow. The strange thing is that he compiled a book against the Dualists in which he pointed out to them the impossibility of mingling light and darkness if they belong to different species and actions and had movements in different directions."
ثمَّ زعم مَعَ ذَلِك أن الْخَفِيف والثقيل من الأجسام مَعَ اخْتِلَافهمَا في جنسيهما وَاخْتِلَاف جهتي حركتهما تتداخلان والمداخلة في حيّز وَاحِد أعظم من المزاج الذي أنكره على الثنوية,"In spite of this view, he claimed that light and heavy bodies (soul and body), though different in species and in the direction of their motion, penetrate each other in the same space. But the penetration which he asserts is worse than mingling, which the Dualists hold, and which he disputed."
,
الفضيحة السَّادِسَة من فضائحه قَوْله بَان النَّار من شَأْنهَا أن تعلو بطباعها على كل شيء وانها إذا شملت من الشوائب الحابسة لَهَا في هَذَا الْعَالم ارْتَفَعت حَتَّى تجَاوز السَّمَاوَات وَالْعرش الا أن يكون من جِنْسهَا مَا تتصل بِهِ فَلَا تُفَارِقهُ وَقَالَ في الرّوح أيضا انه إذا كَانَ فَارق الْجَسَد ارْتَفع ويستحيل مِنْهَا غير ذَلِك وَهَذَا بِعَيْنِه قَول الثنوية اذ الذي شَاب من اجزاء النُّور بأجزاء الظلمَة إذا انْفَصل مِنْهَا ارْتَفع إلى عَالم النُّور فان كَانَ يثبت فَوق السَّمَاء نورا تتصل بِهِ الارواح فَهُوَ ثنوي,"His sixth heresy is his view that it is the nature of fire to surmount everything. If, therefore, it is released from the filth that holds it in this world, it rises until it goes beyond heaven and the Throne, unless some other of its species unites with it, in which case it does not rise. Of the soul he said the same thing, that when it is separated from the body, it rises, and a change takes place in it. This is similar to the view of the Dualists that the parts of light which mingle with the parts of darkness, when they separate from the latter, rise to the world of light, and when the light becomes permanent above the heavens, the souls unite with it. He is, therefore, a Dualist."
وإن كَانَ يثبت فَوق الْهَوَاء نَارا يخلص اليها النيرَان المرتفعة في الْهَوَاء فَهُوَ من جملَة الطبيعيين الَّذين زَعَمُوا أن مَسَافَة الْهَوَاء في الِارْتفَاع عَن الأعراض سِتَّة عشر ميلًا وفوقها نَار مُتَّصِلَة بفلك الْقَمَر يلْحق بهَا مَا يرْتَفع من لَهب النَّار فَهُوَ اما ثنوي واما طبيعي يُدَلس نَفسه في غمار الْمُسلمين,"If he affirms the existence of fire above the atmosphere, with which the rising fires in the atmosphere combine, he is one of the Naturalists, who claim that air in rising, is at a distance from the earth of sixteen miles, above which is fire which reaches the sphere of the moon, and with which the rising flames of fire unite. Al- Nazzam is therefore either a Dualist or a Naturalist, concealing himself among the mass of the Moslems."
الفضيحة السَّابِعَة من فضائحه قَوْله بَان أفعال الْحَيَوَان كلهَا من جنس وَاحِد وهى كلهَا حَرَكَة وَسُكُون والسكون عِنْده حَرَكَة اعْتِمَاد والعلوم والارادات عِنْده من جملَة الحركات وهى الأعراض والاعراض كلهَا عِنْده جنس وَاحِد وهى كلهَا حركات فأما الالوان والطعوم والاصوات والخواطر فهن عِنْده اجسام مُخْتَلفَة بِهِ ومتداخلة ونتيجة قَوْله بَان أفعال الْحَيَوَان جنس وَاحِد توجب عَلَيْهِ أن يكون الإيمان مثل الْكفْر وَالْعلم مثل الْجَهْل وَالْحب مثل البغض,"His seventh heresy is his view that the actions of animals are all of one species, and are composed of motion and quiescence. Quiescence, according to him, is limited motion. Moreover, he considers knowledge and will motion, and hence accidentals. All accidentals, according to him, are of one species — all motion. As to color, taste, sound, and senses, these, according to him, are different permeating material things. The result of this view of his, that the acts of animals are of one species, is necessarily that belief is like unbelief and knowledge like ignorance, and love like hatred."
وأن يكون فعل النبي عليه السلام بِالْمُؤْمِنِينَ مثل فعل إبليس بالكافرين وان يكون دَعْوَة النبي عليه السلام إلى دين الله تَعَالَى مثل دَعْوَة ابليس إلى الضَّلَالَة وَقد قَالَ في بعض كتبه أن هَذِه الافعال كلهَا جنس وَاحِد وانما اخْتلفت اسماؤها لاخْتِلَاف احكامها وهى في الْجِنْس وَاحِد لأنها كلهَا أفعال الْحَيَوَانَات وَلَا يفعل الْحَيَوَان عِنْده فعلين مُخْتَلفين كَمَا لَا يكون من النَّار تبريد وتسخين,"Furthermore, it follows that the acts of the prophet toward believers are like the acts of Satan toward unbelievers, and that the invitation of the prophet to the people to join the religion of Allah is like the invitation of Satan to go astray. In some of the books he has gone so far as to say that all these acts are of one species, differing only in their name, because of the differences of their order, they being of one species because they are all acts of animals. According to him, one animal cannot perform two different acts, just as fire can not make cold and hot."
وَيلْزمهُ على هَذَا الأصل أن لَا يغْضب على من شَتمه ولعنه لأن قَول الْقَائِل لعن الله النظام عِنْد النظام مثل قَوْله رحمه الله وَقَوله إنه ولد زنى كَقَوْلِه إنه ولد حَلَال فان رضى لنَفسِهِ بِمثل هَذَا الْمَذْهَب فَهُوَ أهل لَهُ وَلما يلْزمه عَلَيْهِ,"According to this, al-Nazzam cannot get angry with anyone who scolds or courses him, because the sentiment of the author who said, ""May Allah curse al-Nazzam,"" according to al-Nazzam, is just the same as if he had said, ""May Allah bless al-Nazzam."" Furthermore, a child born of adultery is the same as a legal child. If he himself is satisfied with such a doctrine he is worthy of it, and of the views that necessarily follow."
الفضيحة الثَّامِنَة من فضائحه قَوْله بَأن الألوان والطعوم والروائح والأصوات والخواطر أجسام وإجازته تدَاخل الأجسام الْكَثِيرَة فِي حيّز وَاحِد وَقد أنكر على هِشَام بن الحكم قَوْله بَأن الْعُلُوم والإرادات والحركات أجسام وَقَالَ لَو كَانَت هَذِه الثَّلَاثَة أجساما لم يجْتَمع في شيء وَاحِد وَلَا في حيّز وَاحِد,"His eighth heresy is the view that color, taste, smell, sound and sense are bodies, and that many bodies can per¬meate one and the same space. He refuses the view of Hisham ibn-al-Hakam that knowledge and will and motion are bodies, saying that if these three were objects they could not unite in one thing, nor in one body."
وَهُوَ يَقُول أن اللَّوْن والطعم وَالصَّوْت أجسام متداخلة في حيّز وَاحِد وينقض بِمذهب اعتلاله على خَصمه وَمن أجَاز مداخلة الأجسام في حيّز وَاحِد لزمَه إجازة دُخُول الْجمل في سم الْخياط,"And yet he holds that color, taste and sound are bodies permeating each other in the same space; in answering his opponent he confutes himself. He who maintains that bodies permeate each other in the same space must admit the possibility of a camel passing through the eye of a needle!"
الفضيحة التَّاسِعَة من فضائحه قَوْله في الأصوات وَذَلِكَ أنه زعم انه لَيْسَ في الأرض اثْنَان سمعا صَوتا وَاحِدًا إلا على معنى انهما سمعا جِنْسا وَاحِدًا من الصَّوْت كَمَا يأكلان جِنْسا وَاحِدًا من الطَّعَام وإن كَانَ مَأْكُول أحدهما غير مأكول الآخر وإنما أَلْجَأَهُ إلى هَذَا القَوْل دَعْوَاهُ أن الصَّوْت لَا يسمع إلا بهجومه على الرّوح من جِهَة السّمع وَلَا يجوز أن يهجم من قطعه وَاحِدَة على سمعين متباينين,"His ninth heresy is his view concerning sound. He claims that there are not two men on the earth who have heard the same sound, except in the sense that it (the sound) is of the same species of sounds, just as two men eat one species of food, even if that which one of them eats is not what the other eats. This view developed from his claim that a sound is heard only as it follows into the spirit on the path of hearing. It is not possible, however, to flow from the same object into two different organs of hearing."
وَشبه ذَلِك بِالْمَاءِ المصبوب على قوم يُصِيب كل وَاحِد مِنْهُم غير مَا يُصِيب الآخر وَيلْزمهُ على هَذَا الأصل أن لَا يكون اُحْدُ سمع كلمة وَاحِدَة من الله تَعَالَى وَلَا من رَسُوله صلى الله عليه وسلم لأن مسموع كل وَاحِد من السامعين خير من صَوت الْمُتَكَلّم بِالْكَلِمَةِ الْوَاحِدَة,"He compared this with water which is sprinkled on a crowd of people, each one being sprinkled with different water. According to this assumption it must necessarily follow that no one has heard the same word from Allah, nor from his prophet, because what each one of all the hearers hears is a part of the sound of the word of the speaker."
والكلمة الْوَاحِدَة رُبمَا كَانَت من حرفين وَبَعض الحرفين لَا يكون كلمة عِنْده وإن زعم أن الصَّوْت لَا يكون كلَاما مسموعا إلا إذا كَانَ من حُرُوف لزمَه أن لَا يسمع الْجَمَاعَة حرفا وَاحِدًا لأن الْحَرْف الْوَاحِد لَا يَنْقَسِم حروفا كَثِيرَة على عدد السامعين,"The word as a whole may perhaps consist of two letters, so that according to him one of them is not the word. If he then claims that the sound is not a word nor is it heard except when it consists of several letters, it follows that a group of people cannot hear just one letter, for one letter cannot divide itself into several letters according to the number of hearers!"
الفضيحة الْعَاشِرَة من فضائحه قَول بانقسام كل جُزْء لَا إلى نِهَايَة وفى ضمن هَذَا القَوْل احالة كَون الله تَعَالَى محيطا بآخر الْعَالم عَالما بهَا وَذَلِكَ قَول الله تَعَالَى {وأحصى كل شَيْء عددا} وَمن عجائبه انه أنكر على المانوية قَوْلهم بَان الهمامة الَّتِي هِيَ روح الظلمَة عِنْدهم قطعت بلادها ووافت الفضيحة الْعليا من الْعليا حَتَّى شاهدت النُّور,"His tenth heresy is his view concerning the divisibility of every particle ad infinitum. This idea implies the absurd view that Allah does not include the whole of the world by knowing about it, yet the following is the word of Allah: ‘‘And taketh count of all things by number""(Surah 72, v. 28). One of his peculiarities is that he denies the view of the Manicheans to the effect that Ahriman, who is the spirit of darkness, passed through the abodes of darkness, carrying out the worst possible evil until he saw light."
وَقَالَ لَهُم إن كَانَت بلادها لَا تتناهى من جِهَة السّفل فَكيف قطعتها الهمامة لأن قطع مَا لَا نِهَايَة لَهُ محَال ثمَّ زعم مَعَ ذَلِك أن الرّوح إذا فَارق الْبدن قطع الْعَالم إلى فَوق مَعَ قَوْله بَان الْمَقْطُوع من الْعَالم غير متناهية الأجزاء بل كل قِطْعَة مِنْهَا غير متناهية الأجزاء فَكيف قطعهَا الرّوح في وَقت متناه,"In connection with this al-Nazzam said to them: ""If the abodes of darkness stretch downward without limit, then how can Ahriman pass through them? Por to pass through what has no end is impossible."" Although denying this, he nevertheless claimed that when the soul separated from the body, it passed through the upper world, in spite of the fact that he maintained that the space in the upper worlds through which the spirit passes is infinite in its parts, while each part in its turn is infinite in its part. If this is the case, how can the spirit traverse them in limited time?"
ولأجل هَذَا الإلزام قَالَ بالطفرة الَّتِي لم يسْبق إليها من أهل الأهواء غَيره وأعجب من هَذَا أنه ألزم الثنوية بتناهي النُّور والظلمة من كل جِهَة من الْجِهَات السِّت من أجل قَوْلهم بتناهي كل وَاحِد مِنْهَا من جِهَة ملاقاته للْآخر فَهَل اسْتدلَّ بتناهي كل جسم من جَمِيع جِهَات أطرافه على تناهي أجزائه في الْوسط,"It was to make this possible that he adopted the doctrine of the leap, a doctrine which had never been held by any philosophers before him. Stranger than that, he drew from the Dualists the conclusion that light and darkness are finite in everyone of the six directions. What led him to this way of thinking was that they held that both light and darkness were finite in the direction in which they met. According to this, was he trying to show that everybody has finite parts in the center because it is finite on all sides?"
وإذا كَانَ تناهي الْجِسْم من جهاته السِّت لَا يدل عِنْده على تناهيه في الْوسط لم ينْفَصل من الثنوية إذا قَالُوا أن تناهي كل وَاحِد من النُّور والظلمة من جِهَة الملاقاة لَا يدل على تناهيهما من سَائِر الْجِهَات,"If, however, the finiteness of the body in its six directions does not incur finiteness in its center (according to him), he is then not disagreeing with the Dualists in their view that all light and darkness are finite on the side at which they meet. One must not, however, conclude that they are finite on all other sides."
الفضيحة الْحَادِيَة عشرَة من فضائحه قَوْله بالطفرة وهى دَعْوَاهُ أن الْجِسْم قد يكون فِي مَكَان ثمَّ يصير مِنْهُ إلى الْمَكَان الثَّالِث أَوْ الْعَاشِر مِنْهُ من غير مُرُور بالأمكنة المتوسطة بَينه وَبَين الْعَاشِر وَمن غير أن يصير مَعْدُوما في الأول ومعادا في الْعَاشِر وَنحن نَتَحَاكَم إليه في بطلَان هَذَا القَوْل أن أنصف من نَفسه وإن كَانَ التَّحْكِيم بعد أَبي مُوسَى الأشعري وَعَمْرو بن الْعَاصِ تضييعا للحزم,"Al-Nazzam’s eleventh heresy is the doctrine of the leap. He says that a body which is in a given place, may pass from that place to a third place or a tenth without necessarily traversing the places which separate the first and the tenth, nor by being annihilated in the first to be resuscitated in the tenth. If al-Nazzam is just, we will refer this case to him to declare its fallacy, although we believe that after the (famous) arbitration of abu-Musa al-‘Ash‘ari and ‘Amr ibn-al-Asi any arbitration is nonsense."
الفضيحة الثَّانِيَة عشرَة من فضائحه هي الَّتِي تكَاد السَّمَاوَات يتفطرن مِنْهُ وهي دَعْوَاهُ أنه لَا يعلم بأخبار الله عز وجل وَلَا بأخبار رَسُوله عليه السلام وَلَا بأخبار أهل دينه شيء على الْحَقِيقَة ودعواه أن الأجسام والألوان لَا يعلمَانِ بالأخبار والذي الجأه إلى هَذَا القَوْل الشنيع قَوْله بَان المعلومات ضَرْبَان محسوس وَغير محسوس والمحسوس مِنْهَا اجسام وَلَا يَصح الْعلم بهَا الا من جِهَة الْحس,"His twelfth heresy was so horrible that the heavens were almost rent asunder by it. It is the view that no information about Allah, or his prophet, or his worshippers, can be accepted as true. Furthermore, that bodies and colors can not be known simply by information about them. What drove him to this accursed view was his other belief that there are two kinds of known things, that which is perceptible and that which is not perceptible. The perceptible are bodies about which knowledge can be acquired only through the senses."
والحس عِنْده لَا يَقع إلا على جسم واللون والطعم والرائحة وَالصَّوْت عِنْده أجسام قَالَ وَلِهَذَا أدركت بالحواس وأما غير المحسوس فضربان قديم وأعراض وَلَيْسَ طَرِيق الْعلم بهما الْخَبَر وإنما يعلمَانِ بِالْقِيَاسِ وَالنَّظَر دون الْحس وَالْخَبَر فَقيل لَهُ على هَذَا الأصل كَيفَ عرفت أن مُحَمَّدًا صلى الله عليه وسلم كَانَ في الدُّنْيَا وَكَذَلِكَ سَائِر الأنبياء والملوك وإن كَانَت الأخبار عنْدك لَا يعلم بهَا شيء,"According to him, the senses can perceive only that which is body; color, taste, smell and sound being, according to him, bodies. It is because of this that they are reached by the senses. As to the imperceptible, it also is of two kinds, the eternal and the accidental. They way to know the two is not through information, but only through syllogism and intuition, and therefore neither through the senses nor information. He was asked in this connection how he knew that Muhammad, as well as the rest of the prophets and the kings, were on the earth, since nothing can be known through information."
فَقَالَ أن الَّذين شاهدوا النبي عليه السلام اقتطعوا مِنْهُ حِين رَأَوْهُ قِطْعَة توزعوها بَينهم وصلوها بأرواحهم فَلَمَّا أخبروا التَّابِعين عَن وجوده خرج مِنْهُم بعض تِلْكَ الْقطعَة فاتصل بأرواح التابعون لاتصال أرواحهم بِبَعْضِه وَهَكَذَا قصَّة الناقلون عَن التَّابِعين وَمن نقلوا عَنْهُم إلى أن وصل إلينا,"His answer was that those who actually saw the prophet, in the act of seeing him took from him a particle which they divided among themselves, and united with their souls. When later they reported his existence to their descendants, some of this particle left them and joined the souls of the descendants. The descendants, therefore, know the prophet because a particle from the prophet has joined with their soul. This continues as each report is passed on to the succeeding generation down to our own time."
فَقيل فقد علمت الْيَهُود وَالنَّصَارَى وَالْمَجُوس والزنادقة أن نَبينَا عليه السلام كَانَ في الدُّنْيَا أفتزعم أن قِطْعَة مِنْهُ اتَّصَلت بأرواح الْكَفَرَة فالتزم ذَلِك فَالْزَمْ أن يكون أهل الْجنَّة إذا اطلعوا على أهل النَّار ورآهم أهل النَّار وخاطب كل وَاحِد من الْفَرِيقَيْنِ الْفَرِيق الآخر أن تنفصل قِطْعَة من أرواح كل وَاحِد مِنْهُم فيتصل بأرواح الْفَرِيق الآخر,"The objection made to this was that Jews, Christians, Magians and heretics know that our prophet was on earth. Does al-Nazzam then think that a particle has passed from him into the spirit of the unbelievers? This is a necessary conclusion. He claimed, furthermore, that when the people of paradise have intercourse with the people of hell, and the people of hell see them, and the two converse with each other, particles of each become exchanged."
فَيدْخل الْجنَّة قطع كَثِيرَة من أبدان أهل النَّار وأرواحهم وَيدخل النَّار قطع كَثِيرَة من أبدان أهل الْجنَّة وأرواحهم وَكَفاهُ بِالْتِزَام هَذِه الْبِدْعَة خزيا,"In this way particles of the bodies and spirits of the people of hell enter paradise, while particles of the bodies and spirits of the people of paradise enter hell. And there is enough shame on him for having dealt with this heresy."
الفضيحة الثَّالِثَة عشرَة من فضائحه مَا حَكَاهُ الجاحظ عَنهُ من قَوْله تتجدد الْجَوَاهِر والاجسام حَالا بعد حَال وان الله تَعَالَى يخلق الدُّنْيَا وَمَا فِيهَا في كل حَال من غير أن يفنيها وَيُعِيدهَا وَذكر ابو الْحُسَيْن الْخياط في كِتَابه على ابْن الروندي أن الجاحظ غلط في حِكَايَة هَذَا القَوْل على النظام,"Al-Nazzam’s thirteenth heresy is reported by al-Jahiz, and is to the effect that forms and bodies renew themselves as they pass from one condition to another, and moreover that Allah creates this world and that which is in it without first annihilating it and then resuscitating it. Abu-al-Husain al-Khaiyat says in his book against abu-al-Ruwandi that al-Jahiz made a mistake in his report about this view of al-Nazzam."
فَيُقَال لَهُ أن صدق الجاحظ عَلَيْهِ في هَذِه الْحِكَايَة فاحكم بِحَبل النظام وحمقه والحادة فِيهِ وان كذب عَلَيْهِ فاحكم بمجون الجاحظ وسفهه وَهُوَ شيخ الْمُعْتَزلَة وفيلسوفها وَنحن لَا ننكر كذب الْمُعْتَزلَة على أسلافها إذا كَانُوا كاذبين على رَبهم ونبيهم,"Now it might be said to al-Khaiyat, ""If al-Jahiz were right in his report, you should accept it as a sign of al-Nazzam’s foolishness and mental aberration; but if he lied about him, then you should accept it as a sign of the shamelessness of al-Jahiz and his idiocy.""And this was the sheikh of the Muffazilah and their philosopher! Since the Muhazilah lied about their Lord and their Prophet, we cannot deny that they lied about their ancestors."
الفضيحة الرَّابِعَة عشر من فضائحه قَوْله بِأَن الله تَعَالَى خلق النَّاس والبهائم وَسَائِر الْحَيَوَان وأصناف النَّبَات والجواهر المعدنية كلهَا في وَقت وَاحِد وان خلق آدم عليه السلام لم يتَقَدَّم على خلق اولاده وَلَا تقدم خلق الامهات على خلق الأولاد وَزعم أن الله تَعَالَى خلق ذَلِك أجمع في وَقت وَاحِد غير أن اكثر بعض الاشياء في بعض فالتقدم والتأخر إِنَّمَا يَقع في ظُهُورهَا من أماكنها,"His fourteenth heresy is his view that Allah created man and four-footed beasts and the rest of the animals, and all kinds of plants, and the forms of minerals all at once; and that he did not create Adam before creating his children, nor did he create the mothers before creating their children. He claimed that Allah created all these at one time, but that certain things are more numerous than others. So that the question of priority and sequence is merely one of appearance and place."
وفى هَذَا تَكْذِيب مِنْهُ لما اجْتمع عَلَيْهِ من سلف الإمامة مَعَ أهل الْكتاب من الْيَهُود وَالنَّصَارَى والسامرة من أن الله تَعَالَى خلق اللَّوْح والقلم قبل خلق السَّمَوَات والارض وانما اخْتلفت الْمُسلمُونَ في السَّمَاء وَالْأَرْض أَيَّتهمَا خلقت أَولا,"By this view he condemns as a lie everything that has been agreed upon by the ancestors of the Believers, as well as the people of the Book, whether Jews, Christians or Samaritans. The view of all these being that Allah created the tablet and the pen before the creation of the heavens and the earth. As to the Moslems, the only thing over which they differ is whether heaven or the earth was created first."
فَخَالف النظام الْمُسلمين وَأهل الْكتاب في ذَلِك وَخَالف فِيهِ أَكثر الْمُعْتَزلَة لِأَن الْمُعْتَزلَة البصرية زعمت أن الله تَعَالَى خلق إِرَادَته قبل مرادته وَأقر سَائِرهمْ بِخلق بعض أجسام الْعَالم قبل بعض وَزعم أَبُو الْهُذيْل أَنه خلق قَوْله للشيء كن لَا في مَحل قبل أن خلق الأجسام والأعراض وَقَول النظام بالظهور والكمون في الأجسام وتداخلها شَرّ من قَول الزهرية الَّذين زَعَمُوا أن الأعراض كلهَا كامنة في الاجسام,"Al-Nazzam differs from the Moslems and the people of the Book, as well as from most of the Mu‘tazilah, because the Basrah Mu‘tazilah claimed that Allah created his will before creating the thing willed; while the rest of them assert that some bodies in the world were created before others. Abu-al-Hudhail claimed that he created his word to the thing ""but not in a place ""before he created bodies and accidents. Al-Nazzam’s view about what is manifest in bodies and what is hidden, as well as their permeation, is worse than the view of the Zahiriyah who claimed that all accidents are hidden in bodies."
وَإِنَّمَا يتَعَيَّن الْوَصْف على الأجسام بِظُهُور بعض الأعراض وكمون بَعْضهَا وفى كل وَاحِد من المذهبين تطريق الدهرية إلى إِنْكَار حُدُوث الأجسام والأعراض بدعواهم وجود جَمِيعهَا في كل حَال على شَرط كمون بَعْضهَا وَظُهُور بَعْضهَا من غير حُدُوث شيء مِنْهَا في حَال الظُّهُور وَهَذَا إلحاد وَكفر وَمَا يُؤدى إلى الضَّلَالَة فَهُوَ مثلهَا,"The characteristics of the bodies, however, are ascribed to them by the manifestation of certain accidents, and the hiding of 128 others. In both doctrines, there is a turning away from the Duhriyah (Dahrite?) view to the denial of the finite character of bodies and accidents; for they assert that all these exist in every condition, provided some are hidden and others manifest, although nothing may have appeared in the condition of manifestation. All this is heresy and unbelief; and in fact everything that leads to error is like it."
الفضيحة الْخَامِسَة عشرَة من فضائحه قَوْله أن نظم الْقُرْآن وَحسن تأليف كَلِمَاته لَيْسَ بمعجزة للنبي عليه السلام وَلَا دلَالَة على صدقه في دَعْوَاهُ النُّبُوَّة وَإِنَّمَا وَجه الدّلَالَة مِنْهُ على صدقه مَا فِيهِ من الأخبار عَن الغيوب فَأَما نظم الْقُرْآن وَحسن تأليف آيَاته فَإِن الْعباد قادرون على مثله وعَلى مَا هُوَ أحسن مِنْهُ في النّظم والتأليف,"His fifteenth heresy is that the composition of the Koran, and the beauty of the literary arrangement of its words, do not show the miraculous character of its Prophet; nor are they a proof of the reliability of his claim to prophecy. The basis for the proof of his reliability lies only in what the Koran contains regarding the manifestation of unknown things. As to the composition of the Koran, and the beauty of the literary arrangements of its verses, verily the worshippers are capable of the same, and even of what is more beautiful than this, in composition and literary arrangement."
وفى هَذَا عناد مِنْهُ لقَوْل الله تَعَالَى {لَئِن اجْتمعت الْإِنْس وَالْجِنّ على أن يَأْتُوا بِمثل هَذَا الْقُرْآن لَا يأْتونَ بِمثلِهِ وَلَو كَانَ بَعضهم لبَعض ظهيرا} وَلم يكن غَرَض مُنكر إعجاز الْقُرْآن إِلَّا إِنْكَار نبوة من تحدى الْعَرَب بِأَن يعارضوه بِمثلِهِ,"But this view is in opposition to the words of Allah: ""Were men and jinn assembled to produce the like of this Koran, they could not produce its like, though the one should help the other"" (Surah 17, v. 90). In denying the miraculous character of the Koran, he is denying the prophecy of the man who defied the Arabs to produce anything like it."
الفضيحة السَّادِسَة عشرَة من فضائحه قَوْله بِأَن الْخَبَر الْمُتَوَاتر مَعَ خُرُوج ناقليه عِنْد سامع الْخَبَر عَن الْحصْر وَمَعَ اخْتِلَاف همم الناقلين وَاخْتِلَاف دواعيهم يجوز أن يَقع كذب هَذَا مَعَ قَوْله بِأَن من أَخْبَار الْآحَاد مَا يُوجب الْعلم الضروري وَقد كفره أَصْحَابنَا مَعَ موافقيه في الاعتزال في هَذَا الْمَذْهَب الذي صَار إليه,"His sixteenth heresy is his view that a report may be a lie, even though the number of the transmitters may surpass the prescribed limits, and even though the aims of those who transmit it and their motives may differ. He asserts this, together with the view, that a report may, on the other hand, be true, even though only a few may have handed it down. Our followers haye condemned him, as well as 129 those of the Mu‘tazilah who agree with him in this doctrine which he adopted."
الفضيحة السَّابِعَة عشرَة من فضائحه تجويزه إِجْمَاع الإمامة في كل عصر وفى جَمِيع الإعصار على الْخَطَأ من جِهَة الرأي وَالِاسْتِدْلَال يلْزمه على هَذَا الأصل أن لا يثق بشيء مِمَّا اجْتمعت الإمامة عَلَيْهِ لجَوَاز خطئهم فِيهِ عِنْده,"His seventeenth heresy is as follows: the agreement of the Moslem community of each century, as well as that of all centuries combined (as regards opinion and inference) may be an error. From this fact he was bound to conclude that nothing upon which the community have agreed can be trusted, because, according to him, there is always a possibility of their agreeing on an error."
وإذا كَانَت أحكام الشَّرِيعَة مِنْهَا مَا أَخذه الْمُسلمُونَ عَن خبر متواتر وَمِنْهَا مَا أَخَذُوهُ عَن أَخْبَار الآحاد وَمِنْهَا مَا أَجمعُوا عَلَيْهِ وأخذوه عَن اجْتِهَاد وَقِيَاس وَكَانَ النظام وَاقعا لحجة التَّوَاتُر ولحجة الْإِجْمَاع وإبطال الْقيَاس وَخبر الْوَاحِد إذا لم يُوجد الْعلم الضروري فَكَأَنَّهُ أَرَادَ إبِْطَال أَحْكَام فروع الشَّرِيعَة لإبطاله طرقها,"Since some of the regulations of the law have been taken by Moslems from reports that had been handed down, others from single reports, others from things upon which the community had agreed, deducing them by analogy and inference; and since al-Nazzam disbelieves in the evidence drawn from what has been handed down, as well as from agreement and analogy, and also rejects a single report, unless the knowledge it gives is unmistakable, he is putting himself in a position to reject the divine regulations of the law, by rejecting its methods."
الفضيحة الثَّامِنَة عشرَة دَعْوَاهُ في بَاب الْوَعيد أن من غصب أَو سرق مائَة وَتِسْعَة وَتِسْعين درهما لم يفسق بذلك حَتَّى يكون مَا سَرقه اَوْ غصبه وخان فِيهِ مائتي دِرْهَم فَصَاعِدا فان كَانَ قد بنى هَذَا القَوْل على مَا يقطع فِيهِ الْيَد في السّرقَة فَمَا جعل اُحْدُ نِصَاب الْقطع في السّرقَة مائتي دِرْهَم,"His eighteenth heresy comes under the head of threats. He claims that the man who takes by force, or steals one hundred and ninety-nine dirhams only, did not commit a crime. In fact, he is not to blame, until what he has taken by force or stolen, and about which he has acted treacherously, amounts to two hundred dirhams and over. If he has based this view on the amount of a theft for which the penalty is the amputation of the hand, he is wrong, for there is no one who would limit that punishment to two hundred dirhams."
بل قَالَ قوم في نِصَاب الْقطع إِنَّه ربع دِينَار اَوْ قِيمَته وَبِه قَالَ الشافعي وَأَصْحَابه وَقَالَ مَالك بِربع دِينَار اَوْ ثَلَاثَة دَرَاهِم وَقَالَ ابو حنيفَة بِوُجُوب الْقطع في عشرَة دَرَاهِم فَصَاعِدا واعتبره قوم بأربعين درهما اَوْ قيمتهَا,"On the contrary, such a punishment is considered by most people to be necessary for the theft of even a quarter of a dinar, or its value. With this view al-Shafl‘i and his followers agree. Malik said it should be inflicted for a quarter of a dinar or three dirhams. Abu-Hanifah said amputation should be inflicted for ten dirhams and more, while others said it should be inflicted for forty dirhams, or their value."
وأوجبت الأباضية الْقطع فِي قَلِيل السّرقَة وكثيرها وَمَا اعْتبر اُحْدُ نِصَاب الْقطع بمائتي دِرْهَم وَلَو كَانَ التفسيق مُعْتَبرا بنصاب الْقطع لما فسق الْغَاصِب لألوف دَنَانِير لأنه لَا قطع على الْغَاصِب المجاهر ولوجب أن لَا يفسق من سرق الالوف من غير حرز اَوْ من الابْن لأنه لَا قطع في هذَيْن الْوَجْهَيْنِ,"The Ibadiyah considered amputation necessary for small as well as big thefts, no one limiting the punishment to two hundred dirhams. If the fact of guilt, deserving of amputation, is authenticated by the thief himself, even the robbery of thousands of dinars will not be a transgression, because amputation is not inflicted on one who takes by force, and then confesses. It follows, moreover, that he who steals the thousands that are not guarded or that belong to his own son, is not guilty, because no decision is to be found about these two cases [the case of one who confesses, and one who steals unguarded thousands]."
وان كَانَ إِنَّمَا بنى تَحْدِيد الْمِائَتَيْنِ في الْفسق على أن الْمِائَتَيْنِ نِصَاب لِلزَّكَاةِ لزمَه تفسيق من سرق اربعين شَاة بِوُجُوب الزَّكَاة فِيهَا وان كَانَت قيمتهَا دون مائتي دِرْهَم وإذا لم يكن للْقِيَاس في تحديده محَال وَلم يدل عَلَيْهِ نَص من الْقُرْآن وَالسّنة الصَّحِيحَة لم يكن مأخوذا الا من وَسْوَسَة شَيْطَانه الذي دَعَاهُ إلى ضلالته,"If, however, al-Nazzam has based his limitation of the punishment to two hundred on the fact that the two hundred is the amount given for alms, he must then condemn the man who steals forty sheep, the number necessary for the offering to be considered alms, even if its value was below two hundred dirhams. If analogy has no place in this definition of his and there is no reference to it in the Koran, or the true tradition, then his definition comes only as the whisper of Satan who invites him to error."
الفضيحة التَّاسِعَة عشرَة من فضائحه قَوْله في الإيمان أن اجْتِنَاب الْكَبِيرَة فَحسب ونتيجة هَذَا القَوْل أن الْأَقْوَال وَالْأَفْعَال لَيْسَ شيء مِنْهَا إِيمَانًا وَالصَّلَاة عِنْده أفعالها لَيست بِإِيمَان وَلَا من الإيمان وانما الإيمان فِيهَا ترك الْكَبَائِر فِيهَا وَكَانَ يَقُول مَعَ هَذَا أن الْفِعْل وَالتّرْك كِلَاهُمَا طَاعَة وَالنَّاس قبله فريقان فريق قَالُوا أن الصَّلَاة كلهَا من الإيمان وفريق قَالُوا لَيْسَ شيء من الصَّلَاة إيمانا وَقد فَارق هُوَ الْفَرِيقَيْنِ فَزعم أن الصَّلَاة لَيست من الإيمان وَترك الْكَبَائِر فِيهَا من الإيمان,"His nineteenth heresy is his view that faith is the avoiding of major sins. The result of this view was that he regarded words and deeds as in no way faith. Furthermore, prayer, as regards its performance, is neither faith nor drawn from faith; for faith is the forsaking of major sins. At the same time he held that both the acts and their forsaking are virtue. As to this, men before him were divided, some saying that all prayer was faith, and others that nothing in prayer was faith. Al-Nazzam differed from both of these groups, however, claiming that whereas prayer is not faith, the forsaking of major sins is."
الفضيحة الْعشْرُونَ من فضائحه قَوْله في بَاب الْمعَاد بَان العقارب والحيات والخنافس والذباب والذبان والجعلان وَالْكلاب والخنازير وَسَائِر السبَاع والحشرات تحْشر إلى الْجنَّة وَزعم أن كل من وكل مَا تفضل الله عَلَيْهِ بِالْجنَّةِ لَا يكون لبَعْضهِم على بعض دَرَجَة في التَّفْضِيل,"His twentieth heresy comes under the head of the future life. It was his view that scorpions, snakes, beetles, bees, flies, scarabs, dogs and swine, as well as the rest of the animals and insects, enter heaven. He claimed also that everyone and everything that Allah judges worthy of heaven is not necessarily of a different grade of precedence. "
وَزعم انه لَيْسَ لإبراهيم بن رَسُول الله صلى الله عليه وسلم في الْجنَّة تَفْضِيل دَرَجَة على دَرَجَات أَطْفَال الْمُؤمنِينَ وَلَا لأطفال الْمُؤمنِينَ فِيهَا تَفْضِيل بِدَرَجَة اَوْ نعْمَة اَوْ مرتبَة على الْحَيَّات والعقارب والخنافس لأنه لَا عمل لَهُم كَمَا لَا عمل لَهَا فحجر على رب الْعَالمين أن يتفضل على اولاد الانبياء بِزِيَادَة نعْمَة لَا يتفضل بِمِثْلِهَا على الحشرات,"Accordingly he claimed that Abraham the son of the prophet of Allah could not in heaven have precedence over the children of the faithful. Nor do the children of the faithful in heaven differ in degree, pleasure or grade from the snakes, scorpions and beetles, because there is no work for the latter just as there is no work for the former. Thus he limits the Lord of the worlds from making a difference for the children of the prophets, by giving them more pleasure than he bestows on the insects."
ثمَّ لم يرض بِهَذَا الْحجر حَتَّى زعم أنه لَا يقدر على ذَلِك وَزعم أيضا أنه لَا يتفضل على الأنبياء عليهم السلام إلا بِمثل مَا يتفضل بِهِ على الْبَهَائِم لِأَن بَاب الْفضل عِنْده لَا يخْتَلف فِيهِ الْعَالمُونَ وَغَيرهم وإنما يَخْتَلِفُونَ في الثَّوَاب وَالْجَزَاء لاخْتِلَاف مَرَاتِبهمْ في الأعمال,"Al-Nazzam did not even stop here, but went on to say that the Lord of the worlds did not even have the power to do this. Moreover, he claimed that Allah bestowed on the prophets only that which he bestowed on the animals, because, according to his view of precedence, there is no difference made between those who are wise and those who are not, for these differ only as to reward and punishment, according to the worth of their works."
وينبغي للنظام على قَول هَذَا الأصل أن لَا يغْضب على من قَالَ لَهُ حشرك الله مَعَ الْكلاب والخنازير والحيات والعقارب إلى مأواها وَنحن نَدْعُو لَهُ بِهَذَا الدُّعَاء رضى بِهِ لنَفسِهِ,"Holding such a view as this, al-Nazzam cannot get angry at any one who says to him: May Allah resuscitate you with dogs and swine and snakes and scorpions in their quarters."" And our wish for him is that he may remain in the condition to which this prayer consigns him."
الفضيحة الْحَادِيَة وَالْعشْرُونَ من فضائحه أَنه لما ابتدع ضلالاته في الْعُلُوم الْعَقْلِيَّة أَدخل في أَبْوَاب الْفِقْه أيضا ضلالات لَهُ لم يسْبق اليها مِنْهَا قَوْله أن الطَّلَاق لَا ينفع بشيء من الْكِنَايَات كَقَوْل الرجل لامْرَأَته أَنْت خلية اَوْ بَريَّة اَوْ حبلك على غاربك اَوْ الحقي بأهلك اَوْ اغتدى اَوْ نَحْوهَا من كنايات الطَّلَاق عِنْد الْفُقَهَاء سَوَاء نوى بهَا الطَّلَاق اَوْ لم يُنَوّه,"His twenty-first heresy appeared when he brought forward his view about mental sciences. He introduced these same errors, which had never been heard of before, into the dominion of religious law. His view was that divorce enforced by any of the following formulae was not legal; e. g. the word of the husband to his wife: ""Thou art free, or liberated, or thou art free to go thy way, or follow thy people, or depart,"" or any other divorce formulae accepted by the Canonists, whether he intends divorce or not."
وَقد أجمع فُقَهَاء الإمامة على وُقُوع الطَّلَاق بهَا إذا قارنتها نِيَّة الطَّلَاق وَقد قَالَ فُقَهَاء الْعرَاق أن كنايات الطَّلَاق في حَال الْغَضَب كصريح الطَّلَاق في وُقُوع الطَّلَاق بهما من غير نِيَّة,"The Canonists agree that such formulae constitute a divorce, provided there is intention of divorce. The lawyers of al-Trak hold that even if used only in anger, the formula for divorce is equivalent to the declaration of divorce even if no intention is present."
وَمِنْهَا قَوْله في الظِّهَار أن من ظَاهر من امْرَأَته بِذكر الْبَطن اَوْ الْفرج لم يكن مُظَاهرا وَهَذَا فِيهِ خلاف قَول الإمامة بأسرها والشأن في أَنه كَانَ يَقُول بتفسيق أَبى مُوسَى الأشعري في حكمه,"Another of al-Nazzam’s errors is about separation, for he says that to have a husband say, ""You are to me like the back of my mother,"" means divorce; whereas if he uses the word belly or generative organs, instead of back, it is not a divorce. This differs entirely from the customary view of the community. He also condemned abu-Musa al-Ash‘ari for his decision."
ثمَّ اخْتَار قَوْله في أن النّوم لَا ينْقض الطَّهَارَة إذا لم يكن مَعهَا حدث على قَول الْجُمْهُور الْأَعْظَم بِأَن النّوم مُضْطَجعا ينْقض الْوضُوء وانما اخْتلفُوا في النّوم قَاعِدا وراكعا وساجدا وسامح فِيهِ أَبُو حنفية وأوجبه اكثر اصحاب الشافعي من طَرِيق الْقيَاس,"Furthermore, al-Nazzam brought forward his view that sleep does not destroy the purity of ablutions, unless there is excrement. This is contrary to the view of the majority of the leaders, who believed that sleep lying flat destroys purification, and who differ only about sleep taken in a sitting, kneeling, or bent position. Abu-Hanifah held that it is permissible, while most of the followers of al-Shafi‘i denied it by the process of analogy."
وَمِنْهَا أَنه زعم أن من ترك صَلَاة مَفْرُوضَة عمدا لم يَصح قَضَاؤُهُ لَهَا وَلم يجب عَلَيْهِ قَضَاؤُهَا وَهَذَا عِنْد سَائِر الإمامة كفر ككفر من زعم أن الصَّلَوَات الْخمس غير مَفْرُوضَة وفى فُقَهَاء الإمامة من قَالَ فِيمَن فَاتَتْهُ صَلَاة مَفْرُوضَة أَنه يلْزمه قَضَاء صلوَات يَوْم وَلَيْلَة وَقَالَ سعيد بن الْمسيب من ترك صَلَاة مَفْرُوضَة حَتَّى فَاتَ وَقتهَا قضى الف صَلَاة,"Another of his errors was that he claimed that he who intentionally neglects a prescribed prayer, will receive no merit for fulfilling it, nor is its fulfilment obligatory for him. To the rest of the community, this was a heresy similar to the one which claimed that the five prayers are not prescribed. Some of the religious lawyers of the community say that if a man neglects a prescribed prayer, he must perform the prayers of one night and one day. Sa‘id ibn-al-Musaiyab said: ""He who forsakes a prescribed 133 prayer so that the time for it is passed, must perform a thousand prayers (to make up)."""
وَقد بلغ من تَعْظِيم شَأْن الصَّلَاة أن بعض الْفُقَهَاء افتى بِكفْر من ينكرها عَامِدًا وان لم يسْتَحل تَركهَا كَمَا ذهب اليه احْمَد بن حَنْبَل وَقَالَ الشافعي بِوُجُوب قتل تاركها عمدا وان لم يحكم بِكُفْرِهِ إذا تَركهَا كسلا لَا استحلالاتة وَقَالَ ابو حنيفَة بِحَبْس تَارِك الصَّلَاة وتعذيبه إلى أن يصلي,"The place of prayer has been so dignified by some religious lawyers, e.g. Ahmad ibn-Hanbal, that they condemn as an infidel any man who forsakes it intentionally, though he may not consider its negligence lawful. Al-Shafi‘i held that a man who neglected prayer intentionally should be executed; although he did not condemn as a heretic the man who neglected it out of laziness but not if he considered it illegal. Abu-Hanifah. on the other hand, decreed imprisonment for the neglect of prayer, accompanied by torture, until the man prayed."
وَخلاف النظام للامة في وجوب قَضَاء المتروكة من فَرَائض الصَّلَاة بِمَنْزِلَة خلاف الزَّنَادِقَة في وجوب الصَّلَاة وَلَا اعْتِبَار بالخلافين,"Al-Nazzam’s disagreement with the community over the obligation of performing neglected prescribed prayers, is similar to the disagreement of the infidels (zanadikah) over the obligation of any prayer. Both disagreements are not to have consideration."
ثمَّ أن النظام مَعَ ضلالاته الَّتِي حكيناها عَنهُ طعن في اخبار الصَّحَابَة وَالتَّابِعِينَ من اجل فتاويهم بِالِاجْتِهَادِ فَذكر الجاحظ عَنهُ في كتاب المعارف وفى كِتَابه الْمَعْرُوف بالفتيا أَنه عَابَ اصحاب الحَدِيث ورواياتهم أحاديث أبي هُرَيْرَة وَزعم أن أَبَا هُرَيْرَة كَانَ اكذب النَّاس وَطعن في الْفَارُوق عمر رضي عَنهُ,"In addition to the heresies which we have recounted, al- Nazzam has attacked the reports of the Companions and the Disciples because of their interpretation of the Koran. Al-Jahiz alluded to him in his work entitled Knowledge (al-Ma'arif), and in his book known as Opinion (Futya), saying that he blamed the traditionalists because they handed down traditions of abu-Hurairah.1 He claimed that abu-Hurairah was the worst of liars, and he attacked ‘Umar al- Faruk."
وَزعم أنه شكّ يَوْم الْحُدَيْبِيَة في دينه وَشك يَوْم وَفَاة النبي صلى الله عليه وسلم وأنه كَانَ فِيمَن نفر بالنبي عليه السلام لَيْلَة الْعقبَة وَأَنه ضرب فَاطِمَة وَمنع مِيرَاث الفترة وأنكر عَلَيْهِ تغريب نصر بن الْحجَّاج من الْمَدِينَة إلى الْبَصْرَة وَزعم أَنه أبدع صَلَاة التَّرَاوِيح وَنهى عَن مُتْعَة الْحَج وَحرم نِكَاح الموالي للعربيات,"In fact, he claimed that Faruk was in doubt about his own faith at the battle of al-Hudaiblyah as well as on the day of the death of the Prophet. He was also with those who were angry with the Prophet on the night of the ‘Aka- bah,s and he struck Fatimah and . . . (not clear in text). Furthermore, he criticized ‘Umar for sending Nasr ibn-al- Hajjaj from al-Madinah to al-Basrah. And he claimed that ‘Umar introduced genuflections in prayer, and forbade temporary marriage [mut'ah] during pilgrimage, and the marriage of a freedman to an Arab woman."
وَعَابَ عُثْمَان بإيوائه الحكم بن الْعَاصِ إلى الْمَدِينَة واستعماله الْوَلِيد بن عقبَة على الْكُوفَة حَتَّى صلى بِالنَّاسِ وَهُوَ سَكرَان وعابه بِأَن أعَان سعيد بن الْعَاصِ بِأَرْبَعِينَ ألف دِرْهَم على نِكَاح عقده وَزعم أَنه اسْتَأْثر بالحمى,"He blamed ‘Uthman for sending al-Hakam ibn-al-‘Asi   to al-Madinah and for making al-Walid ibn-‘Ukbah his governor over al-Kufah. Al-Walid was the man who led the prayer when he was drunk. He also blamed ‘Uthman for helping Sa‘id ibn-al-‘Asi with forty thousand dirhams for his marriage contract. Moreover, he accused him of claiming for himself the possession of the land belonging to the Moslem community (hima)."
ثمَّ ذكر عليا رضى الله عَنهُ وَزعم انه سُئِلَ عَن بقرة قتلت حمارا فَقَالَ أقول فِيهَا برأيي ثمَّ قَالَ بجهله من هُوَ حَتَّى يقْضى بِرَأْيهِ وَعَابَ أَبَا مَسْعُود في قَوْله في حَدِيث تَزْوِيج بنت واشتف أقول فِيهَا برأيي فإن كَانَ صَوَابا فَمن الله عز وجل وإن كَانَ خطأ فمني,"He then mentioned ‘All, claiming that when asked about a cow that had killed a donkey, he said: ""I judge this according to my opinion. ""In this he expressed his ignorance, for who is he that he should judge according to his opinion? He also attacked abu-Mas‘ud for his view about the tradition which relates to the marriage of the daughter of Washtif. [For he claimed] ""I judge according to my own opinion, and if it is a correct judgment, then it is from Allah, but if it is a mistaken one, then it is from me."""
وَكذبه في رِوَايَته عَن النبي عليه السلام أَنه قَالَ السعيد من سعد في بطن أمه والشقي من شقى في بطن أمه وَكذبه أيضا في رِوَايَته انْشِقَاق الْقَمَر وفى رِوَايَة الْجِنّ لَيْلَة الْجِنّ فَهَذَا قَوْله في أخيار الصَّحَابَة وفي أهل بيعَة الرضْوَان الَّذين انْزِلْ الله تَعَالَى فيهم {لقد رَضِي الله عَن الْمُؤمنِينَ إِذْ يُبَايعُونَك تَحت الشَّجَرَة},"In addition he contended that abu-Mas‘ud was lying when he stated that the Prophet had said: ""He is happy who rejoices in the womb of his mother, and he is unhappy who is unhappy in the womb of his mother."" Al-Nazzam also considered him a liar in his report of the ""splitting of the moon,"" and in his report about the Jinns of the ""night of the Jinn."" Such was the view of al-Nazzam with regard to the report of the Companions and of the people of the abode of paradise, of whom Allah said: “Well pleased now hath God been with the believers when they plighted fealty to thee under the tree ""(Surah 48, v. 18)."
وَمن غضب على من رضى الله عَنهُ فَهُوَ المغضوب عَلَيْهِ دونه ثمَّ أَنه قَالَ في كِتَابه أن الَّذين حكمُوا بالرأي من الصَّحَابَة اما أن يَكُونُوا قد ظنُّوا أن ذَلِك جَائِر لَهُم وجهلوا تَحْرِيم الحكم بالرأي في الْفتيا عَلَيْهِم وَإِمَّا ارادوا أن يذكرُوا بِالْخِلَافِ وَأَن يَكُونُوا رُؤَسَاء في الْمذَاهب فَاخْتَارُوا لذَلِك القَوْل بالرأي فنسبهم إلى إيثار الْهوى على الدّين,"Fie who gets angry with those whom Allah blesses, he incurs anger rather than they. He then said in his book that those of the Companions who believed in analogy either are of opinion that this is legal for them and ignore that it is forbidden to judge by analogy according to decisions directed against them, or else wish to be remembered as disagreeing, and thus be leaders of sects. Because of this [latter difficulty] they chose to accept analogy [as legal]. Al-Nazzam thus attributed to them the preference of desire to religion. [For they deliberately chose the view that cast the least reflection on them.]"
وَمَا للصحابة رضى الله عَنْهُم عِنْد هَذَا الملحد الفرى ذَنْب غير أَنهم كَانُوا مُوَحِّدين لَا يَقُولُونَ بِكفْر الْقَدَرِيَّة الَّذين ادعوا مَعَ الله خالقين كثيرين وانما أنكر على ابْن مَسْعُود رِوَايَته أن السعيد من سعد في بطن أمه والشقي من شقى فِي بطن أمه لِأَن هَذَا اخلاف قَول الْقَدَرِيَّة في دَعْوَاهَا من السَّعَادَة والشقاوة ليستا من قَضَاء الله عز وجل وَقدره,"The only crime of the followers, then, according to this hideous infidel, is that they were Unitarians, who did not hold the heresy of the Kadariyah who reckoned numerous other creators with Allah. He rejects the tradition of abi-Mas‘ud, that he is happy who is happy in his mother’s womb, and he is unhappy who is unhappy in his mother’s womb, only because this differs from the view of the Kadariyah who assert that neither happiness nor misery come from the decree of Allah or through his predestination."
وإنما إِنْكَاره انْشِقَاق الْقَمَر فَإِنَّمَا كره مِنْهُ ثُبُوت معْجزَة لنبينا عَلَيْهِ السلام كَمَا أنكر معجزته في نظم الْقُرْآن فَإِن كَانَ أحَال انْشِقَاق الْقَمَر مَعَ ذكر الله عز وجل ذَلِك في الْقُرْآن مَعَ قَوْله من طَرِيق الْعقل فقد زعم أن جَامع أجزاء الْقَمَر لَا يقدر على تفريقها,"Al-Nazzam’s denial of the ""splitting of the moon"" is due to his unwillingness to ascribe any miracle to our Prophet, just as he denies any miracle in connection with the composition of the Koran. If he considers the ""splitting of the moon"" impossible, although it is mentioned by Allah in the Koran, then, according to what he says of the processes of the mind, he is forced to conclude that he who combined the parts of the moon is unable to separate them."
وإن أجاز انْشِقَاق الْقَمَر في الْقُدْرَة والإمكان فَمَا الذي أوجب كذب ابْن مَسْعُود في رِوَايَته انْشِقَاق الْقَمَر مَعَ ذكر الله عز وجل ذَلِك في الْقُرْآن مَعَ قَوْله {اقْتَرَبت السَّاعَة وَانْشَقَّ الْقَمَر وَإِن يرَوا آيَة يعرضُوا ويقولوا سحر مُسْتَمر} فَقَوْل النظام بانشقاق الْقَمَر لم يكن أصلا شَرّ من قَول الْمُشْركين الَّذين قَالُوا لما رَأَوْا انشقاقه زَعَمُوا أن ذَلِك وَاقع بِسحر,"If, however, he accepted the ""splitting of the moon"" as lying within the range of ability and possibility, then what is it that made him accuse abu-Mas‘ud of being a liar, in his report of the “splitting of the moon"" although Allah mentioned it in the Koran: ""The hour hath approached and the Moon hath been cleft ; But whenever they see a miracle they turn aside and say, ‘This is well-devised magic’"" (Surah 54, v. 1 and 2). Al-Nazzam’s assertion that the “splitting of the moon""never took place, is worse than the view of the polytheists who hold that even when they saw it splitting, it took place by magic."
ومنكر وجود المعجزة شَرّ مِمَّن تأولها على غير وَجههَا وَأما إنكاره رُؤْيَة الْجِنّ أصلا لزمَه أن لَا يرى بعض الْجِنّ بَعْضًا وإن أجاز رُؤْيَتهمْ فَمَا الذي أوجب تَكْذِيب ابْن مَسْعُود في دَعْوَاهُ رُؤْيَتهمْ ثمَّ أن النظام مَعَ مَا حكيناه من ضلالاته كَانَ أفسق خلق الله عز وجل وأجرأهم على الذُّنُوب الْعِظَام وعَلى إدمان شرب الْمُسكر,"He who denies the existence of prophetic miracles is worse than he who attempts to explain them in some other way. As to his denial of vision to the Jinn, he must verily conclude that the Jinn cannot see each other. If, however, he accepts their ability to see, why does he say that abu-Mas‘ud is lying when he claims that they can see. According to all this, al-Nazzam in addition to what we have reported of his error was the most corrupt of the creations of Allah, the boldest in committing major sins, and the most addicted to drinking spirits."
وَقد ذكر عبد الله بن مُسلم بن قتيبه رحمه الله في كتاب مُخْتَلف الحَدِيث أن النظام كَانَ يَغْدُو على مُسكر وَيروح على مُسكر وانشد قَوْله في الْخمر,"""Abdallah ibn-Muslim-ibn-Kutaibah has mentioned in his book entitled The Difference of Tradition"", that al-Nazzam drank spirits in the morning and the evening, singing the following verses about drink:"
… مَا زلت آخذ روح الزق في لطف,"""I do not cease taking the spirit of the flagon in gentleness And consider it legal to drink the blood of the unslain."
واستبيح دَمًا من غير مَذْبُوح … حَتَّى انتشيت ولى روحان في بدن,"Thus I was revived and felt two spirits in my body,"
والزق مطرح جسم بِلَا روح …,"While the flagon lay a body without a spirit."""
وَمثله في طعنه على اخبار الصَّحَابَة مَعَ بدعته مَعَ بدعته في أَقْوَاله وضلالته في أَفعاله كَمَا قيل في الامثال السائرة أن من كَانَ في دينه دميما وفى أصله لئيما لم يتْرك لنَفسِهِ عارا يهيما إلا نحله كَرِيمًا واستباح بِهِ حريما وَهل يضر السَّحَاب نباح الْكلاب كَذَلِك لَا يضر,"In his attack on his report of the Companions, in the heresy of his views, and in the errors of his acts, his case is like that of the man about whom the following proverb is told. He who has a bad faith and is mean in his descent, does not leave a shameful act without committing it, considering it praiseworthy and permissible though it be forbidden. But are the clouds harmed by the barking of the dogs? Just as the clouds are not harmed by the barking of the dogs, so such a man does no harm."
مُلَاحظَة انْقَطع الْكَلَام في مُنْتَهى الصفحة 58 ب وَمن سِيَاق الْكَلَام يظْهر أن ثمَّة صَحَائِف مفقودة,"(Here the writing breaks off, at the end of the folio 58b, and from the following it appears that several pages are lost, and that the author is now talking of Mu‘ammar.)"
عرض في الْجِسْم من فعل الْجِسْم بطبعه والأصوات عِنْده فعل الأجسام المصوبة بطباعها وفناء الْجِسْم عِنْده فعل الْجِسْم بطبعه وَصَلَاح الزروع وفسادها من فعل الزروع عِنْده وَزعم أيضا أن فنَاء كل فان فعل لَهُ بطبعه,"……… the phenomena of the body came from the acts of the body according to its nature. According to him, sound is the act of bodies that are sonorous by nature. The annihilation of a body is the act of the body from its nature."
,"And the healthy or unhealthy condition of seed is, according to him, due to the acts of the seed. He also claimed that the annihilation of a finite thing is due to its own act from its nature."
وَزعم أن لَيْسَ لله تَعَالَى فِي الأعراض صنع وَلَا تَقْدِير وفى قَوْله أن الله تَعَالَى لم يخلق حَيَاة وَلَا موتا تَكْذِيب مِنْهُ لوصف الله سُبْحَانَهُ نَفسه بِأَن يحيى وَيُمِيت وَكَيف يحيى وَيُمِيت من لَا يخلق حَيَاة وَلَا موتا,"He claims, moreover, that in the case of phenomena, Allah has neither action nor power. And holding this view that Allah creates neither life nor death, he condemns as false Allah’s describing himself as one who gives life or causes death, for how can he who created neither life nor death give life or death?"
والفضيحة الثَّانِيَة من فضائحه انه لما زعم أن الله تَعَالَى لم يخلق شَيْئا من الأعراض وأنكر مَعَ ذَلِك صِفَات لله تَعَالَى الأزلية كَمَا أنكرها سَائِر الْمُعْتَزلَة لزمَه على هَذِه الْبِدْعَة أن لَا يكون لله تَعَالَى كَلَام إذ لم يُمكنهُ أن يَقُول أن كَلَامه صفة لَهُ أزلية كَمَا قَالَ أهل السّنة وَالْجَمَاعَة لأنه لَا يثبت لله تَعَالَى صفة أزلية وَلم يُمكنهُ أن يَقُول أن كَلَامه فعله كَمَا قَالَه سَائِر الْمُعْتَزلَة لِأَن الله سُبْحَانَهُ عِنْده لم يفعل شَيْئا من الأعراض,"His second heresy is his idea that Allah created no phenomena whatever. He at the same time denied the eternal attributes of Allah, just as the rest of the Mu'tazilah denied them. This heresy forced him to the conclusion that Allah has no word, since he could not state that Allah’s word was an eternal attribute, as the Sunnites and the community did, for he did not ascribe to Allah any eternal attribute. Nor could he say that his word was his act, as the rest of the Mu'tazilah held, because Allah, according to him, had not created any phenomena."
وَالْقُرْآن عِنْده فعل الْجِسْم الذي حل الْكَلَام فِيهِ وَلَيْسَ هُوَ فعلا لله تَعَالَى وَلَا صفة لَهُ فَلَيْسَ يَصح على اصله أن يكون لَهُ كَلَام على معنى الصّفة وَلَا على معنى الْفِعْل وإذا لم يكن لَهُ كَلَام لم يكن لَهُ امْر وَنهى وتكليف وَهَذَا يُؤدى إلى رفع التَّكْلِيف وإلى رفع أحكام الشَّرِيعَة وَمَا أَرَادَ غَيره لأنه قَالَ بِمَا يُؤدى اليه,"The Koran, according to him, was the act of a body upon which the words descended, but is not an act of Allah, nor an attribute. Thus it is not possible for him to actually have a word, either in the sense of an attribute, or in the sense of an act. If he then has no word, he has no power to command, to forbid, nor to impose obligation. This involves a denial of divine obligation, and of the provisions of the Canon Law and of what others have affirmed, because he held opinions leading thereto."
الفضيحة الثَّالِثَة من فضائحه دَعْوَاهُ أن كل نوع من الأعراض الْمَوْجُودَة في الأجسام لَا نِهَايَة لعدده وَذَلِكَ أَنه قَالَ إذا كَانَ المتحرك متحركا بحركة قَامَت بِهِ فَتلك الْحَرَكَة اخْتصّت بمحله لِمَعْنى سواهَا وَذَلِكَ الْمَعْنى أيضا يخْتَص بمحله لِمَعْنى سواهُ وَكَذَلِكَ القَوْل في اخْتِصَاص كل معنى بمحله لِمَعْنى سواهُ لَا إلى نِهَايَة وَكَذَلِكَ اللَّوْن والطعم والرائحة وكل عرض يخْتَص بمحله لِمَعْنى سواهُ وَذَلِكَ الْمَعْنى أيضا يخْتَص بمحله لِمَعْنى سواهُ لَا إلى نِهَايَة,"His third heresy was his assertion that every kind of phenomena existing in the body is endless in number. So 138 he said if a thing moves through a motion arising in itself, this motion belongs to its bearer for the sake of (through) an idea outside of itself. This idea, again, belongs to its bearer for the sake of (through) an idea outside of itself. Thus he speaks of every idea belonging to its bearer for the sake of (through) an idea outside of it ad infinitum. Thus color, taste and smell—as well as any other phenomena—belongs to its bearer through an idea outside of itself. This idea again belongs to its bearer through an idea outside of itself ad infinitum."
وَحكى الكعبي عَنهُ في مقالاته أن الْحَرَكَة عِنْده انما خَالَفت السّكُون لِمَعْنى سواهَا وَكَذَلِكَ السّكُون خَالف الْحَرَكَة لِمَعْنى سواهُ وان هذَيْن الْمَعْنيين مُخْتَلِفَانِ لمعنيين غَيرهمَا ثمَّ هَذَا الْقيَاس مُعْتَبر عِنْده لَا إلى نِهَايَة,"Al-Ka'bi, in his treatises, relates how al-Mu‘ammar claimed that motion is opposed to rest only through an idea outside of it. In the same way rest is opposed to motion through an idea outside of it, and these two ideas are opposed to ideas other than they. This series, according to him, may be followed ad infinitum."
وفى هَذَا القَوْل إلحاد من وَجْهَيْن أحدهما قَوْله بحوادث لَا نِهَايَة لَهَا وَهَذَا يُوجب وجود حوادث لَا يحصيها الله تَعَالَى وَذَلِكَ عناد لقَوْل الله تَعَالَى {وأحصى كل شَيْء عددا} والثاني أن قَوْله بحدوث أَعْرَاض لَا نِهَايَة لَهَا يُؤَدِّيه إلى القَوْل بِأَن الْجِسْم أقدر من الله لِأَن الله عِنْده أَنه مَا خلق غير الأجسام وهى محصورة عندنَا وَعِنْده,"Now such a view is heretical for two reasons. One is that he posits accidents that are unlimited, which necessitates the positing of accidents which Allah cannot count which is directly opposed to Allah’s saying, And counteth all things by number"" (Surah 72, v. 28). The second reason is that his saying that an unlimited number of phenomena have been created leads him to hold that the body is more powerful than Allah. For, according to him, Allah has created nothing but bodies, which are finite, as both we and he hold."
والجسم إذا فعل عرضا فقد فعل عرضا فقد فعل مَعَه مَالا نِهَايَة لَهُ من الأعراض وَمن خلق مَا لَا نِهَايَة لَهُ ينبغي أن يكون أقدر مِمَّا لَا يخلق إِلَّا متناهيا في الْعدَد,"Now, when the body creates a phenomenon, it has in that connection created phenomena that are unlimited. And naturally that which creates what is unlimited must be more powerful than that which can only create what is limited in number."
وَقد اعتذر الكعبي عَنهُ في مقالاته بِأَن قَالَ أن معمرا كَانَ يَقُول أن الإنسان لَا فعل لَهُ غير الْإِرَادَة وَسَائِر الأعراض أفعال الأجسام بالطباع,"In his treatises al-Ka‘bi tries to excuse al-Mu‘ammar, asserting that he was accustomed to say that man has no power of action outside of his will, the rest of the phenomena being the work of the body acting according to its nature."
فان صحت هَذِه الرِّوَايَة عَنهُ لزمَه أن يكون الطَّبْع الذي نسب إليه فعل الأعراض أقوى من الله عز وجل لِأَن أفعال الله اجسام محصورة وافعال الطباع أَصْنَاف من الأعراض كل صنف مِنْهَا غير مَحْصُور الْعدَد,"If this report of his views is correct, it necessarily follows that the nature, to which is ascribed the creation of the phenomena, is more powerful than Allah, for Allah produces only bodies that are limited, while the nature of man produces various kinds of phenomena, every one of which kind is endless in number."
,
وعَلى أن قَول معمر بأعراض لَا نِهَايَة لَهَا تطريق لأصحاب الظُّهُور والكمون على الْمُسلمين في حُدُوث الأعراض وَذَلِكَ أن الْمُسلمين استدلوا على حُدُوث الأعراض في الأجسام بتعاقب المتضادات مِنْهَا على الأجسام وَأنكر أَصْحَاب الكمون والظهور حُدُوث الأعراض وَزَعَمُوا أَنَّهَا كلهَا مَوْجُودَة في الأجسام فإذا ظهر في الْجِسْم بعض الأعراض كمن فِيهِ ضِدّه وإذا كمن فِيهِ الْعرض ظهر ضِدّه,"It ought further to be said that the view of al-Mu‘ammar in regard to endless phenomena opens the way for those who held the doctrines of zuhur (appearance) and kumun (masking) against that of the [orthodox] Moslems in regard to the creation of phenomena. For the [orthodox] Moslems inferred the creation of the phenomena in bodies from the fact that opposing phenomena may succeed one another in bodies. But the followers of zuhur and kumun denied the creation of phenomena and believed that they were inherent in bodies, and that whenever one phenomenon appeared in a body, its opposite was masked there, and that when a phenomenon was masked there, its opposite appeared."
فَقَالَ لَهُم المقصدون لَو كمن الْعرض تَارَة وَظهر تَارَة لَكَانَ ظُهُوره بعد الكمون وكمونه بعد الظُّهُور لِمَعْنى سواهُ والا افْتقر ذَلِك الْمَعْنى في ظُهُوره وكمونه إلى معنى سواهُ لَا إلى نِهَايَة وإذا بَطل اجْتِمَاع مَا لَا نِهَايَة لَهُ من الأعراض في الْجِسْم الْوَاحِد صَحَّ تعاقبها على الْجِسْم من جِهَة حدوثها فِيهِ لَا من جِهَة الكمون والظهور,"The Mukassidun said to them: ""If a phenomenon is masked once and appears once, its appearance after its masking and its masking after its appearance would be due to an idea outside of it; and if not, this idea in its appearing and its masking would need an endless idea outside of it. But since the combination of endless phenomena in one body is impossible, their succession in a body through being created is proved, and not through successive masking and appearing."
وإذا قَالَ معمر يجوز اجْتِمَاع مَالا نِهَايَة لَهُ من الأعراض في الْجِسْم لم يَصح لَهُ دفع اصحاب الكمون والظهور عَن دَعوَاهُم وجود أعراض لَا نِهَايَة لَهَا من أجناس الكمون والظهور في مَحل وَاحِد وسوق هَذَا الأصل يُؤدى إلى القَوْل بقدم الأعراض وَذَلِكَ كفر فَمَا يُؤدى إليه مثله,"If, now, Mu‘ammar says that the combination of unlimited phenomena in a body is possible, he cannot refute the claim of the followers of appearance and masking, that it is possible for endless phenomena of the kind called appearance and masking to be in one and the same place."" This view carried to its legitimate conclusion leads to the assertion that phenomena are eternal—which is a heresy. And that which leads to such a theory must also be heresy."
الفضيحة الرَّابِعَة من فضائحه قَوْله في الانسان إِنَّه شيء غير هَذَا الْجَسَد المحسوس وَهُوَ حي عَالم قَادر مُخْتَار وَلَيْسَ هُوَ متحركا وَلَا سَاكِنا وَلَا متلونا وَلَا يرى وَلَا يلمس وَلَا يحل موضعا دون مَوضِع وَلَا يحويه مَكَان دون مَكَان فإذا قيل لَهُ أَتَقول أن الانسان في هَذَا الْجَسَد أم في السَّمَاء أم في الارض أم في الْجنَّة أم في النَّار قَالَ لَا اطلق شَيْئا من ذَلِك ولكنى أَقُول إِنَّه في الْجَسَد مُدبر وفى الْجنَّة منعم اَوْ في النَّار معذب وَلَيْسَ هُوَ في شَيْء من هَذِه الاشياء حَالا وَلَا مُتَمَكنًا لأنه لَيْسَ بطويل وَلَا عريض وَلَا عميق وَلَا ذي وزن,"His fourth heresy is his theory that man is something beside this sensible body, that he is living, knowing, able to act and possesses free will. But he claims that it is not man himself who moves, or keeps quiet, or is colored, or sees, or touches, or changes from place to place, nor does one place contain him to the exclusion of another. If he were asked, ""Do you say that man is in this body, or in the sky, or in the earth, or in paradise, or in hell?”, he would answer, ""I do not deny any of this, but I assert that he is in the body as something led, in paradise as something given delight, or in hell as something given punishment; he is, however, neither present nor contained in any one of these places, because he has neither length, breadth, depth, nor weight."""
فوصف الانسان بِمَا يُوصف بِهِ الاله سُبْحَانَهُ لأنه وَصفه بِأَنَّهُ حى عَالم قَادر حَكِيم وَهَذِه الاوصاف وَاجِبَة لله تَعَالَى ثمَّ نزه الانسان عَن أن يكون متحركا اَوْ سَاكِنا اَوْ حارا اَوْ بَارِدًا اَوْ رطبا اَوْ يَابسا اَوْ ذَا لون اَوْ وزن اَوْ طعم اَوْ رَائِحَة وَالله سُبْحَانَهُ منزه عَن هَذِه الاوصاف وكما زعم أن الانسان في الْجَسَد مُدبر لَهُ لَا على معنى الْحُلُول والتمكن فِيهِ كَذَلِك الاله عِنْده في كل مَكَان على معنى أن مُدبر لَهُ عَالم بِمَا يجرى فِيهِ لَا على معنى الْحُلُول والتمكن فِيهِ,"He thus ascribes attributes to man which are ascribed to Allah, in that he says that man is living and knowing and able to act and wise, attributes which must necessarily be applied to Allah. Then he denies that man can move, or be at rest, or be hot, or cold, or wet, or dry, that he possesses color, or weight, or taste, or smell. Allah also is free from such attributes. And just as he claims that man, when in the body, is its manager, but is not there in the sense of being present or contained, so, according to him, Allah is in every place, in the sense that he is managing it, and knowing what is happening in it, but not in the sense of being present or contained in it."
فَكَأَنَّهُ أَرَادَ أن يعبد الانسان لوصفه إِيَّاه بِمَا يُوصف الاله بِهِ فَلم يحسن على اظهار القَوْل بذلك فَقَالَ بِمَا يُؤدى اليه ثمَّ أن هَذَا القَوْل يُوجب عَلَيْهِ أن لَا يرى إِنْسَان إنْسَانا وَيُوجب أن لَا يكون الصَّحَابَة رَأَوْا رَسُول الله صلى الله عليه وسلم وَكَفاهُ بذلك خزيا,"It is almost as if by describing man as Allah is described, he wishes him to be worshipped. He did not, however, think it meet to express quite this opinion, so he merely said something that would naturally lead to it. Moreover, this view entails the idea that it is impossible for man to see man, and therefore it follows that the Companions did not see the Prophet of Allah, a view which is in itself sufficiently shameful."
الفضيحة الْخَامِسَة من فضائحه قَوْله بِأَن الله لَا يجوز أن يَقُول فِيهِ انه قديم مَعَ وَصفه إِيَّاه بِأَنَّهُ مَوْجُود أزلي,"His fifth heresy was his view that it is not proper to say of Allah that he is ancient, and yet at the same time describing him as existent and eternal."
الفضيحة السَّادِسَة من فضائحه امْتِنَاعه عَن القَوْل بِأَن الله تَعَالَى يعلم نَفسه لَا من شَرط الْمَعْلُوم عِنْده أن يكون غير الْعَالم بِهِ وَهَذَا يبطل عَلَيْهِ بِذكر الذاكر نَفسه لأنه إذا جَازَ أن يذكر الذاكر نَفسه جَازَ أن يعلم الْعَالم نَفسه وَقد افتخر الكعبي في مقالاته بَان معمرا من شُيُوخه في الاعتزال,"His sixth heresy was his refusal to say that Allah knows himself, because he considers it essential for the thing known to be separate from the thing knowing. This view of his, however, is proved false by the fact that a speaker may mention himself, because if it is possible for his own self to be mentioned by a speaker, it is also possible for a knower to know his own self. Al-Ka'bi boasted in his writings to the effect that Mu'ammar was one of his Mu'tazilah teachers."
وَمن افتخر بِمثلِهِ وهبناه مِنْهُ وتمثلنا بقول الشَّاعِر,"Now anyone who boasts of his likeness to the like of him can keep it, just as the poet has said:"
… هَل مُشْتَر والسعيد بَايعه,"""Is there any buyer as long as Said is the seller?"
هَل بَايع والسعيد من وهبا …,Is there any seller as long as Said is the buyer? ”
ذكر البشرية مِنْهُم,Concerning the Bishriyah among them.
هَؤُلَاءِ اتِّبَاع بشر بن الْمُعْتَمِر وَقَالَ إخوانه من الْقَدَرِيَّة بتكفيره في امور هُوَ فِيهَا مُصِيب عِنْد الْقَدَرِيَّة فَمَا كفرته الْقَدَرِيَّة فِيهِ قَوْله بَان الله تَعَالَى قَادر على لطف لَو فعله بالكافر لآمن طَوْعًا وكفروه أيضا في قَوْله بِأَن الله تَعَالَى لَو خلق الْعُقَلَاء ابْتِدَاء في الْجنَّة وتفضل عَلَيْهِم بذلك لَكَانَ ذَلِك أصلح لَهُم وكفروه أيضا بقوله أن الله لَو علم من عبد انه لَو أبقاه لآمن كَانَ إبقاؤه إياه أصلح لَهُ من أن يميته كَافِرًا,"These are the followers of Bishr ibn-al-Mu'tamir.1 Some of his brother Kadariyah condemned his views on certain points in which he is considered right by other Kadariyah. For instance, they condemned his view that Allah was capable of so much kindness that if he showed it to an infidel, it would make that infidel involuntarily a believer. They also condemned his view that if Allah had first created the wise in paradise, thus favoring them, it would have been better for them. They also condemned his view that if Allah should know that by lengthening the life of a man, that slave would become a believer, then to lengthen his life would be better for him than to have him die a heretic."
وكفروه أيضا بقوله أن الله تَعَالَى لم يزل مرِيدا وفى قَوْله أن الله تَعَالَى إذا علم حُدُوث شيء من أفعال الْعباد وَلم يمْنَع مِنْهُ فقد أَرَادَ حُدُوثه وَالْحق في هَذِه الْمسَائِل الْخمس كفرت الْمُعْتَزلَة البصرية فِيهَا بشرا مَعَ بشر والمكفرون لَهُ فِيهَا هم الْكَفَرَة وَنحن نكفر بشرا في أُمُور شعواها كَذَا كل وَاحِد مِنْهَا بِدعَة شنعاء أَولهَا قَول بشر بَان الله تَعَالَى مَا والى مُؤمنا في حَال إيمَانه وَلَا عادى كَافِرًا في حَال كفره,"Moreover, they condemned his view that Allah does not cease desiring; and also his view that if Allah knows that a certain act is to be committed by a man and does not forbid it, then he has desired its occurrence. In these five views which the Basrah Mu'tazilah condemned, Bishr was right while in reality those who condemned him were themselves worthy of condemnation. All the other matters, however, are hateful heresies, and we condemn Bishr as an unbeliever. First of all, we condemn his view that Allah is not a friend to the believer in the state of his belief, nor an enemy to an unbeliever in the state of his unbelief."
وَيجب تكفيره في هَذَا على قَول جَمِيع الإمامة إما على قَول أَصْحَابنَا فلأنا نقُول أن الله تَعَالَى لم يزل مواليا لمن علم أَنه يكون وليا لَهُ إذا وجد ومعاديا لمن علم إذا وجد كفر وَمَات على كفره يكون معاديا لَهُ قبل كفره وفى حَال كفره وَبعد مَوته واما على اصول الْمُعْتَزلَة غير بشر فلأنهم قَالُوا أن الله لم يكن مواليا لَأحَدَّ قبل وجود الطَّاعَة مِنْهُ فَكَانَ في حَال وجود طَاعَته مواليا لَهُ,"It was necessary to condemn him for this, since it is contrary to the view of all Moslems as well as our immediate followers; for we say that Allah does not cease being a friend to him whom he knows to have been his friend, while he was alive; and an enemy to him whom he knows to have been an unbeliever during his life and to have died in his unbelief. He is therefore his enemy before his unbelief, in the state of his unbelief, and after his death. As to these main points, the Mu‘tazilah, all except Bishr, held that Allah is not a friend to a man before the existence of obedience in him was possible; it is only in the state of obedience that he becomes his friend."
وَكَانَ معاديا للْكَافِرِ في حَال وجود الْكفْر مِنْهُ فَإِن ارْتَدَّ الْمُؤمن صَار الله تَعَالَى معاديا لَهُ بعد أن كَانَ مواليا لَهُ عِنْدهم وَزعم بشر أن الله تَعَالَى لَا يكون مواليا للمطيع في حَال وجود طَاعَته وَلَا معاديا للْكَافِرِ في حَال وجود كفره وانما يوالى الْمُطِيع في الْحَالة الثَّانِيَة من وجود طَاعَته ويعادى الْكَافِر في الْحَالة الثَّانِيَة من وجود كفره,"In the same way he is an enemy to the unbeliever only in the state of his unbelief; moreover, if the believer returned to his unbelief, Allah becomes his enemy after having been his friend, according to them. Bishr, however, claimed that Allah is not the friend of the obedient in the state of the existence of his obedience, nor an enemy to the unbeliever in the state of the existence of his unbelief. He is only friendly to the obedient in the second state where obedience exists,1 and he is the enemy of the unbeliever only in the second state where his unbelief exists."
وَاسْتدلَّ على ذَلِك بِأَن قَالَ لَو جَازَ أن يوالى الْمُطِيع في حَال طَاعَته وَجَاز أن يعادى الْكَافِر في حَال وجود كفره لجَاز أن يثيب الْمُطِيع في حَال طَاعَته ويعاقب الْكَافِر في حَال كفره فَقَالَ اصحابنا لَو فعل ذَلِك لجَاز فَقَالَ لَو جَازَ ذَلِك لجَاز أن يمسخ الْكَافِر في حَال كفره فَقُلْنَا لَهُ لَو فعل ذَلِك لجَاز,"He gave as proof of this, that if it is right that Allah should be a friend to the obedient [only] in the state of his obedience, and an enemy to him [only] in the state of his unbelief, then it is right to reward the obedient in the state of his obedience, and to punish the unbeliever in the state of his unbelief. But our followers say: ""If Allah does so, it is right’ Bishr, however, said that if this [conclusion] is right, then it must follow that the unbeliever can be transformed in his state of unbelief. We say that if Allah does so, it is right."
الفضيحة الثَّانِيَة من فضائح بشر إفراطه بالْقَوْل في التولد حَتَّى زعم انه يَصح من الإنسان أن يفعل الالوان والطعوم والروائح والرؤية والسمع وَسَائِر الادراكات على سَبِيل التولد إذا فعل أسبابها وَكَذَلِكَ قَوْله في الْحَرَارَة والبرودة والرطوبة واليبوسة وَقد كفره اصحابنا وَسَائِر الْمُعْتَزلَة في دَعْوَاهُ أن الإنسان قد يخترع الألوان والطعوم والروائح والإدراكات,"The second of Bishr’s heresies is the fact that he exaggerated his view about reproduction to such an extent that he claimed it possible for a man to create color and taste and smell and sight and hearing and the rest of the sensations according to the method of reproduction, provided he is the author of that which causes them. The same is true of his view of heat and cold, wetness and dryness. Our own followers and the rest of the Mu'tazilah declared him a heretic, because of his assertion that man can create color, taste, smell and the sensations."
الفضيحة الثَّالِثَة من فضائحه قَوْله بِأَن الله تَعَالَى قد يغْفر للإنسان ذنُوبه ثمَّ يعود فِيمَا غفر لَهُ فيعذبه عَلَيْهِ إذا عَاد إلى مَعْصِيَته فَسئلَ على هَذَا عَن كَافِر تَابَ عَن كفره ثمَّ شرب الْخمر بعد تَوْبَته عَن كفره من غير استحلال مِنْهُ للخمر وغامضه الْمَوْت قبل تَوْبَته عَن شرب الْخمر هَل يعذبه الله تَعَالَى فِي الْقيمَة على الْكفْر الذي قد تَابَ مِنْهُ فَقَالَ نعم فَقيل لَهُ يجب على هَذَا أن يكون عَذَاب من هُوَ على مِلَّة الإسلام مثل عَذَاب الْكَافِر فالتزم ذَلِك,"His third heresy is his theory that Allah may forgive a man his sins and then change his mind about such forgiveness and punish him when the man is again disobedient. Bishr was questioned about this: ""If an unbeliever had turned from his unbelief, and drank wine after having repented from his unbelief, without considering it legal to drink wine, and death should seize him before he had repented from his drinking of wine, would Allah punish him on the last day for his unbelief for which he repented?"" He said ""yes."" It was then said to him: “According to this, then, the punishment for such a sin on the part of those who are of the Moslem community is like the punishment of the unbeliever."" And Bishr had to accept this deduction."
الفضيحة الرَّابِعَة من فضائحه قَوْله بِأَن الله تَعَالَى يقدر على أن يعذب الطِّفْل ظَالِما لَهُ في تعذيبه اياه فانه لَو فعل ذَلِك لَكَانَ الطِّفْل بَالغا عَاقِلا مُسْتَحقّا للعذاب وَهَذَا في التَّقْدِير كَأَنَّهُ يَقُول أن الله تَعَالَى قَادر على أن يظلم وَلَو ظلم لَكَانَ بذلك الظُّلم عادلا واول هَذَا الْكَلَام ينْقض آخِره وأصحابنا يَقُولُونَ أن الله تَعَالَى قَادر على تَعْذِيب الطِّفْل وَلَو فعل ذَلِك كَانَ عدلا مِنْهُ فَلَا يُنَاقض قَوْلهم في هَذَا الْبَاب وَقَوله بشر فِيهِ متناقض,"His fourth heresy is his theory that if Allah punished a baby, he would be acting unjustly towards it in meting out such punishment, for if Allah does this, the baby would have to be grown up, sensible, and deserving of punishment. This is the same as if he said that Allah has power to act unjustly, and if he acts unjustly, then, indeed through this injustice he becomes just! Thus the beginning of this theory contradicts the conclusion. Our followers say that Allah has the power to punish babies; if he does so, his act must be a just one. Their views in this matter are not contradictory, but Bishr’s view is."
الفضيحة الْخَامِسَة من فضائحه قَوْله بَأن الْحَرَكَة تحصل وَلَيْسَ بالجسم في الْمَكَان الأول وَلَا في الْمَكَان الثاني وَلَكِن الْجِسْم يَتَحَرَّك بِهِ من الأول إلى الثاني وَهَذَا قَول غير مَعْقُول في نَفسه وَاخْتلف المتكلمون قبله في الْحَرَكَة هَل هُوَ معنى أم لَا فنفاها بقاء الأعراض وَاخْتلف الَّذين اثبتوا الأعراض في وَقت وجود الْحَرَكَة فَمنهمْ من زعم انها تُوجد في الْجِسْم وَهُوَ في الْمَكَان الأولى فَينْتَقل بهَا عَن الأول إلى الثَّانِي وَبِه قَالَ النظام وَأَبُو شمر المرجئ,"His fifth heresy is his view that [when a body moves from one place to another] motion exists, but not in the body, either as it is in the first or the second place; but that the body moves through it from the first to the second place. This view is unreasonable in itself. Theologians before him disagreed as to whether motion is an “unsubstantial reality"" (ma'na) or not. Those who do not believe in phenomena said no; while those who believed in phenomena differ over the time of the occurrence of motion, some of them claiming that it starts in the body when the body is in the first place, and the body then passes through it from the first to the second place. To this agree al-Nazzam and abu- Shimr al-Murji’."
وَمِنْهُم من قَالَ أن الْحَرَكَة تحصل في الْجِسْم وَهُوَ فِي الْمَكَان الثاني لأنها اول كَون في الْمَكَان الثاني وَهَذَا قَول ابى الْهُذيْل والجبائي وَابْنه أبي هَاشم وَبِه قَالَ شَيخنَا ابو الْحسن الأشعري رحمه الله وَمِنْهُم من قَالَ أن الْحَرَكَة كونان في مكانين أحدهما يُوجد في المتحرك وَهُوَ في الْمَكَان الأول والثاني يُوجد فِيهِ وَهُوَ في الْمَكَان الثاني,"Others said that motion exists in the body when the latter has reached the second place, because it is the first time the body exists in the second place. This is the view of abu-al-Hudhail and al-Jubba’i and his son abu-Hashim. Our sheikh abu-l-Hasan al-Ash‘ari says about this: ""Some of them say that motion is two substances in two [separate] places. One of them occurs in the moving body while it is in the first place, the second occurs in the body when it is in the second place."""
وَهَذَا قَول الروندي وَبِه قَالَ شَيخنَا ابو الْعَبَّاس القلانسي وَقد خرج قَول بشر بن الْمُعْتَمِر عَن هَذِه الاقوال بِدَعْوَاهُ أن الْحَرَكَة تحصل وَلَيْسَ الْجِسْم في الْمَكَان الأول وَلَا في الثاني مَعَ علمنَا بِأَنَّهُ لَا وَاسِطَة بَين حالي كَونه في الْمَكَان الأول وَكَونه في الْمَكَان الثاني وَقَوله هَذَا غير مَعْقُول لَهُ فَكيف يكون معقولا لغيره,"This is the view of al-Ruwandi  and also of our sheikh abu-al-‘Abbas al- Kalanisi. The view of Bishr ibn-al-Mu'tamar differs from these views because he claims that motion takes place while the body is neither in the first nor the second place, although we know that there is no state between the first and the second. If this view is unreasonable even for him, how can it be reasonable for others ?"
ذكر الهشامية مِنْهُم,Concerning the HishamlyctJi.
هَؤُلَاءِ اتِّبَاع هِشَام بن عَمْرو القوطي وفضائحه بعد ضلالته بِالْقدرِ ترى مِنْهَا أَنه حرم على النَّاس أن يَقُولُوا حَسبنَا الله وَنعم الْوَكِيل من جِهَة تَسْمِيَته بالوكيل وَقد نطق الْقُرْآن بِهَذَا الِاسْم لله تَعَالَى وَذكر ذَلِك في السّنة الْوَارِدَة في تِسْعَة وَتِسْعين اسْما من الله تَعَالَى,"These are the followers of Hisham ibn-‘Amr al-Futl. His heresies follow in succession his [initial] heresy about predestnation. Among them is the fact that he forbids men to say (Surah 3, v. 167): ""Our Allah is our sufficiency, and he is our best guardian [wakil],"" because he does not consider it right to call Allah a guardian. But the Koran gives this quality to Allah, and it is also mentioned in the Sunnah which has been handed down concerning the ninety-nine names of Allah."
فإذا لم يجز إطلاق هَذَا الِاسْم على الله تَعَالَى مَعَ نزُول الْقُرْآن بِهِ وَمَعَ وُرُود السّنة الصَّحِيحَة بِهِ فأي اسْم بعده يُطلق عَلَيْهِ وَقد كَانَ أصحابنا يتعجبون من الْمُعْتَزلَة البصرية في إطلاقها على الله عز وجل من الأسماء مالم يذكر في الْقُرْآن وَالسّنة إذا دلّ عَلَيْهِ الْقيَاس وَزَاد هَذَا التَّعَجُّب بِمَنْع القوطي عَن أطلاق الله تَعَالَى بِمَا قد نطق بِهِ الْقُرْآن وَالسّنة,"If this name cannot be applied to Allah, in spite of the fact that it is written in the Koran, and handed down in the authentic Sunnah, then what other names should be applied to him? Our followers used to wonder at the Basrah Mu‘tazilah who applied names to Allah that were not mentioned in the Koran and the Sunnah, even if there is analogy for them. Their wonder increased still more when al-Futi forbade them to apply to Allah those attributes which were mentioned of him in the Koran and the Sunnah."
وَاعْتذر الْخياط عَن القوطي بِأَن قَالَ أن هشاما كَانَ يَقُول حَسبنَا الله وَنعم المتَوَكل بَدَلا من الْوَكِيل وَزعم أن وَكيلا يقتضى موكلا فَوْقه وَهَذَا من عَلَامَات جهل هِشَام والمعتذر عَنهُ بمعاني الاسماء في اللُّغَة وَذَلِكَ أن الْوَكِيل في اللُّغَة بِمَعْنى الكافي لأنه يكفى مُوكله أَمر مَا وَكله فِيهِ وَهَذَا معنى قَوْلهم حَسبنَا الله وَنعم الْوَكِيل وَمعنى حَسبنَا كافينا,"Al-Khaiyat defended al-Futi by saying that Hisham used to say: ""Our sufficiency is in Allah, he is the best to depend upon [mutawakkal alaihi],""in place of “guardian."" He claimed that the word guardian implied someone above him (to make him guardian). This, however, is a sign of the ignorance of Hisham and of him who defended him by resorting to the meanings of nouns in the language. The word guardian really means ""the one who is sufficient,"" because he suffices the one under his guardianship in what is given him to guard. This is the meaning of his saying, ""Our sufficiency is in Allah, and he is the best guardian."" And also the meaning of ""our sufficiency"" is our adequacy."
وواجب أن يكون مَا بعد نعم مُوَافقا لما قبله كَقَوْل الْقَائِل الله رازقنا وَنعم الرازق وَلَا يُقَال الله رازقنا وَنعم الغافر وَلِأَن الله تَعَالَى قَالَ وَمن يتوكل على الله فَهُوَ حَسبه أي كافيه وَقد يكون الْوَكِيل أيضا بِمَعْنى الحفيظ وَمِنْه قَوْله تَعَالَى {قل لست عَلَيْكُم بوكيل} أي حفيظ وَيُقَال في نقيض الحفيظ رجل وكل ووكل اي بليد والوكيل البلادة وإذا كَانَ الْوَكِيل بِمَعْنى الحفيظ وَكَانَ الله عز وجل كَافِيا وحفيظا لم يكن للْمَنْع من إِطْلَاق الْوَكِيل في أسمائه,"It is therefore necessary that what follows the word “best"" should agree with the word that precedes it, as when we say “Allah is our supplier, and he is the best supplier,"" we do not say “Allah is our supplier, and he is the best forgiver."" Besides, Allah said, ""He who depends on Allah, Allah is his sufficiency, i.e. his satisfier."" Guardian [wakil] may also mean in the Koran ""one in charge of us, ""“Say I am not in charge of you"" (Surah 6, v. 66), i.e. your protector; and the opposite of protector would be a stupid man. If guardian means protector, and if Allah is a satisfier and a protector, then we should not forbid the use of the word guardian among his actual names."
معنى وَالْعجب من هِشَام في انه أجَاز أن يكْتب لله عز وجل هَذَا الِاسْم وأن يقْرَأ بِهِ الْقُرْآن وَلم يجز أن يدعي بِهِ في غير قِرَاءَة الْقُرْآن,The remarkable thing is that Hisham permitted this name for Allah to be written and read in the Koran. But he did not permit its use outside of the Koran.
الفضيحة الثَّانِيَة من فضائح القوطي امْتِنَاعه من اطلاق كثير مِمَّا نطق بِهِ الْقُرْآن فَمنع النَّاس من أن يَقُولُوا أن الله تَعَالَى عز وجل الف بَين قُلُوب الْمُؤمنِينَ وأضل الْفَاسِقين وَهَذَا عناد مِنْهُ لقَوْل الله عز وجل {لَو أنفقت مَا فِي الأَرْض جَمِيعًا مَا ألفت بَين قُلُوبهم وَلَكِن الله ألف بَينهم} وَلقَوْله تَعَالَى {ويضل الله الظَّالِمين} وَقَوله {وَمَا يضل بِهِ إِلَّا الْفَاسِقين},"The second of al-Futi’s heresies is his prohibition of the use of many things uttered in the Koran. He also prohibited men from saying that Allah unites the hearts of believers and causes the evil to err. This is in opposition to the words of Allah, ""Hadst thou spent all the riches of the earth, thou couldst not have united their hearts; but Allah hath united them""(Surah 8, v. 64), and to his words, ""But the wicked shall he cause to err"" (Surah 14, v. 32), and to his words, ""But none will he mislead thereby except the wicked"" (Surah 2, v. 27)."
وَمنع أن يَقُول في الْقُرْآن انه عمى على الْكَافرين عباد بن سُلَيْمَان الْعُمْرَى في هَذِه الضَّلَالَة فَمنع النَّاس أن يَقُولُوا أن الله تَعَالَى خلق الْكَافِر لِأَن الْكَافِر اسْم لشيئين إِنْسَان وكفره وَهُوَ غير خَالق لكفره عِنْده وَيلْزمهُ على هَذَا الْقيَاس أن لَا يَقُول أن الله تَعَالَى خلق الْمُؤمن لأن الْمُؤمن اسْم لشيئين إنسان وإيمان وَالله عِنْده غير خَالق لإيمانه,"Moreover, he rejected the saying in the Koran that Allah blinds the unbelievers. ‘Ubad ibn-Sulaiman al-‘Amri (‘Umari?) agreed with this error, and forbade men to say that Allah created the unbelievers, because the word unbeliever is a name for two things, man and his unbelief, but according to him Allah is not the creator of his unbelief. On this analogy, it follows that one should not say that Allah created the believer, because the word believer is a name for two things, man and belief, but Allah, according to him, is not the creator of man’s belief."
وَيلْزمهُ على قِيَاس هَذَا الأصل أن لَا يَقُول أن أحدا قتل كَافِرًا اَوْ ضربه لأن الْكَافِر اسْم للإنسان وكفره وَالْكفْر لَا يكون مقتولا وَلَا مَضْرُوبا وَمنع عباد من أن يُقَال إن الله تَعَالَى ثَالِث كل اثْنَيْنِ ورابع كل ثَلَاثَة وَهَذَا عناد مِنْهُ لقَوْل الله عز وجل {مَا يكون من نجوى ثَلَاثَة إِلَّا هُوَ رابعهم وَلَا خَمْسَة إِلَّا هُوَ سادسهم} وَكَانَ يمْنَع أن يُقَال إن الله عز وجل أمْلى الْكَافرين وفى هَذَا عناد مِنْهُ لقَوْله عز وجل {إِنَّمَا نملي لَهُم ليزدادوا إِثْمًا},"Similarly one should never say, ""one has killed an unbeliever or has struck him,"" because the word unbeliever refers to both man and his unbelief, and unbelief cannot be killed or struck. ‘Ubad also rejected the saying that Allah is the third to every two, and the fourth to every three,"" which contradicts the saying of Allah in the Koran: ""Three persons speak not privately together but he is their fourth, nor five but he is their sixth""(Surah 58, v. 8). He also rejected the saying that Allah increases the days of the unbeliever, and this in spite of his word in the Koran: ""We only give them length of days that they may increase their sins"" {Surah 3, v. 179)."
فان كَانَ عباد قد أَخذ هَذِه الضَّلَالَة عَن استاذه هِشَام فالعصا من العصية وَلنْ تَلد الْحَيَّة الا الْحَيَّة وان انْفَرد بهَا دونه فقد قَاس التلميذ مَا منع من إطلاقه على مَا منع استاذه من إطلاق اسْم الْوَكِيل وَالْكَفِيل على الله تَعَالَى,"If ‘Ubad took this error from his preceptor Hisham, it is like the case of 'Asa coming from ‘Aslyah, ""the snake gives birth to naught but a snake' But if this assertion of his is original, then the student would have drawn this from his teacher by analogy, for the teacher rejected the word guardian and guarantor from among the names of Allah."
الفضيحة الثَّالِثَة من فضائح القوطي قَوْله بِأَن الأعراض لَا يدل شيء مِنْهَا على الله تَعَالَى وَكَذَلِكَ قَالَ صَاحبه عباد وزعما أن فلق الْبَحْر وقلب الْعَصَا حَيَّة وانشقاق الْقَمَر ونجى السحر والمشي على المَاء لَا يدل شيء من ذَلِك على صدق الرَّسُول في دَعْوَاهُ الرسَالَة وَزعم القوطي أن الدَّلِيل على الله تَعَالَى يجب أن يكون محسوسا والاجسام محسوسة فهي الْأَدِلَّة على الله تَعَالَى وهي أعراض مَعْلُوم بدلائل نظرية,"The third of al-Futi's heresies is his view concerning phenomena. He held that nothing in them predicates anything about Allah. His companion ‘Ubad said the same, both claiming that the ""separation of the sea, ""and the ""changing of a stick into a snake,"" and the ""splitting of the moon,"" and the ""secret of the twilight,"" and the ""walking on the waters""(see above, page 156) do not verify the Prophet’s claim to prophecy. Al-Futi claims that the evidences supposed to come from Allah must be perceptible, just as bodies are perceptible, and are therefore evidences for Allah. They are phenomena which can be known through deductive proofs."
فَلَو دلّت على الله تَعَالَى لأحتاج كل دَلِيل مِنْهَا إلى دَلِيل سواهُ لَا إلى نِهَايَة فَقيل لَهُ يلزمك على هَذَا الِاسْتِدْلَال أن تَقول أن الأعراض لَا تدل على شيء من الاشياء وَلَا على حكم من الاحكام لأنها لَو دلّت على شيء اَوْ على حكم لاحتاجت في دلالتها على مدلولها إلى دلَالَة على صِحَة دلالتها عَلَيْهِ وَاحْتَاجَ كل دَلِيل إلى دَلِيل لَا إلى نِهَايَة,"But if Allah is to be made evident by this, these evidences must each have another evidence to prove them, and so on ad infinitum. It was objected that if he held to such an evidence, he would have to say that phenomena do not prove anything, nor do they even prove a basis for a legal decision; because if they proved a thing or a decision, in proving it they would need to prove the truth of the evidence used in bringing such proof and each evidence must have another evidence to prove it, and so on ad infinitum."
فإن صَار إلى أن الأعراض لَا تدل على شيء وَلَا على حكم إبطال دلَالَة كَلَام الله تَعَالَى وَكَلَام رَسُوله صلى الله عليه وسلم على الْحَلَال وَالْحرَام والوعد والوعيد على أن من الأعراض مَا يعلم وجوده بِالضَّرُورَةِ كالألوان والطعوم والروائح وَالْحَرَكَة والسكون فَيلْزمهُ أن تكون هَذِه الأعراض الْمَعْلُومَة بِالضَّرُورَةِ دلَالَة على الله سُبْحَانَهُ لأنها محسوسة كَمَا دلّت الأجسام عَلَيْهِ لأنها محسوسة,"And if phenomena prove nothing, and give no decision, then the proof of the word of Allah and the word of the prophet of Allah about that which is legal and that which is illegal, and that which is promised and that which is threatened, is abrogated. Among phenomena, however, are some whose existence is known by necessity, such as colors, tastes, smells, motion and quiet; it necessarily follows that these known phenomena are evidence for Allah because they are perceptible, just as bodies are evidence for Allah because they are perceptible."
فان قَالَ أن الأعراض غير محسوسة لأن نفاة الأعراض قد انكروا وجودهَا قيل فالنجارية والضرارية قد أنكروا وجود جسم لَا يكون عرضا لدعواهم أن الأجسام اعراض مجتمعة فَيجب على قِيَاس قَوْلك أن لَا تكون الأجسام مَعْلُومَة بِالضَّرُورَةِ وأن لَا سبحانه,"Now if al-Futi says that phenomena are not perceptible, because those who deny phenomena have doubted their existence, one can say: ""The Najjariyah and the Darariyah have doubted the existence of the body which was not a phenomenon, for they asserted that bodies are a conglomerate of phenomena."" And arguing from analogy, it follows that bodies cannot be known of necessity, and if "
,[break in text].
الفضيحة الرَّابِعَة من فضائح القوطي قَوْله بالمقطوع والموصول وَذَلِكَ قَوْله لَو أن رجلا أَسْبغ الْوضُوء وافتتح الصَّلَاة متقربا بهَا إلى الله سُبْحَانَهُ عَازِمًا على اتمامها ثمَّ قَرَأَ فَرَكَعَ فَسجدَ مخلصا لله تَعَالَى في ذَلِك كُله غير انه قطعهَا في آخرهَا أن اول صلَاته وَآخِرهَا مَعْصِيّة قد نَهَاهُ الله تَعَالَى عَنْهَا وحرمها عَلَيْهِ وَلَيْسَ لَهُ سَبِيل قبل دُخُوله فِيهَا إلى الْعلم بانها مَعْصِيّة فيجتنبها وَاجْتمعت الإمامة قبله على أن مَا مضى مِنْهَا كَانَت طَاعَة لله تَعَالَى وَإِن لم تكن صَلَاة كَامِلَة كَمَا لَو مَاتَ فِيهَا كَانَ الماضي مِنْهَا طَاعَة وان لم تكن صَلَاة كَامِلَة,"His fourth heresy is his view concerning ""interruption and continuation."" He maintained that if a man performs the ablutions for prayer and begins praying, thus drawing near to Allah with the determination to complete the prayer, and then recites and genuflects and prays to Allah in the proper manner, but interrupts it before the end, the beginning of the prayer as well as its end is sin, for Allah has forbidden him this, and has prohibited it. Nevertheless he has no way of knowing before the beginning that he is going to commit a sin and so avoiding it. The community before his time, however, agreed that the part of the prayer which has been performed is an act of obedience to Allah, even though the prayer is not completed, as for example, if he died during it, what he had already performed would be an act of obedience, even if the whole prayer was not completed."
الفضيحة الْخَامِسَة من فضائحه إِنْكَاره حِصَار عُثْمَان وَقَتله بالغلبة والقهر وَزعم أن شرذمة قَليلَة قَتَلُوهُ غرَّة من غير حِصَار مَشْهُور ومنكر حِصَار عُثْمَان مَعَ تَوَاتر الإخبار به كمنكر وقعتي بدر وَأحد مَعَ تَوَاتر الاخبار بهما وكمنكر المعجزات الَّتِي تَوَاتَرَتْ الإخبار بهَا,"His fifth heresy is his denial that ‘Uthman was besieged and was murdered by conquest and force. He claims that a small band surprised and killed him without a regular siege. And he who rejects the view that ‘Uthman was besieged, in spite of the successive traditions about it which have been handed down, is like him who rejects the battles of Badr and ‘Uhud, in spite of the successive traditions which have been handed down about them. He is also like the man who' rejects the miracles about which traditions have been handed down."
الفضيحة السَّادِسَة من فضائحه قَوْله في بَاب الإمامة أن الإمامة إذا اجْتمعت كلمتها وَتركت الظُّلم وَالْفساد احْتَاجَت إلى إِمَام بسوسها وإذا عَصَتْ وفجرت وَقتلت امامها لم تعقد الإمامة لَاحَدَّ في تِلْكَ الْحَال وانما أَرَادَ الطعْن في إمامة على لأنها عقدت لَهُ في حَال الْفِتْنَة وَبعد قتل إمام قبله وَهَذَا قريب من قَول الْأَصَم مِنْهُم أن الإمامة لَا تَنْعَقِد إلا بِإِجْمَاع عَلَيْهِ,"His sixth heresy is the view which he expresses in the chapter on the “Community'; that when the community comes to a consensus of opinion, forsaking tyranny and corruption, then it needs an Imam to manage it; and that when it rebels and sins and kills its Imam, the Imamship should not be fixed upon anyone under these conditions. By that he meant to attack the Imamship of ‘All, because the Imamship was given to him during a rebellion, and after the killing of the Imam preceding him. This agreed with the view of their al-Asamm,1 that the Imamship should remain only with him upon whom the consensus of the community rested."
وَإِنَّمَا قصد بِهَذَا الطعْن في إمامة علي رضى الله عَنهُ لِأَن الإمامة لم تَجْتَمِع عَلَيْهِ لثُبُوت أهل الشَّام على خِلَافه إلى أن مَاتَ فأنكر إمامة على مَعَ قَوْله بإمامة مُعَاوِيَة لِاجْتِمَاع النَّاس عَلَيْهِ بعد قتل على رضي الله عنه وقرت عُيُون الرافضة المائلين إلى الاعتزال بطعن شُيُوخ الْمُعْتَزلَة في إمامة على وَبعد شكّ زعيمهم وَاصل في شَهَادَة علي وَأَصْحَابه,"By this view he only wished to attack the Imamship of ‘Ali, because the community did not agree about him, for the Syrians were championing someone else until ‘All died. While rejecting the Imamship of ‘All he accepted that of Mu‘awiyah, because after the killing of ‘Ali the people were unanimous about him. The Rafidah, who inclined to the Mu‘tazilah views, were thoroughly satisfied with the attack of the sheikhs of the Mu‘tazilah on the Imamship of ‘Ali, after the doubt of their leader, Wasil, about the testimony of ‘Ali and his followers."
الفضيحة السَّابِعَة من فضائح القوطي قَوْله بتكفير من قَالَ أن الْجنَّة وَالنَّار مخلوقتان وأخلافه من الْمُعْتَزلَة شكوا في وجودهَا الْيَوْم وَلم يَقُولُوا بتكفير من قَالَ أنهما مخلوقان والمثبتون لخلقهما يكفرون من أنكرهما ويقسمون بِاللَّه تَعَالَى أن من أنكرهما لَا يدْخل الْجنَّة وَلَا ينجو من النَّار,"His seventh heresy is his view that whoever says that paradise and hell are created, should be condemned as a heretic. His successors among the Mu‘tazilah doubt the existence of paradise and hell to-day, but they do not condemn the man who says that they are created. Those convinced of the creation of paradise and hell condemn those who deny their existence, and they swear by Allah that he who denies them will not enter paradise and will not be freed from hell."
الفضيحة الثَّامِنَة من فضائحه انكاره افتضاض الأبكار في الْجنَّة وَمن أنكر ذَلِك يحرم ذَلِك بل يحرم عَلَيْهِ دُخُول الْجنَّة فضلا عَن افتضاض الأبكار فِيهَا وَكَانَ القوطي مَعَ ضلالاته الَّتِي حكيناها عَنهُ يرى قتل مخالفيه في السِّرّ غيلَة وان كَانُوا من أهل مِلَّة الإسلام وَأهل السّنة يَقُولُونَ في القوطي وَأَتْبَاعه أن دِمَاءَهُمْ وَأَمْوَالهمْ حَلَال للْمُسلمين وَفِيه الْخمس وَلَيْسَ على قَاتل الْوَاحِد مِنْهُم قَود وَلَا دِيَة وَلَا كَفَّارَة بل لقاتله عِنْد الله تَعَالَى الْقرْبَة والزافي وَالْحَمْد لله على ذَلِك,"His eighth heresy is his denial of the marriage of the virgins in paradise. He who denies this is not worthy to enter paradise, how much less to marry a virgin there! Besides the errors which we have recounted of him, al-Futi believes in killing those who differed from him with secret cunning, even if they belong to the Moslem community. The Sunnites said of al-Futi and his followers that their blood and their possessions belonged to the Moslems, and that they had the usual right to a fifth of the spoils. Nor should retaliation be demanded of one who kills one of them nor blood-wit nor atonement. Indeed, a certain rank and station is to be awarded to the one killing him, for which praise be to Allah."
ذكر المردادية مِنْهُم,Concerning the Murdariyah among them.
هَؤُلَاءِ اتِّبَاع عِيسَى بن صبيح الْمَعْرُوف بابى مُوسَى المردار وَكَانَ يُقَال لَهُ رَاهِب الْمُعْتَزلَة وَهَذَا اللقب لَائِق بِهِ أن كَانَ المُرَاد بِهِ مأخوذا من رَهْبَانِيَّة النَّصَارَى ولقبه بالمردار لَائِق بِهِ أيضا وَهُوَ في الْجُمْلَة كَمَا قيل,"These are the followers of ‘Isa ibn-Sabih, known as abu-Musa al- Alurdar. He was called the monk of the Mu'tazilah; the surname suited him, though the term was taken from the Christian monks. His surname al-Murdar was also well suited. In general, the verse may be applied to him:"
… وَقل مَا أَبْصرت عَيْنَاك من رجل,"""Thine eyes seldom see a man whose appearance does not remind you of his surname """
الا وَمَعْنَاهُ أن فَكرت في لقبه …,
وَكَانَ هَذَا المردار يزْعم أن النَّاس قادرون على أن يَأْتُوا بِمثل هَذَا الْقُرْآن وَبِمَا هُوَ افصح مِنْهُ كَمَا قَالَه النظام وفى هَذَا عناد مِنْهُمَا لقَوْل الله عز وجل {قل لَئِن اجْتمعت الْإِنْس وَالْجِنّ على أن يَأْتُوا بِمثل هَذَا الْقُرْآن لَا يأْتونَ بِمثلِهِ وَلَو كَانَ بَعضهم لبَعض ظهيرا} وَكَانَ المردار مَعَ ضلالته يَقُول بتكفير من لابس السُّلْطَان وَيَزْعُم انه لَا يَرث وَلَا يُورث,"This Murdar claimed that men had the power to produce something similar to the Koran, and even something more eloquent, as al-Nazzam had said. But in this way they show stubborn opposition to the word of Allah: ""Say, verily were men and Jinn assembled to produce the like of this Koran; they could not produce its like, though the one should help the other""(Surah 17, v. 90). In addition to his various errors, al-Murdar condemned the person in close communication with a Sultan, claiming that he can neither inherit nor can he bequeath."
وَكَانَ أسلافه من الْمُعْتَزلَة يَقُولُونَ فِيمَن لابس السُّلْطَان من موافقيهم في الْقدر والاعتزال انه فَاسق لَا مُؤمن وَلَا كَافِر وافتى المردار بأنه كَافِر وَالْعجب من سُلْطَان زَمَانه كَيفَ ترك قَتله مَعَ تكفيره إِيَّاه وتكفير من خالطه وَكَانَ يزْعم أيضا أن الله قَادر على أن يظلم ويكذب وَلَو فعل مقدوره من الظُّلم وَالْكذب لَكَانَ إلها ظَالِما كَاذِبًا,"His predecessors among the Mu'tazilah, who agreed with him as regards fate and secession, said of the person holding communication with a Sultan, that he was a shameful person, but could not be called either a believer or an unbeliever. Murdar, however, held that such a person was an unbeliever. It is a wonder that the Sultan of his time refrained from killing him, considering his condemnation of the Sultan himself and of those who associated with him. He also claimed that Allah could act tyrannically and lie; for if he really carried out what he was able to do in the way of tyranny and lying, Allah would become a tyrannous and lying God."
وَحكى ابو زفر عَن المردار انه أجَاز وُقُوع فعل وَاحِد من فاعلين مخلوقين على سَبِيل التولد مَعَ انكاره على أهل السّنة مَا أجازوه من وُقُوع فعل من فاعلين احدهما خَالق وَالْآخر مكتسب وَزعم المردار أيضا أن من أجَاز رُؤْيَة الله تَعَالَى بالأبصار بِلَا كَيفَ فَهُوَ كَافِر والشاك في كفره كَافِر وَكَذَلِكَ الشاك في الشاك لَا إلى نِهَايَة,"Abu-Zufar reports of al-Murdar that he admitted that a deed could exist which was the result of two created doers, the deed being created in the way of generation. He held this view in spite of the fact that he rejected the opinion of the Sunnites that a deed could result from two doers, one of them being creator and the other acquirer. Al-Murdar also claimed that he who admitted that Allah could be seen by the eye though without form, is an unbeliever, while he who doubts that such a man is an unbeliever, is an unbeliever himself; and so is the man who has doubts of the man who doubts, and so on ad infinitum."
وَالْبَاقُونَ من الْمُعْتَزلَة انما قَالُوا بتكفير من أجَاز الرُّؤْيَة على جِهَة الْمُقَابلَة اَوْ على اتِّصَال شُعَاع بصر الرائي بالمرئي وَالَّذين اثبتوا الرُّؤْيَة مجمعون على تَكْفِير المردار وتكفير الشاك فِي كفره وَقد حكت المعتزلة عَن المردار أنه لما حَضرته الْوَفَاة اوصى أن يتَصَدَّق بِمَالِه وَلَا يدْفع شيء مِنْهُ إلى ورثته,"The rest of the Mu'tazilah agreed to condemn only him who admitted that Allah could be seen when man confronted him, or when the rays of the sight of the seer reached the seen. Those who assert that there is sight, are united in condemning al-Murdar, as well as those who doubt his condemnation. The Mu'tazilah report that when death came to al-Murdar he gave the dying command that his goods should be given as alms and that none of his possessions were to be given to his heirs."
وَقد اعتذر أَبُو الْحُسَيْن الْخياط عَن ذَلِك بِأَن قَالَ كَانَ في مَاله شبه وَكَانَ للْمَسَاكِين فِيهِ حق وَقد وَصفه في هَذَا الِاعْتِذَار بانه كَانَ غَاصبا وخائنا للْمَسَاكِين وَالْغَاصِب عِنْد الْمُعْتَزلَة فَاسق مخلد في النَّار وَقد أكفره سَائِر الْمُعْتَزلَة في قَوْله بتولد فعل وَاحِد من فاعلين وَقد أكفر هُوَ أَبَا الْهُذيْل في قَوْله بِفنَاء مقدورات الله عز وجل,"Abu-al-Husain al-Khaiyat tried to excuse him for this, saying: “The right to some of his goods was questionable, and the poor had a claim on them."" By this excuse, he only proved that al-Murdar was a robber and a betrayer of the poor. And the robber, according to the Mu'tazilah is a shameless person, condemned to eternal hell. The rest of the Mu'tazilah condemned him because of his view about the generation of one deed by two creators. Al-Murdar himself condemned abu-al-Hudhail for his view about the annihilation of the powers of Allah."
وصنف فِيهِ كتابا واكفر استاذه بشر بن الْمُعْتَمِر في قَوْله بتوليد الالوان والطعوم والروائح والادراكات واكفر النظام في قَوْله بِأَن المتولدات من فعل الله وَقَالَ يلْزمه أن يكون قَول النَّصَارَى الْمَسِيح ابْن الله من فعل الله فَهَذَا رَاهِب الْمُعْتَزلَة قد قَالَ بتكفير شُيُوخه وَقَالَ شُيُوخه بتكفيره وكلا الْفَرِيقَيْنِ محق في تَكْفِير صَاحبه,"He wrote a book on this, and he condemned his own teacher Bishr ibn-al-Mu‘tamar for his view about the creation of colors, tastes, smells and perceptions. He also condemned al-Nazzam’s view that created things are the deed of Allah. This, he said, would necessitate the acceptance of the views of the Christians, namely, that ""the Messiah, the son of Allah, was a creation of Allah."" This would make of him a Mu'tazilah in monkish dress! He condemned his sheikhs, and his sheikhs condemned him. Both parties are justified in condemning each other."
ذكر الجعفرية مِنْهُم,Concerning the Jaffariyah.
هَؤُلَاءِ اتِّبَاع جَعْفَر ابْن احدهما جَعْفَر ابْن حَرْب وَالْآخر جَعْفَر بن مُبشر وَكِلَاهُمَا للضلالة رَأس وللجهالة اساس اما جَعْفَر بن مُبشر فانه زعم أن في فساق هَذِه الإمامة من هُوَ شَرّ من الْيَهُود وَالنَّصَارَى وَالْمَجُوس والزنادقة هَذَا مَعَ قَوْله بِأَن الْفَاسِق موحد وَلَيْسَ بِمُؤْمِن وَلَا كَافِر فَجعل الموحد الذي لَيْسَ بِكَافِر شرا من الثنوي الْكَافِر,"These are the followers of two Ja'fars among them, one is Ja'far ibn-Harb and the other is Ja'far ibn-Mubashshir. Both of them attained the heights of error and the depths of ignorance. As to Ja'far ibn-Mubashshir, he claimed that among the corrupt of this community there are some who are worse than the Jews, Christians, Magians and Zindiks. This was in spite of his view that these same corrupt persons were Unitarians, and neither believers nor unbelievers. He thus made the Unitarian who is not an unbeliever worse than the infidel dualist."
وأقل مَا نقابل بِهِ على هَذَا القَوْل أن نقُول لَهُ انك عندنَا شَرّ من كل كَافِر على جَدِيد الارض وَزعم أيضا أن اجماع الصَّحَابَة على ضرب شَارِب الْخمر الْحَد وَقع خطأ لأنهم أَجمعُوا عَلَيْهِ برأيهم فشارك ببدعته هذه نجدات الْخَوَارِج في إنكارها حد الْخمر,"The least we can oppose to this view of his is to say to him: “According to us, thou art worse than all unbelievers on the face of the earth."" He also claimed that the consensus of the companions to the effect that he who drinks spirituous wine should be beaten, is wrong, because their agreement is reached through speculation (not given in the Koran or tradition). Jafar shares this heresy of his with the Najadat among the Khawarij, who condemn punishment for the use of liquor."
وَقد أجمع فُقَهَاء الإمامة على تَكْفِير من أنكر حد الْخمر النيء وانما اخْتلفُوا في حد شَارِب النَّبِيذ إذا لم يسكر مِنْهُ فَأَما إذا سكر مِنْهُ فَعَلَيهِ الْحَد عِنْد فريقي الرأي والْحَدِيث على رغم من أنكر ذَلِك,"The theologians of the community unite in condemning him who rejects the punishment for drinking raw wine, they differ only about nabidh, provided one does not get drunk from it. If one does, however, get drunk from it, then, according to the view of the followers of speculation and tradition, one deserves punishment in spite of those who disagree with this view."
وَزعم ابْن مُبشر أيضا أن من سرق حَبَّة أَوْ مَا دونهَا فَهُوَ فَاسق مخلد في النَّار وَخَالف بذلك اسلافه الَّذين قَالُوا بغفران الصَّغَائِر عِنْد اجْتِنَاب الْكَبَائِر وَزعم أيضا أن تأييد المذنبين في النَّار من مُوجبَات الْعُقُول وَخَالف بذلك اسلافه الَّذين قَالُوا أن ذَلِك مَعْلُوم بِالشَّرْعِ دون الْعقل,"Ibn-Mubashshir also claimed that he who steals a single grain, or even something less, is corrupt, and is condemned to hell. In this he differs from his predecessors who maintained that minor sins may be forgiven, if their author avoids the major ones. He also claimed that the condemnation of the guilty to hell-fire can be inferred by mental processes, thereby differing from his predecessors, that such a thing was known through the law and not through reason."
وَزعم أيضا أن رجلا لَو بعث إلى امْرَأَة يخطبها ليتزوجها وجاءته الْمَرْأَة فَوَثَبَ عَلَيْهَا فَوَطِئَهَا من غير عقد انه لَا حد عَلَيْهَا لأنها جَاءَتْهُ على سَبِيل النِّكَاح واوجب الْحَد على الرجل لأنه قصد الزِّنَى وَلم يعلم هَذَا الْجَاهل أن المطاوعة للزاني زَانِيَة إذا لم تكن مُكْرَهَة وانما اخْتلف الْفُقَهَاء فِيمَن أكره امْرَأَة على الزِّنَى فَمنهمْ من أوجب للْمَرْأَة مهْرا وَأوجب على الرجل حدا,"Moreover, he claims that if a man send to a woman, asking her to marry him, and she come to him, and he take and possess her without a contract, she is not to be punished, because she came to him with the idea of being married. But the punishment must fall upon the man, because he intended fornication. This ignorant man did not know that she who gives in to fornication is a fornicator unless she is forced. The legists differ only about a man who forces a woman to commit fornication, some holding that the woman should have a dowry and the man be punished."
وَبِه قَالَ الشافعي وفقهاء الْحجاز وَمِنْهُم من أسقط الْحَد على الرجل لأجل وجوب الْمهْر عَلَيْهِ وَلم يقل اُحْدُ من سلف الإمامة بِسُقُوط الْحَد عَن المطاوعة للزاني كَمَا قَالَه ابْن مُبشر وَكَفاهُ بِخِلَاف الاجماع خزيا,"Al-Shaffi and the legists of al-Hijaz agree about this. Some withhold the punishment of the man because they consider that the dowry is sufficient punishment for him. But not Date-wine, one of the early Moslems thought it right to withhold punishment from a woman who gives in to fornication, which was ibn-Mubashshir’s view. The opposition of the consensus is sufficient shame for him."
وأما جَعْفَر بن حَرْب فإنه جرى على ضلالات استاذه المردار وَزَاد عَلَيْهِ قَوْله بَان بعض الْجُمْلَة غير الْجُمْلَة وَهَذَا يُوجب عَلَيْهِ أن تكون الْجُمْلَة غير نَفسهَا اذ كَانَ كل بعض مِنْهَا غَيرهَا وَكَانَ يزْعم أن الْمَمْنُوع من الْعقل قَادر على الْعقل وَلَيْسَ يقدر على شيء وَهَكَذَا حكى عَنهُ الشّعبِيّ في مقالاته وَيلْزمهُ على هَذَا الأصل أن يُجِيز كَون الْعَالم لَيْسَ غير عَالم بشيء,"As for Jafar ibn-Harb, he shared in the errors of his preceptor, al-Murdar, and also added his view to the effect that a part of the whole is different from the whole. This amounts to saying that the whole is different from itself, since all parts of it are different from it. He also claimed that what is forbidden by the mind has power over (that) mind, but has no power over another thing. This is what al-Sha‘bi said of him in his treatises. On this basis it was necessary that he should hold that he who’ knows a thing does not know it."
قَالَ عبد القاهر لِابْنِ حَرْب كتاب في بَيَان ضلالاته وَقد نقضنا عَلَيْهِ وسمينا نقضنا عَلَيْهِ بِكِتَاب الْحَرْب على ابْن حَرْب وَفِيه نقض أصوله وفصوله بِحَمْد الله وَمِنْه,"‘Abd-al-Kahir says: ""Ibn-Harb wrote a book explaining his errors; but we have refuted his book, by a book called Harb (war) against ibn-Harb, and in it, by the help of Allah and his gifts, we refute its bases and its principles."
ذكر الإسكافية مِنْهُم,Concerning the Iskafiyah among them.
هَؤُلَاءِ اتِّبَاع مُحَمَّد بن عبد الله الإسكافي وَكَانَ قد أَخذ ضلالته في الْقدر عَن جَعْفَر بن حَرْب ثمَّ خَالفه في بعض فروعه وَزعم أن الله تَعَالَى يُوصف بِالْقُدْرَةِ على ظلم الاطفال والمجانين وَلَا يُوصف بِالْقُدْرَةِ على ظلم الْعُقَلَاء,"These are the followers of Muhammad ibn-Abdallah al-Iskafi. He took his errors about predestination from Ja‘far ibn-Harb, but came to differ over certain of his deductions. He claimed that to Allah can be attributed the power to oppress children and madmen, but not those who have their full senses."
فَخرج عَن قَول النظام بِأَنَّهُ لَا يقدر على الظُّلم وَالْكذب وَخرج عَن قَول من قَالَ من أسلافه انه يقدر على الظُّلم وَالْكذب وَلكنه لَا يفعلهما لعلمه بقبحهما وغناه عَنْهُمَا وَجعل بَين الْقَوْلَيْنِ منزلَة فَزعم أنه إنما يقدر على ظلم من لَا عقل لَهُ وَلَا يقدر على ظلم الْعُقَلَاء,"He disagreed with the view of al-Nazzam, according to which Allah had not the power to act unjustly or to lie. He likewise disagreed with the view of those of his predecessors who hold that Allah could practice injustice and lie, but does not do so because he knows that they are both abominations, and that he can do without them. Between these two views he took a middle course, according to which he claimed that Allah has the power to act unjustly only to those who have no mind, but not to those who have their senses."
وأكفره أسلافه في ذَلِك واكفرهم هُوَ في خِلَافه وَمن تَدْقِيقه في ضلالته قَوْله بأنه يجوز أن يُقَال أن الله يكلم الْعباد وَلَا يجوز أن يُقَال إنه يتَكَلَّم وَسَماهُ مكلما وَلم يسمه متكلما وَزعم أن متكلما يُوهم أن الْكَلَام قَامَ بِهِ ومكلم لَا يُوهم ذَلِك كَمَا أن متحركا يقتضى قيام الْحَرَكَة بِهِ ومتكلما يقتضى قيام الْكَلَام بِهِ,"His predecessors condemned him for this, and he condemned them for differing from him. He became so abstruse in his heresy as to say that it could be said that Allah spoke to his subjects, but that it could not be said that he spoke with them. Moreover he calls Allah the addressor but not the conversor. He claimed that in using the word conversor it would mean that the word arises in him, which is not the case with the addressor. Just as the use of the word ""who sets something in motion"" implies that the motion commences in him, so does the expression ""who converses"" imply that the speaking commences with him."
فَصَحِيح عندنَا وَكَلَام الله تَعَالَى عندنَا قَائِم بِهِ واما أسلافه من الْقَدَرِيَّة فانهم يَقُولُونَ لَهُ أن اعتلالك هَذَا يُوجب عَلَيْك أن يكون الْمُتَكَلّم من بدن الإنسان لِسَانه فَحسب لأن الْكَلَام عنْدك يحل فِيهِ بل يُوجب عَلَيْك احالة اجراء اسْم الْمُتَكَلّم على شيء لأن الْكَلَام عنْدك وَعند سَائِر الْمُعْتَزلَة لَهُ حُرُوف وَلَا يَصح أن يكون حرف وَاحِد كلَاما,"We believe this to be true; the word of Allah we believe originates with him. As to his predecessors among the Kadarivah, verity they would say to him: ""This excuse of yours forces you to conclude that that part of the body of man that ‘speaks' is the tongue. This is enough because, according to you, the word dwells in the tongue. You must, indeed, accept this absurdity that applies the name of the speaker to a thing, because the word, according to you and the rest of the Mu'tazilah, is composed of letters, and it is not possible for one letter to be a word."
وَمحل كل حرف من حُرُوف الْكَلَام غير مَحل الْحَرْف الآخر فيعنى على اعتلالك أن لَا يكون الانسان متكلما وَلَا جُزْء مِنْهُ على قَود اعتلالك أن الله تَعَالَى لم يكن متكلما لأن الْكَلَام لَا يقوم بِهِ عنْدك,"The place of each letter among the letters of the word is different from the place of the rest of the letters. Your reasoning would, therefore, mean that man could not be a speaker, nor could any part of him be a speaker. And according to your assertion, ‘Allah is not the speaker because the word does not arise within him."
وَقد فخم بعض الْمُعْتَزلَة من الإسكافي  بَان زعم أن مُحَمَّد بن الْحسن رَآهُ مَاشِيا فَنزل عَن فرسه وَهَذَا كذب من قَائِله لأن  الإسكافي  لم يكن في زمَان مُحَمَّد بن الْحسن وَمَات مُحَمَّد بن الْحسن بالري في خلَافَة هرون الرشيد وَلم يدْرك الإسكافي  زمَان الرشيد وَلَو أدْرك زمَان مُحَمَّد لم يكن مُحَمَّد ينزل لمثله عَن فرسه مَعَ تكفيره إياه,"Some of the Mu'tazilah glorified al-Iskafi, by claiming that when Muhammad ibn-al-Hasan saw him walking, he dismounted from his horse. Evidently this is a lie, because al-Iskafi did not live at the time of Muhammad ibn-al- Hasan, for ibn-al-Hasan died in al-Rai during the caliphate of Harun al-Rashid, while al-Iskafi was not alive in the time of al-Rashid; and even if he had been alive in the time of Muhammad, Muhammad would not have dismounted from his horse for a man whom he considered a heretic."
وَقد روى هِشَام بن عبيد الله الرازي عَن مُحَمَّد بن الْحسن أن من صلى خلف المعتزلي يُعِيد صلَاته وروى هِشَام أيضا عَن يحيى ابْن اكثم عَن أَبى يُوسُف انه سُئِلَ عَن الْمُعْتَزلَة فَقَالَ هم الزَّنَادِقَة وَقد اشار الشافعي في كتاب الْقيَاس إلى رُجُوعه عَن قبُول شَهَادَة الْمُعْتَزلَة وَأهل الاهواء وَبِه قَالَ مَالك وفقهاء الْمَدِينَة فَكيف يَصح من ائمة الإسلام اكرام الْقَدَرِيَّة بالنزول لَهُم مَعَ قَوْلهم بتكفيرهم,"Hisham ibn-'Ubaidallah al-Razi reported as the word of Muhammad ibn-al-Hasan that whoever follows a Mu'tazilah in prayer, his prayers must be repeated. Hisham also reported of Yahya ibn-Aktham,' who had it from abu- Yusuf, that he was questioned about the Mu'tazilah and said, ""They are Zindiks."" Al-Shafi‘I has pointed out in his book Al-Kiyas his refusal to accept the testimony of the witness of the Mu'tazilah and the people led astray by their desires [Ahl al-Ahwa]. In this question Malik and the legal authorities of al-Madinah agree. If that is so, how could the Imams of Islam, who condemned the Kadariyah, honor them by dismounting for them?"
ذكر الثمامية مِنْهُم,Concerning the Thamamiyah among them.
هَؤُلَاءِ اتِّبَاع ثُمَامَة بن أشرس النميري من مواليهم وَكَانَ زعيم الْقَدَرِيَّة في زمَان الْمَأْمُون والمعتصم والواثق وَقيل انه هُوَ الذي اغوى الْمَأْمُون بَان دَعَاهُ إلى الاعتزال وَانْفَرَدَ عَن سَائِر أسلاف الْمُعْتَزلَة ببدعتين أكفرته الإمامة كلهَا فِيهَا,"These are I the followers of Thamamah ibn-Ashras al-Numairi,2one of their freedmen. He was the leader of the Kadariyah in the time of al-Mamun, al-Mu'tasim and al-Wathik. It is said that he is the one who led al-Ma’mun astray by making him a Mu‘tazilite. Two heresies distinguished him from the rest of the predecessors of the Mu'tazilah, and it was for these that the whole community condemned him."
أحداهما أنه لما شَاركهُ أصحاب المعارف في دَعوَاهُم أن المعارف ضَرُورِيَّة زعم أن من لم يضطره الله تَعَالَى إلى مَعْرفَته لم يكن مَأْمُورا بالمعرفة وَلَا مَنْهِيّا عَن الْكفْر وَكَانَ مخلوقا للسحرة والاعتبارية فَحسب كَسَائِر الْحَيَوَانَات الَّتِي لَيست بمكلفة وَزعم لأجل ذَلِك أن عوام الدهرية وَالنَّصَارَى والزنادقة يصيرون في الْآخِرَة تُرَابا,"One of these heresies was that when he shared the opinions of the ""companions of wisdom ""in their assertion that knowledge is necessary, he claimed that he whom Allah does not compel to know him (Allah), is not compelled to know, nor is he prohibited from unbelief, but is created for unpaid work and slave labor, and is therefore to be classed with animals who are not responsible. As a result of this, he claimed that the community of al-Dahriyah and the Christians, and the Zindiks, become dust in the end."
وَزعم أن الْآخِرَة انما هي دَار ثَوَاب اَوْ عِقَاب وَلَيْسَ فِيهَا لمن مَاتَ طفْلا وَلَا لمن يعرف الله تَعَالَى بِالضَّرُورَةِ طَاعَة يسْتَحقُّونَ بهَا ثَوابًا وَلَا مَعْصِيّة يسْتَحقُّونَ عَلَيْهَا عقَابا فيصيرون حِينَئِذٍ تُرَابا اذ لم يكن لَهُم حَظّ في ثَوَاب وَلَا عِقَاب,"He also claimed that the next world is only the abode of reward or punishment, so for the one who died as a child, or who knows Allah by necessity, there is no' virtue for which they deserve a reward, nor sin for which they deserve punishment. Thus they become dust, since they have no share in reward or punishment."
والبدعة الثَّانِيَة من بدع ثُمَامَة قَوْله بَان الافعال المتولدة أفعال لَا فَاعل لَهَا وَهَذِه الضَّلَالَة تجر إلى انكار صانع الْعَالم لأنه لَو صَحَّ وجود فعل بِلَا فَاعل لصَحَّ وجود كل فعل بِلَا فَاعل وَلم يكن حِينَئِذٍ من الافعال دلَالَة على فاعلها وَلَا كَانَ في حُدُوث الْعَالم دلَالَة على صانعة,"Thamamah’s second heresy is his view that generated acts are acts without an author. This error leads to the denial of the creator of the world, because if it is true that one deed can exist without a doer, it is possible for every deed to exist without a doer, and then one could not prove the existence of the doer from the deeds, nor would the creation of the world be a proof of its creator."
كَمَا لَو أجَاز إنسان وجود كِتَابَة لَا من كَاتب وَوُجُود مَنْسُوخ ومبنى لَا من بَان وناسخ وَيُقَال لَهُ إذا كَانَ كَلَام الانسان عنْدك متولدا وَلَا فَاعل لَهُ عنْدك فَلم تلوم الانسان على كذبه وعَلى كلمة الْكفْر وَهُوَ عنْدك غير فَاعل للكذب وَلَا لكلمة الْكفْر,"This would be similar to the assertion that there could be writing without a writer, or erasing without one who erases, or a building without a builder. It might be said to him: “According to you then, the word of man is a deed without a doer. Why do you then blame man for his lies and his words of unbelief, since, according to you, he is not the author of his act of lying, or his words of unbelief?”"
وَمن فضائح ثُمَامَة أيضا أنه كَانَ يَقُول في دَار الإسلام إنها دَار شرك وَكَانَ يحرم السبي لأن المسبي عِنْده مَا عصى ربه إذا لم يعرفهُ وإنما العاصي عِنْده من عرف ربه بِالضَّرُورَةِ ثمَّ جَحده اَوْ عَصَاهُ,"Among his shameful heresies Thamamah used also to say that the abode of Islam was the abode of polytheism. Moreover, he forbade captivity because the captive, according to him, could not have disobeyed his Lord, not having known him. According to him, also, rebellion is possible only for him who knows his Lord by necessity and then denies him, or rebels against him."
وفى هَذَا إقرار مِنْهُ على نَفسه بانه ولد زنى لأنه كَانَ من الموالي وَكَانَت امهِ مسبية وَوَطْء من لَا يجوز سبيهَا على حكم السبي الْحَرَام زنى والمولود مِنْهُ ولد زنى فبدعة ثُمَامَة على هَذَا التَّقْدِير لَائِق بنسبه,"From this assertion, it follows that he confesses himself a son of adultery because he belonged to the freedmen, while his mother was a captive, and to enter in to one who could not be a captive, according to the law governing capture, is adultery. His children are therefore children of adultery. Thamamah’s heresy about this matter suited his pedigree."
وَقد حكى أَصْحَاب التواريخ عَن سخافة ثُمَامَة ومجونه أمورا عَجِيبَة مِنْهَا مَا ذكره عبد الله بن مُسلم عَن قُتَيْبَة في كتاب مُخْتَلف الحَدِيث ذكر فِيهِ أن ثُمَامَة بن اشرس رأى النَّاس يَوْم جُمُعَة يتعادون إلى الْمَسْجِد الْجَامِع لخوفهم فَوت الصَّلَاة فَقَالَ لرفيق لَهُ انْظُر إلى هَؤُلَاءِ الْحمير وَالْبَقر ثمَّ قَالَ مَاذا صنع ذَاك العربي بِالنَّاسِ يعْنى رَسُول الله صلى الله عليه وسلم,"The historians report wonderful things regarding the imbecility of Thamamah and his shamelessness. Among these is what ‘Abdallah ibn-Muslim ibn-Kutaibah said in his book Mukhtalaf al-Hadith. He said in this that Thamamah ibn-Ashras saw men on a Friday hastening to the mosque for fear the hour of prayer would pass. Whereupon he said to a companion of his, ""Look at these donkeys and cows.""Then he said, ""What has that Arab made out of men?”, meaning the Prophet of Allah."
وَحكى الجاحظ في كتاب المضاحك أن الْمَأْمُون ركب يَوْمًا فَرَأى ثُمَامَة سَكرَان قد وَقع في الطين فَقَالَ لَهُ ثُمَامَة قَالَ أي وَالله قَالَ أَلا تستحى قَالَ لَا وَالله قَالَ عَلَيْك لعنة الله قَالَ تترى ثمَّ تترى وَذكر الجاحظ أيضا أن غُلَام ثُمَامَة قَالَ يَوْمًا لثمامة قُم صل فتغافل فَقَالَ لَهُ قد ضَاقَ الْوَقْت فَقُمْ وصل واسترح فَقَالَ انا مستريح أن تركتني,"Al-Jahiz said in his book of jests that al-Ma’mun was riding one day when he saw Thamamah drunk, and rolling in the mud, and he said, “Thamamah?"" Thamamah replied, ""Yes, by Allah."" “Aren’t you ashamed?"" ""No, by Allah."" ""Upon thee be the curse of Allah."" ""Let it come."" Al-Jahiz also said that a servant of Thamamah said to him one day, “Arise and pray,"" but he paid no attention. And the servant said to him, ""The time is short, arise and pray and rest,"" and Thamamah replied, k‘ I will rest if you will leave me.”"
وَذكر صَاحب تَارِيخ المراوزة أن ثُمَامَة بن أَشْرَس سعى إلى الواثق بأحمد بن نصر المروزي وَذكر لَهُ أن يكفر من يُنكر رُؤْيَة الله تَعَالَى وَمن يَقُول يخلق الْقُرْآن فاعتصم من بِدعَة الْقَدَرِيَّة فَقتله ثمَّ نَدم على قَتله وعاتب ثُمَامَة وَابْن دَاوُود وَابْن الزيات في ذَلِك وَكَانُوا قد أشاروا عَلَيْهِ بقتْله فَقَالَ لَهُ ابْن الزيات وان لم يكن قَتله صَوَابا فقتلني الله تَعَالَى بَين المَاء وَالنَّار,"The author of Ta'rlkh al-Mardwizali says that Thamamah ibn-Ashras accused Ahmad ibn-Nasr al-Marwazi to al- Wathik, saying that the former condemned everyone who denies that Allah can be seen, and everyone who claims that the Koran was created, and is free from the heresy of al-Kadarlyah. Wathik thereupon put him to death, but promptly repented of his death, and blamed Thamamah, ibn-abi-Da’ud 2 and ibn-al-Zaiyat who advised his death. Ibn-al-Zaiyat said to him: “If his death does not have good results, may Allah slay me between fire and water."""
وَقَالَ ابْن أَبى دَاوُد حبسني الله تَعَالَى فِي جلدي أن لم يكن قَتله صَوَابا وَقَالَ ثُمَامَة سلط الله تَعَالَى على السيوف أن لم تكن أَنْت مصيبا في قَتله فَاسْتَجَاب الله تَعَالَى دُعَاء كل وَاحِد مِنْهُم في نَفسه أما ابْن الزيات فانه قتل في الْحمام وَسقط في اثوابه فَمَاتَ بَين لماء وَالنَّار وَأما ابْن أَبى دَاوُد فان المتَوَكل رَحْمَة الله حَبسه فأصابه في حَبسه الفالج فبقى في جلده مَحْبُوسًا بالفالج إلى أن مَاتَ,"Ibn-abi-Da’ud said: ""May Allah imprison me in my skin if his death was not the right thing. ""Thamamah said: “May Allah cause swords to rule over me, if you were not right in killing him."" Allah answered the prayers of each one in his own way. As to ibn-al-Zaiyat, verily he was killed in the hath, and fell into the fire with his clothes on, and thus died between fire and water. As to ibn-abi-Da’ud, al- Mutawakkil imprisoned him, and he had a stroke of paralysis while in prison, thus remaining imprisoned in his skin by paralysis until he died."
وَأما ثُمَامَة فانه خرج إلى مَكَّة فَرَآهُ الخزاعيون بَين الصَّفَا والمروة فَنَادَى رجل مِنْهُم فَقَالَ يَا آل خُزَاعَة هَذَا الذي سعى بصاحبكم احْمَد بن فهر وسعى في دَمه فَاجْتمع عَلَيْهِ بَنو خُزَاعَة بسيوفهم حَتَّى قَتَلُوهُ ثمَّ أخْرُجُوا جيفتة من الْحرم فأكلته السبَاع خَارِجا من الْحرم فَكَانَ كَمَا قَالَ الله تَعَالَى {فذاقت وبال أمرهَا وَكَانَ عَاقِبَة أمرهَا خسرا},"And as for Thamamah, he went to Mecca where the Khuza'ah saw him between al-Safa and al-Marwah, and one of the men called out and said: ""O ye men of Khuza‘ah, this is the man who conspired against your master, Ahmad ibn-Fihr, and it was he who caused his death."" Whereupon the banu-Khuza‘ah gathered against him with their swords and killed him. Then they brought his body out from the sacred enclosure, and the wild animals outside devoured it. Thus Allah's words 160 were fulfilled: “And they tasted the harmfulness of their own conduct: and the end of their conduct was ruin"" (Surah 65, v. 9)."
ذكر الجاحظية مِنْهُم,Concerning the Jahisiyah among them.
هَؤُلَاءِ اتِّبَاع عَمْرو بن يحيى الجاحظ وهم الَّذين اغتروا بِحسن بذله هَكَذَا الجاحظ في كتبه الَّتِي لَهَا تَرْجَمَة تروق بِلَا معنى وَاسم يهول وَلَو عرفُوا جهالاته في ضلالاته لاستغفروا لله تَعَالَى من تسميتهم اياه انسانا فضلا عَن أن ينسبوا اليه احسانا فَمن ضلالاته المنسوبة اليه مَا حَكَاهُ الكعبي عَنهُ في مقالاته مَعَ افتخاره بِهِ من قَوْله أن المعارف كلهَا طباع وهى مَعَ ذَلِك فعل للعباد وَلَيْسَت بِاخْتِيَار لَهُم,"These are the followers of ‘Amr ibn-Bahr al-Jahiz.1 They are the people who were led away by the beauty of the language used by al-Jahiz in his books, about which we might say: “They are compositions which are clear, though they have no meaning, and contain words which terrify, though they have no substance."" Had they known the ignorance shown in his heresies, far from ascribing beauties to him, they would have begged Allah's pardon for calling him a man. Among the errors ascribed to him, which al-Ka‘bi, in spite of his pride in him, relates about him in his treatises, are the words: ""All knowledge comes by nature, nevertheless it is an activity of man in which he has no choice."
قَالُوا وَوَافَقَ ثُمَامَة في أن لَا فعل للعباد الا الارادة وان سَائِر الافعال تنْسب إلى الْعباد على معنى انها وَقعت مِنْهُم طباعا وانها وَجَبت بإرادتهم قَالَ وَزعم أيضا انه لَا يجوز أن يبلغ اُحْدُ فَلَا يعرف الله تَعَالَى وَالْكفَّار عِنْده من معاند وَمن عَارِف قد استغرقه حبه لمذهبه فَهُوَ لَا يشْكر بِمَا عِنْده من الْمعرفَة بخالقه وبصدق رسله,"They add that al-Jahiz agreed with Thamamah that man has no other activity except the will, and that the rest of his acts are ascribed to man only in the sense that they occur by nature, and naturally arise from his will. He says that he also claimed that it is not possible to become an adult without knowing Allah. According to him, infidels are stubborn, though knowing, taken up with a love for their particular school, thankless for the knowledge he (Muhammad) has of his creator, and the truth preached by his messengers."
فإن صدق الكعبي على الجاحظ في أن لَا فعل للإنسان إلا الإرادة لزمَه أن لَا يكون الإنسان مُصَليا وَلَا صَائِما وَلَا حَاجا وَلَا زَانيا وَلَا سَارِقا وَلَا قَاذِفا وَلَا قَاتلا لأنه لم يفعل عِنْده صَلَاة وَلَا صوما وَلَا حجا وَلَا زنى وَلَا سَرقَة وَلَا قتلا وَلَا قذفا لأن هَذِه الأفعال عِنْده غير الإرادة,"If al-Jahiz agrees with al-Ka‘bi that man does nothing without free-will, he is then obliged to maintain that man does not pray, nor fast, nor go on a pilgrimage, nor commit adultery, nor steal, nor calumniate, nor kill. Because, according to him, it is not he that performs prayer, nor fasts, nor makes a pilgrimage, nor commits adultery, nor steals, nor kills, nor calumniates. For these acts, according to him, are not done with his will."
وإذا كَانَت هَذِه الافعال الَّتِي ذَكرنَاهَا عِنْده طباعا لَا كسبا لزمَه ان لَا يكون للإنسان عَلَيْهَا ثَوَاب وَلَا عِقَاب لأن الإنسان لَا يُثَاب وَلَا يُعَاقب على مَا لَا يكون كسبا لَهُ كَمَا لَا يُثَاب وَلَا يُعَاقب على لَونه وتركيب بدنه إذا لم يكن ذَلِك من كَسبه,"And if these acts which we have mentioned are, according to him, natural and not acquired, it must necessarily follow that man should in no sense have reward or punishment for them, because man 161 cannot be rewarded or punished for what he has not acquired himself; just as he is not rewarded or punished for his color, or the mechanism of his members, since these are not of his own attaining."
وَمن فضائح الجاحظ أيضا قَوْله باستحالة عدم الأجسام بعد حدوثها وَهَذَا يُوجب القَوْل بَأن الله سبحانه وتعالى يقدر على خلق شيء وَلَا يقدر على إفنائه وأنه لَا يَصح بَقَاؤُهُ بعد أن خلق الْخلق مُنْفَردا كَمَا كَانَ مُنْفَردا قبل أن خلق الْخلق وَنحن وإن قُلْنَا أن الله لَا يفني الْجنَّة وَنَعِيمهَا وَالنَّار وعذابها ولسنا نجْعَل ذَلِك بَان الله عز وجل قَادر على إفناء ذَلِك كُله وإنما نقُول بدوام الْجنَّة وَالنَّار بطرِيق الْخَبَر,"Among the heresies of al-Jahiz is also his view of the impossibility of the annihilation of the bodies after their creation. This results in the view that Allah is able to create a thing, but is unable to annihilate it; and that he cannot remain alone after he has created a creation, in the same way that he was alone before he created it. But we, even if we say that Allah does not annihilate paradise and its pleasures, and hell and its torments, do not mean it in the sense that Allah has not the power to annihilate all this. We mean only that paradise and hell are everlasting in a general way."
وَمن فضائح الجاحظ أيضا قَوْله بَأن الله لَا يدْخل النَّار أحدا وانما النَّار تجذب أهلها إلى نَفسهَا بطبعها ثمَّ تمسكهم في نَفسهَا على الخلود وَيلْزمهُ على هَذَا القَوْل أن يَقُول في الْجنَّة انها تجذب أهلها إلى نَفسهَا بطبعها وان الله لَا يدْخل احدا الْجنَّة فان قَالَ بذلك قطع الرَّغْبَة إلى الله في الثَّوَاب وابطل فَائِدَة الدُّعَاء وان قَالَ أن الله تَعَالَى هُوَ يدْخل أهل الْجنَّة الْجنَّة لزمَه القَوْل بَان يدْخل النَّار أهلها,"Among the heresies of al-Jahiz there is also his view that Allah does not cause anyone to enter hell, but that hell attracts its people of itself by its very nature, and then holds on to them of itself forever. This would also compel the view that paradise attracts people to itself by its nature, and that Allah does not cause anyone to enter paradise. If one were to hold this view, the desire for Allah’s rewards would cease, and the use of prayer would be gone. On the other hand, if he said that Allah caused those who should go to paradise to enter paradise, he would also have to say that he caused the people of hell to enter hell."
وَقد افتخر الكعبي بالجاحظ وَزعم أنه من شُيُوخ الْمُعْتَزلَة وافتخر بتصانيفه الْكَثِيرَة وَزعم انه كناني من بنى كنَانَة بن خُزَيْمَة بن مدركة بن الياس بن مُضر فَيُقَال لَهُ أن كَانَ كنانيا كَمَا زعمت فَلم صنفت كتاب مفاخر القحطانية على الكنانية وَسَائِر العدنانية وان كَانَ عَرَبيا فَلم صنف كتاب فضل الموالي على الْعَرَب,"Al-Ka‘bi boasts about al-Jahiz, claiming that he was one of the sheikhs of the Mu‘tazilah. He also boasts of his many literary works, and claims that he was a Kinani of the banu-Kinanah, ibn-Khuzaimah ibn-Mudrakah ibn-Ilyas ibn-Mudhar. It might be said to al-Ka‘bi: ""If he [al-Jahiz] was a Kinanl as you claim, why did he write the book, The boasting of the Kahtaniyah over the Kinaniyah and the rest of the ‘'Adnaniyah?"
وَقد ذكر في كِتَابه المسى بمفاخر قحطان على عدنان أشعارا كَثِيرَة من هجاء القحطانية للعدنانية وَمن رضى بهجو آبَائِهِ كمن هجا أَبَاهُ وَقد أحسن جحظة فِي هجاء ابْن بسام الذي هجا أباه فَقَالَ من كَانَ يهجو أَبَاهُ فهجوه قد كَفاهُ لَو أنه من أَبِيه مَا كَانَ يهجو أباه,"Moreover, if he was an Arab, then why did he write the book, The Superiority of the Freedmen over the Arabs. Moreover, he mentioned in his book called, Concerning the Boasting of Kahtan over ‘Adnan, a number of poems in which Kahtan satirizes ‘Adnan. And in truth the man who delights in the satires against his fathers is like the man who himself satirizes his father. In satirizing ibn-Bassam 1 who satirized his own father, Jahzah has rightly said: ""Whoever satirizes his father—the mere fact of his satirizing is sufficient (to show that he is not his son), for had he been his son he would not have satirized his father."""
وأما كتبه المزخرفة فأصناف مِنْهَا كِتَابَة في حيل اللُّصُوص وَقد علم بهَا الفسقة وُجُوه السّرقَة وَمِنْهَا كِتَابه في عشر الصناعات وَقد أفسد بِهِ على التُّجَّار سلعهم وَمِنْهَا كِتَابه في النواميس وَهُوَ ذَرِيعَة للمحتالين يجتلبون بهَا ودائع النَّاس واموالهم وَمِنْهَا كِتَابه في الْفتيا وَهُوَ مشحون بطعن أستاذه النظام على أعلام الصَّحَابَة وَمِنْهَا كتبه في القحاب وَالْكلاب واللاطة وفى حيل المكدين ومعانى هَذِه الْكتب لائقة بِهِ وبصفته وأسرته,"He composed many fantastic books. One of them tells of the tricks of robbers; in this manner he taught evil people the methods of stealing. And among his books are those on the tithes of industry in which he depreciated the commodities of merchants. Among them also in his book on laws, which shows how dishonest men get hold of the treasures and money of the people. There is also his book about the Fatwa (religious decision), which is full of attacks by his preceptor, al-Nazzam, on the teachings of the Companions; also his books about prostitutes and rabies, and sodomy, and about the tricks of the avaricious. The contents of these books suit him, his trade and his family."
وَمِنْهَا كتاب طبائع الْحَيَوَان وَقد سلخ فِيهِ معانى كتاب الْحَيَوَان لارسطاطاليس وَضم اليه مَا ذكره المدائني من حكم الْعَرَب وَأَشْعَارهَا في مَنَافِع الْحَيَوَان ثمَّ انه شحن الْكتاب بمناظرة بَين الْكَلْب والديك والاشتغال بِمثل هَذِه المناظرة يضيع الْوَقْت بالغث,"He also has a book about the habits of animals, the contents of which he drew from Aristotle’s book on animals, and to it he added what is mentioned by al- Mada’ini regarding the knowledge of the Arabs, and their poems about the uses to which animals could be put. He filled the book with dialogues between dogs and roosters. To be engaged in such dialogues wastes time on that which is loathsome."
وَمن افتخر بالجاحظ سلمناه اليه قَول أهل السّنة في الجاحظ,"And to whomever boasts about al-Jahiz, we commend the saying of the orthodox about him in the words of the poet concerning him:"
كَقَوْل الشَّاعِر فِيهِ … لَو يمسخ الْخِنْزِير مسخا ثَانِيًا,"‘ If the ugliness of the swine is doubled His ugliness would still be inferior to that of al-Jahiz,"
مَا كَانَ الا دون قبح الجاحظ … رجل يَتُوب عَن الْجَحِيم بِنَفسِهِ,"A man who is himself a substitute for hell,"
وَهُوَ القذى في كل طرف لاحظ …,And a mote in the eye of everyone who looks at him.”
ذكر الشحامية مِنْهُم هَؤُلَاءِ اتِّبَاع أَبى يَعْقُوب الشحام وَكَانَ استاذ الجبائي وضلالاته كضلالات الجبائي غير انه أجَاز كَون مَقْدُور وَاحِد لقادرين وَامْتنع الجبائي وَابْنه من ذَلِك وَقد ظن بعض أن الاغبياء قَول الشحام كَقَوْل الصفاتية في مَقْدُور لقادرين وَبَين الْقَوْلَيْنِ فرق وَاضح وَذَلِكَ أن الشحام اجاز كَون مَقْدُور وَاحِد لقادرين يَصح أن يحدثه كل وَاحِد مِنْهُمَا على الْبَدَل,"Concerning the Shahhamiyah among them. These are the followers of abu-Ya'kub al-Shahham, who was the preceptor of al-Jubba’i. His heresies resemble the heresies of al-Jubba’i, except that he considers it possible that there is one thing determined by two determiners. Al-Jubba'i and his son denied this. Some of the weak-minded imagined that the teaching of al-Shahham was similar to that of the Sifatiyah on this point. But there is a wide difference between the two views. Al-Shahham allowed the possibility of there being one thing determined by two determiners— each one of which two could produce the thing determined interchangeably."
وَكَذَلِكَ حَكَاهُ الكعبي في كتاب عُيُون الْمسَائِل على أَبى الْهُذيْل والصفاتية لَا يثبتون خالقين وانما يجيزون كَون مَقْدُور وَاحِد لقادرين أَحدهمَا خالقه وَالْآخر مكتسب لَهُ وَلَيْسَ الْخَالِق مكتسبا وَلَا المكتسب خَالِقًا وفى هَذَا بَيَان الْفرق بَين الفرقين على اخْتِلَاف الطَّرِيقَيْنِ,"Al-Ka‘bi reports this in his book entitled Uyun al-Masa’il ala abi-al-Hudhail. But the Sifatiyah do not grant the possibility of two creators. When they do grant that there are two determiners for one thing determined, they do so in the sense that one of the two is its creator and the other the acquirer, and the creator is not the acquirer, nor the acquirer the creator. This gives the explanation of the difference between the two parties in the difference of their two methods of exposition."
ذكر الخياطية مِنْهُم,Concerning the Khaiyatiyah among them.
هَؤُلَاءِ اتِّبَاع ابى الْحُسَيْن الْخياط الذي كَانَ استاذ الكعبى فِي ضلالته وشارك الْخياط سَائِر الْقَدَرِيَّة في اكثر ضلالاتها وَانْفَرَدَ عَنْهُم بقول من لم يسْبق اليه في الْمَعْدُوم وَذَلِكَ أن الْمُعْتَزلَة اخْتلفُوا في تَسْمِيَة الْمَعْدُوم شَيْئا مِنْهُم من قَالَ لَا يَصح أن يكون الْمَعْدُوم مَعْلُوما ومذكورا وَلَا يَصح كَونه شَيْئا وَلَا ذاتا وَلَا جوهرا وَلَا عرضا وَهَذَا اخْتِيَار الصالحي مِنْهُم,"These are the followers of abu-al-Husain al-Khaiyat, who was the preceptor of al-Ka‘bi in his heresy. Al-Khaiyat agreed with the rest of the Kadariyah in most of their heresies, except that he differed from them in saying on the non-existent what none had said before. For the Mu'tazilah disagreed about calling the non-existent an object. Some of them say it is not true that the non-existent can be known, or described, nor that it is an object, nor a substance, nor an essence, nor a phenomenon. This was the opinion of al-Salihi among them."
وَهُوَ مُوَافق لأهل السّنة في الْمَنْع في تَسْمِيَة الْمَعْدُوم شَيْئا وَزعم آخَرُونَ من الْمُعْتَزلَة أن الْمَعْدُوم شيء وَمَعْلُوم ومذكور وَلَيْسَ بجوهر وَلَا عرض وَهَذَا اخْتِيَار الكعبي مِنْهُم وَزعم الجبائي ابْنه ابو هَاشم أن كل وصف يسْتَحقّهُ الْحَادِث لنَفسِهِ اَوْ لجنسه فان الْوَصْف ثَابت لَهُ في حَال عَدمه,"He agreed with the orthodox in not calling the non-existent an object. But others of the Muffazilah claimed that the non-existent is an object which can be known and described, but is not essence or phenomenon. This was al-Ka‘bi's opinion. Al-Jubba/i and his son abu-Hashim claimed that every attribute was rendered real, either for itself or for its genus, by the one that originated it, and that such attribute remained, existing even when (the object) is non-existent."
وَزعم أن الْجَوْهَر كَانَ في حَال عَدمه جوهرا وَكَانَ الْعرض في حَال عَدمه عرضا وَكَانَ السوَاد سوادا وَالْبَيَاض بَيَاضًا في حَال عدمهما وَامْتنع هَؤُلَاءِ كلهم عَن تَسْمِيَة الْمَعْدُوم جسما من قبل أن الْجِسْم عِنْدهم مركب وَفِيه تأليف وَطول وَعرض وعمق وَلَا يجوز وصف مَعْدُوم بِمَا يُوجب قيام معنى بِهِ وَفَارق الْخياط في هَذَا الْبَاب جَمِيع الْمُعْتَزلَة وَسَائِر فرق الإمامة,"He claimed further that an essence was an essence even when in a state of non-existence, that a phenomenon was a phenomenon even when in a state of non-existence, and that black was black, and white was white even when non-existent. All of these men, however, forbade calling the non-existent a body; the body, according* to them, has become complex, and comes to be an agglomerate, having length and breadth and depth; it is impossible to describe something non-existent by something to which a bodily reality is attributed. From all the Mu‘ta-zilah, as well as from the rest of the sects of the faithful, al-Khaiyat differs on this subject."
فَزعم أن الْجِسْم في حَال عَدمه يكون جسما لأنه يجوز أن يكون في حَال حُدُوثه جسما وَلم يجز أن يكون الْمَعْدُوم متحركا لأن الْجِسْم في حَال حُدُوثه لَا يَصح أن يكون متحركا عِنْده فَقَالَ كل وصف يجوز ثُبُوته في حَال الْحُدُوث فَهُوَ ثَابت لَهُ في حَال عَدمه وَيلْزمهُ على هَذَا الاعتلال أن يكون الانسان قبل حُدُوثه إنسانا لأن الله تَعَالَى لَو احدثه على صُورَة الأنسان بكمالها من غير نقل لَهُ في الأصلاب والارحام وَمن غير تَغْيِير لَهُ من صُورَة إلى صُورَة أخرى يَصح ذَلِك,"He claims that the body when non-existent is a body because it must be a body when it appears, but that it is not necessary for the non-existent to be in motion, because, according to him, a body when it appears is not necessarily in motion. He said: ""Every attribute [or qualification] may become existent when [the thing described] makes its appearance""; therefore he holds it to be existent even in its state of non-existence. Such reasoning demands that man be man before he appears as such. This were possible if Allah could have brought him into existence in the form of man in all his completeness without having formed him in the loins and in the womb, and without at all changing him from one form to another."
وَحسان هَؤُلَاءِ الخياطية يُقَال لَهُم لمعدومية لإفراطهم بوصفهم الْمَعْدُوم بأكثر اوصاف الموجودات وَهَذَا اللقب لَائِق بهم وَقد نقض الجبائي على الْخياط قَوْله بَان الْجِسْم جسم قبل حُدُوثه في كتاب مُفْرد وَذكر أن قَوْله بذلك يُؤَدِّيه إلى القَوْل بقدم الأجسام وَهَذَا الالزام مُتَوَجّه على الْخياط وَيتَوَجَّهُ مثله على الجبائي وَابْنه في قَوْلهمَا بَأن الْجَوَاهِر والأعراض كَانَت في حَال الْعَدَم أعراضا وجواهر,"The most advanced of these Khaiyatiyah are called al- Ma'dumiyah because of their extreme views on ascribing to the non-existent most of the attributes of all existing things. This appellation stuck to them. In a separate book, al-Jubba'i broke with al-Khaiyat over his view that the body was a body before its appearance. He makes the point that this view leads to the view of the pre-existence of bodies (as opposed to their being created). But the following conclusion is necessary on the part of al-Khaiyat, al-Jubba’i and his son—namely, that essences and phenomena are essences and phenomena even in a state of non-existence."
فإذا قَالُوا لم تزل أعيانا وجواهر واعراضا وَلم يكن حدوثها لِمَعْنى سوى أعيانها فقد لَزِمَهُم القَوْل بوجودها في الأزل وصاروا في تَحْقِيق معنى قَول الَّذين قَالُوا بقدم الْجَوَاهِر والأعراض وَكَانَ الخياطي مَعَ ضلالته في الْقدر وفى المعدومات مُنكر الْحجَّة في أخبار الْآحَاد وَمَا أراد بإنكاره إلا إنكار أكثر أحكام الشَّرِيعَة فإن أكثر فروض الْفِقْه مَبْنِيَّة على أخبار من أخبار الْآحَاد,"If they now say that they are still objects, essences, and phenomena, whose appearance is dependent upon their being objects, they are still forced to regard them as eternal, and in reality hold the same view as do those who believe that essences and phenomena are pre-existent. Besides his heresy about Kadar and non-existence, al-Khaiyat denied the value of traditions coming from a single authority. In doing this he practically denied most of the Shariah laws, because most of the legal ordinances are based upon traditions going back to a single authority."
وللكعبي عَلَيْهِ كتاب في حجَّة اخبار الاحاد وَقد ضلل فِيهِ من أنكر الْحجَّة فِيهَا وَقُلْنَا للكعبي يَكْفِيك من الخزي والعار انتسابك إلى أستاذ تقر بضلالته,"Al-Ka‘bi wrote a book against him on the evidence coming from tradition going back to a single person. In this book he condemns (?) 1 those who deny such evidence. We say to al- Ka‘bi: ""It is enough shame and disgrace for you to have been connected with a preceptor whose heresy you acknowledge.”"
ذكر الْكَعْبِيَّة مِنْهُم,Concerning the Ka‘biyah among them.
هَؤُلَاءِ اتِّبَاع ابى الْقَاسِم عبد الله بن أحْمَد ابْن مَحْمُود البنحي الْمَعْرُوف بالكعبي وَكَانَ حَاطِب قبل يدعى في انواع الْعُلُوم على الْخُصُوص والعموم وَلم يحظ في شيء مِنْهَا بأسراره وَلم يحط بِظَاهِرِهِ فضلا عَن بَاطِنه وَخَالف الْبَصرِيين من الْمُعْتَزلَة في احوال كَثِيرَة مِنْهَا أن الْبَصرِيين مِنْهُم أقروا بَأن الله تَعَالَى يرى خلقه من الأجسام والألوان وأنكروا أن يرى نَفسه كَمَا أنكروا أن يرَاهُ غَيره,"These are the followers of abu-Kasim ‘Abdallah ibn-Ahmad ibn-Mahmud al-Banahi, known as al-Ka‘bi. . . . (The text of the following sentence is not clear.) He was a gatherer of wood before he was introduced to various studies, both special and general, and he did not acquire a deep knowledge of their secrets in any one department. In fact, he failed to grasp the superficial,—how much more, then, the kernel. He differed from the Basriyun among the Mu‘tazilah over many points, for the Basriyun held that Allah sees his people in the body, and with colors; but they denied that he sees himself, just as they deny that others see him."
وَزعم الكعبي أن الله تَعَالَى لَا يرى نَفسه وَلَا غَيره الا على معنى علمه بِنَفسِهِ وَبِغَيْرِهِ وَتبع النظام في قَوْله أن الله تَعَالَى لَا يرى شَيْئا في الْحَقِيقَة وَمِنْهَا أن الْبَصرِيين مِنْهُم مَعَ اصحابنا في أن الله عز وجل سامع للْكَلَام والأصوات على الْحَقِيقَة لَا على معنى انه عَالم بهما وَزعم الكعبي والبغداديون من الْمُعْتَزلَة أن الله تَعَالَى لَا يسمع شَيْئا على معنى الادراك الْمُسَمّى بِالسَّمْعِ,"Al-Ka‘bi, on the other hand, claimed that Allah does not see himself, nor anyone else, except in the sense that he knows himself and others. He followed al-Nazzam in his view that Allah does not literally see anything. Another thing over which he differed from the Basriyun and our followers is that they held that Allah literally hears word and sound, and not simply in the sense that he knows them. Al-Ka‘bi and the Baghdadiyun among the Mu'tazilah claimed that Allah hears nothing in the sense of perception known as sound."
وتأولوا وَصفه بالسميع الْبَصِير على معنى انه عليم بالمسموعات الَّتِي يسْمعهَا غَيره والمرئيات الَّتِي يَرَاهَا غَيره وَمِنْهَا أن الْبَصرِيين مِنْهُم مَعَ اصحابنا في أن الله عز وجل مُرِيد على الْحَقِيقَة غير أن اصحابنا قَالُوا انه لم يزل مرِيدا بإرادة ازلية وَزعم البصريون من الْمُعْتَزلَة انه يُرِيد بإرادة حَادِثَة لَا في مَحل,"Moreover, they de-fined Allah’s attribute as the hearer and the seer, in the sense that he had knowledge of the hearable which others heard and the seeable which others saw. Furthermore, some of them claim that the Basriyun among them, together with our followers, hold that Allah exercises will in the true sense of the word. But our followers say that he does not cease willing through an eternal will, while the Basriyun, among the Mu'tazilah, claim that he wills through his temporal will, unlimited by space."
وَخرج الكعبي والنظام واتباعهما عَن هذَيْن الْقَوْلَيْنِ وَزَعَمُوا أنه لَيست لله تَعَالَى إرادة على الْحَقِيقَة وَزَعَمُوا أنه إذا قيل أن الله عز وجل أراد شَيْئا من فعله فَمَعْنَاه انه فعله وإذا قيل انه اراد من عِنْده فعلا فَمَعْنَاه أنه أمْرَهْ بِهِ وَقَالُوا أن وَصفه بالإرادة في الْوَجْهَيْنِ جَمِيعًا مجَاز كَمَا أن وصف الْجِدَار بالإرادة قَول الله تَعَالَى {جدارا يُرِيد أن ينْقض} مجَاز,"Al-Ka‘bi and al-Nazzam, however, and their followers do not agree with these two views, for they claim that Allah has no actual will, and that when one says that Allah wills a thing which he performs, one means that he did this thing, and when one says that he of himself willed a deed, one means that he commanded it. According to both of these explanations, ascribing will to him is merely figurative, just as in the words of Allah: ""The wall wills to fall"" (Surah 18, v. 76), the ascribing of will to a wall is merely figurative."
وَقد اكفرهم البصريون مَعَ اصحابنا في نفيهم ارادة الله عز وجل وَمِنْهَا أن الكعبي زعم أن الْمَقْتُول لَيْسَ بميت وعاند قَول الله تَعَالَى {كل نفس ذائقة الْمَوْت} وَسَائِر الإمامة مجمعون على أن كل مقتول ميت وان صَحَّ ميت غير مقتول وَمِنْهَا أن الكعبي على قَول من أوجب على الله تَعَالَى فعل الأصلح في بَاب التَّكْلِيف,"For this denial of the will of Allah they together with our followers were condemned as heretics by the Basriyun. Another thing over which they disagreed was that al-Ka‘bi claimed that he who is killed is not dead. But this does not agree with the word of Allah: ""Every spirit must taste of death"" (Surah 3, v. 186). The rest of the people agreed that all killed are dead, although they admit that a dead person is not necessarily killed. Another point of disagreement is that al-Ka‘bi held the same views as those who make it compulsory on Allah to do the best thing, as a matter of necessity."
وَمِنْهَا أن الْبَصرِيين مَعَ أصحابنا في أن الِاسْتِطَاعَة معنى غير صِحَة الْبدن والسلامة من الآفات وَزعم الكعبي انها لَيست غير الصِّحَّة والسلامة والبصريون من الْمُعْتَزلَة يكفرون البغداديين مِنْهُم والبغداديون يكفرون الْبَصرِيين وكلا الْفَرِيقَيْنِ صَادِق في تَكْفِير الْفَرِيق الاخر كَمَا بَيناهُ في كتاب فضائح الْقَدَرِيَّة,"Still other points of disagreement were that both the Basriyun and our followers held that ability does not necessarily mean soundness of body and safety from disease. Al-Ka‘bi claims that it does. As for the Basriyun among the Mu‘tazilah, they condemn the Baghdadiyun among them, while the latter in their turn condemn the former. As a matter of fact, each party is justified in condemning the other, as we explained in the book entitled, Heresies of the Kadariyah."
ذكر الجبائية مِنْهُم,Concerning the Jubbaiyah among them.
هَؤُلَاءِ أَتبَاع أَبى على الجبائي الذي أَهْوى أهل خوزستان وَكَانَت الْمُعْتَزلَة البصرية في زَمَانه على مذْهبه ثمَّ انتقلوا بعده إلى مَذْهَب ابْنه أَبى هَاشم فَمن ضلالات الجبائي انه سمى الله عز وجل مُطيعًا لعَبْدِهِ إذا فعل مرَادا لعبد وَكَانَ سَبَب ذَلِك انه قَالَ يَوْمًا لشَيْخِنَا أَبى الْحسن الأشعري رحمه الله مَا معنى الطَّاعَة عنْدك فَقَالَ مُوَافقَة الامر وَسَأَلَهُ عَن قَوْله فِيهَا,"These are the followers of abu-‘Ali al-Jubba’i1 who led astray the people of Khuzistan. The Mu‘tazilah of Basrah at that time belonged to his school, but afterwards joined the school of his son abu-Hashim. Among the heresies of al-Jubba’i was the one in which he said that Allah is obedient to his servant if he does what his servant wills. The reason for this was that one day he said to our sheikh abu-l-Hasan al- Ash'ari, “According to you, what does obedience mean?"" The sheikh answered, “Agreement to a command,"" and then asked for his opinion in this matter."
فَقَالَ الجبائي حَقِيقَة الطَّاعَة عندي مُوَافقَة الارادة وكل من فعل مُرَاد غَيره فقد اطاعه فَقَالَ شَيخنَا ابو الْحسن رحمه الله يلزمك على هَذَا الأصل أن يكون الله تَعَالَى مُطيعًا لعَبْدِهِ إذا فعل مُرَاده فَالْزَمْ ذَلِك فَقَالَ لَهُ شَيخنَا رحمه الله خَالَفت إِجْمَاع الْمُسلمين وكفرت بِرَبّ الْعَالمين وَلَو جَازَ أن يكون الله تَعَالَى مُطيعًا لعَبْدِهِ لجَاز أن يكون خاضعا لَهُ تَعَالَى الله عَن ذَلِك علوا كَبِيرا,"Al-Jubba’i said: “The essence of obedience, according to me, is agreement to the will. And whoever fulfils the will of another obeys him"" [i. e. the other]. Our sheikh abu-l-Hasan answered: “According to this, one must conclude that .Allah is obedient to his servant if he [Allah] fulfils his will"" [i.e. the servant’s will]. He granted this. Then our sheikh said: “You differ from the community of Moslems and you blaspheme the Lord of the Worlds. For if Allah is obedient to his servant, then he must be subject to him. Allah is far and away above being this."
ثمَّ أن الجبائي زعم أن اسماء الله تَعَالَى جَارِيَة على الْقيَاس وَأَجَازَ إشتقاق اسْم لَهُ من كل فعل فعله والزمه شَيخنَا ابو الْحسن رحمه الله أن يُسَمِّيه بمحبل النِّسَاء لأنه خَالق الْحَبل فِيهِنَّ فالتزم ذَلِك فَقَالَ لَهُ بدعتك هَذِه أشنع من ضَلَالَة النَّصَارَى في تَسْمِيَة الله أَبَا لعيسى مَعَ امتناعهم من القَوْل بِأَنَّهُ محبل مَرْيَم,"Al-Jubba’i furthermore claimed that the names of Allah are subject to the regular rules of grammar: he therefore considered it possible to derive a name for him [Allah] from ever)’ deed which he performs. Our sheikh abu-l-Hasan said, that according to this view Allah should be named ""the producer of pregnancy among women,"" because he creates the pregnancy in them. Al- Jubba’i could not escape this conclusion. Our sheikh said: ""This heresy of yours is worse than the heresy of the Christians in calling Allah the father of Jesus, although even they do not hold that he produced pregnancy in Mary."""
وَمن ضلالات الجبائي أيضا أنه أجَاز وجود عرض وَاحِد في أمكنة كَثِيرَة وفى اكثر من الف ألف مَكَان وَذَلِكَ انه أجَاز وجود كَلَام وَاحِد في ألف ألف مَحل وَزعم أن الْكَلَام الْمَكْتُوب في مَحل إذا كتب لي غَيره كَانَ مَوْجُودا في المحلين من غير انْتِقَال مِنْهُ غير الْمَكَان الأول إلى الثاني وَمن غير حُدُوث فِي الثاني وَكَذَلِكَ أن كتبت في ألف مَكَان أَوْ ألف ألف,"Among the heresies of al-Jubba'i was also the one, according to which he considered it possible for one phenomenon to be in many places even in more than a thousand thousand places. Thus he considered it possible for one word to be in a thousand thousand places, and he claimed that when a word written in one place is then written in another, it exists in two places, without passing from the first place to the second, and without making its appearance in the second. It is thus the same whether it is written in a thousand places, or in a thousand thousand places."
وَزعم هُوَ وَابْنه أَبُو هَاشم أن الله تَعَالَى إذا أَرَادَ أن يفنى الْعَالم خلق عرضا لَا في مَحل أفنى بِهِ جَمِيع الأجسام والجواهر وَلَا يَصح في قدرَة الله تَعَالَى أن يفنى بعض الْجَوَاهِر مَعَ بَقَاء بَعْضهَا وَقد خلقهَا تفاريق وَلَا يقدر على إفنائها تفاريق وَقد حكى أن شَيخنَا أَبَا الْحسن رحمه الله قَالَ للجبائي إذا زعمت أن الله تَعَالَى قد شاكل مَا أَمر بِهِ فَمَا تَقول في رجل لَهُ على غَيره حق يماطله فِيهِ فَقَالَ لَهُ وَالله لأعطينك حَقك غَدا أن شَاءَ الله ثمَّ لم يُعْطه حَقه في غده,"He and his son abu-al-Hashim claimed that Allah, when he desires to destroy the world, creates a spaceless phenomenon by means of which he destroys all bodies and essences. But it is not within the power of Allah to destroy some essences and to spare others. Though he created them separately, he is not able to destroy them separately. It is reported that our sheikh said to al-Jubba'i: “If you say that Allah wishes all that he decrees, then what do you say of a man to whom a debt is owed, and the payment is constantly being put off, and the debtor says, ‘Verily I will pay you the debt tomorrow, if Allah wishes,’ and then does not pay his debt the next day?"""
فَقَالَ يَحْنَث في يَمِينه لأن الله تَعَالَى قد شَاءَ أن يُعْطِيهِ حَقه فِيهِ فَقَالَ لَهُ خَالَفت إِجْمَاع الْمُسلمين قبلك لأنهم اتَّفقُوا قبلك على أن من قرن يَمِينه بِمَشِيئَة الله عز وجل لم يَحْنَث إذا لم يقر بِهِ,"He answered that such a man violated his oath, because Allah desires him to pay the debt then. Our sheikh said to him: “You differ from the community of the Moslems who preceded you, for they agreed before you that he who binds his oath to the unit of Allah does not violate it if he does not keep his oath.”"
ذكر البهشمية,Concerning the Bahshamiyah.
هَؤُلَاءِ اتِّبَاع أَبى هَاشم والجبائي واكثر معتزلة عصرنا على مذْهبه لدَعْوَة ابْن عباد وَزِير آل بويه اليه وَيُقَال لَهُم الدمية لقَولهم بِاسْتِحْقَاق الدَّم والعقاب لَا على فعل وَقد شاركوا الْمُعْتَزلَة في أكثر ضلالاتها وانفردوا عَنْهُم بفضائح لم يسْبقُوا اليها مِنْهَا قَوْلهم بِاسْتِحْقَاق الدَّم وَالْعِقَاب لَا على فعل,"These are the followers of abu-Hashim and of al-Jubba’i, and most of the Mu‘tazilah of our age hold the same view regarding the claims he made on ibn-'Abbad, the vizier of the Buwaihids. They were called al-Dhimmiyah because of their view concerning the deserving of blame, even though the deed is not performed. They shared in most of the heresies of the Mu‘tazilah, though they also distinguished themselves from them in special heresies which they were the first to hold. Among others, was their view about the deserving of blame and punishment when a deed had not been performed."
وَذَلِكَ انهم زَعَمُوا أن الْقَادِر مِنْهَا يجوز أن يَخْلُو من الْفِعْل والشرك مَعَ ارْتِفَاع الْمَوَانِع من الْفِعْل والذي الجأهم إلى ذَلِك أن اصحابنا قَالُوا للمعتزلة إذا اجزتم تقدم الِاسْتِطَاعَة على الْفِعْل لزمتكم التَّسْوِيَة بَين الْوَقْتَيْنِ والاوقات الْكَثِيرَة في تقدمها عَلَيْهِ,"Thus verily they claimed that the one who is able to do a thing [desiring to do it], may not do it, and yet commit infidelity, in spite of the fact that there is no hindrance to the deed. This assertion of theirs is due to the fact that our followers said to the Mu'tazilah, if you declare it possible that ability precede the deed, it necessarily follows that two times and the many times are equal, because the one precedes the other."
فَكَانُوا يَخْتَلِفُونَ فِي الْجَواب عَن هَذَا الالزام فَمنهمْ من كَانَ يُوجب وُقُوع الْفِعْل اَوْ ضِدّه بالاستطاعة فِي الْحَال الثَّانِيَة من حَال حُدُوث الِاسْتِطَاعَة إلى وَقت حُدُوث الْفِعْل وَيُوجب وُقُوع الْفِعْل اَوْ ضِدّه عِنْد عدم الْمَوَانِع وَيَزْعُم مَعَ ذَلِك أن الْقُدْرَة لَا تكون قدرته عَلَيْهِ في حَال حُدُوثه وَمِنْهُم من اجاز عدم الْقُدْرَة مثل حُدُوث الْفِعْل وَمَعَ حُدُوث الْعَجز الذي هُوَ ضد الْقُدْرَة الَّتِي قد عدمت بعد وجودهَا,"They came to differ over the answer to the conclusion, some saying that the occurrence of the deed or its non-occurrence is possible, while ability is passing from the state of possibility to that of actuality. He had to conclude that the occurrence of the deed or its non-occurrence is possible when no hindrance exists. In addition to this, it was claimed that ability does not mean ability to perform the deed at the moment of occurrence; one of them granted that ability might be non-existent just as the occurrence of the deed was non-existent at the very time when inability occurred, which is the very opposite of ability which has vanished after having existed."
وَرَأى أَبُو هَاشم بن الجبائي توجه الزام أَصْحَابنَا عَلَيْهِم فِي التَّسْوِيَة بَين الْوَقْتَيْنِ والاوقات الْكَثِيرَة في جَوَاز تقدم الِاسْتِطَاعَة على الْفِعْل أن جَازَ تقدمها عَلَيْهِ وَلم يجد للمعتزلة عَنهُ انفصالا صَحِيحا فالتزم التَّسْوِيَة وَأَجَازَ بَقَاء المستطيع ابدا مَعَ بَقَاء قدرته وتوفر الْآيَة وارتفاع الْمَوَانِع عَنهُ عاليها من الْفِعْل وَالتّرْك,"Abu-Hashim ibn-al-Jubba’i saw the necessity of accepting the conclusion forced on him by our companions, to wit: equality between the two times and the many, in that he held it possible that ability should precede the deed. It was impossible for the Mu‘tazilites to come to a real conclusion and he had to find some way out. He considered it possible for the man with ability to last forever together with the continuance of his power—the Koran verse fitting his case and all hindrances being removed with regard to it, in so far as concerns the doing of the deed and its abandonment."
فَقيل لَهُ على هَذَا الأصل أَرَأَيْت لَو كَانَ هَذَا الْقَادِر مُكَلّفا وَمَات قبل أن يفعل بقدرته طَاعَة لَهُ مَعْصِيّة مَاذا يكون حَاله فَقَالَ يسْتَحق الذَّم وَالْعِقَاب الدَّائِم لَا على فعل وَلَكِن من أجل أَنه لم يفعل مَا أَمر بِهِ مَعَ قدرته عَلَيْهِ وتوفر الْآيَة فِيهِ وارتفاع الْمَوَانِع مِنْهُ,"Concerning this it was said to him: “Can you see what is the condition of the man who possesses ability and has moral responsibility, but dies before he has performed an act of obedience or disobedience by his ability?"" He answered: ""He deserves blame and the punishment of eternity, not because of his deeds, but because he has not done that which he was commanded to do, although he had the ability and had no hindrances."""
فَقيل لَهُ كَيفَ اسْتحق الْعقَاب بِأَن لم يفعل مَا أَمر بِهِ وان لم يفعل مَا نهى عَنهُ دون أن يسْتَحق الثَّوَاب بِأَن لم يفعل مَا نهى عَنهُ وان لم يفعل مَا أَمر بِهِ,"It was said to him: ""How does he deserve punishment for not doing what he was commanded, and not doing what he was forbidden to do, and not deserving a reward because he did not do what he was forbidden to do, even if he does not do what he was commanded?”"
وَكَانَ اسلافه من الْمُعْتَزلَة يكفرون من يَقُول أن الله تَعَالَى يعذب العاصي على اكْتِسَاب مَعْصِيّة لم يخترعها العاصي وَقَالُوا الْآن أن تَكْفِير أَبى هَاشم فِي قَوْله بعقاب من لَيْسَ فِيهِ مَعْصِيّة لَا من فعله وَلَا من فعل غَيره اولى والثاني انه سمى من لم يفعل مَا أَمر بِهِ عَاصِيا وان لم يفعل مَعْصِيّة وَلم يُوقع اسْم الْمُطِيع إلا على من فعل طَاعَة,"There were some of his predecessors among the Mu'tazilah who used to condemn him who says that Allah punishes the disobedient because of the commission of a sin, which the sinner did not himself originate. They, however, now said: ""It is preferable to condemn abu-Hashim for his views on the punishment of one who was not disobedient, either for his own deed or for that of some one else. Furthermore, he should be condemned for calling the person who did not do what he was commanded disobedient, even though that person did not commit a disobedience, thus applying the name of obedient only to him who actually obeys the command."
وَلَو صَحَّ عَارض بِلَا مَعْصِيّة لصَحَّ مُطِيع بِلَا طَاعَة اَوْ لصَحَّ كَافِر بِلَا كفر ثمَّ إِنَّه مَعَ هَذِه الْبدع الشنعاء زعم أن هَذَا الْمُكَلف لَو تغير تغيرا قبيحا لَا يسْتَحق بذلك قسطين من الْعَذَاب أَحدهمَا للقبيح الذي فعله والثاني لأنه لم يفعل الْحسن الذي أَمر بِهِ,"If it is possible to have a disobedient person without having actual disobedience, then it is possible to have an obedient person without actual obedience, or an unbeliever without actual unbelief. Moreover, besides these hateful heresies, he claimed that if this morally responsible man did a wrong thing, he would, in this case, deserve a double portion of the punishment. One part for the hateful thing which he did, and the other because he did not perform the beautiful thing which was commanded him."
وَلَو تغير تغيرا حسنا وَفعل مثل أفعال الانبياء وَكَانَ الله تَعَالَى قد أمره بشيء فَلم يفعل وَلَا فعل ضِدّه لصار مخلدا وَسَائِر الْمُعْتَزلَة يكفرونه فِي هَذِه المواضيع الثَّلَاثَة,"If he does the right thing and performs the deeds of the prophet, and Allah commands him to do a thing which he does not do, nor does he do the opposite, then indeed he becomes immortal. The rest of the Mu'tazilah condemned him for the three following propositions."
أَحدهَا اسْتِحْقَاق الْعقَاب لَا على فعل والثاني اسْتِحْقَاق قسطين من الْعَذَاب إذا تغير تغيرا قبيحا وَالثَّالِث فِي قَوْله انه لَو تغير تغيرا حسنا وأطاع بِمثل طَاعَة الانبياء عليهم السلام وَلم يفعل شَيْئا وَاحِدًا مِمَّا أمره الله تَعَالَى بِهِ وَلَا ضِدّه لَا يسْتَحق الخلود فِي النَّار,"First, his statement that punishment is deserved, even when not due to the actual deed. Secondly, his claim that a double portion of the punishment is deserved, when a wrong thing is committed (for doing what is wrong, and for not doing what is right). And thirdly, his view that if he does the right thing, and is obedient just as were the prophets, and yet fails to do one thing which Allah commanded him, but at the same time does not do its opposite, in that case he does not deserve eternal fire in hell."
وألزمه اصحابنا فِي الْحُدُود مثل قَوْله فِي القسطين حَتَّى يكون عَلَيْهِ حدان حد الزِّنَى الذي قد فعله والثاني لأنه لم يفعل مَا وَجب عَلَيْهِ من ترك الزِّنَى وَكَذَلِكَ القَوْل في حُدُود الْقَذْف وَالْقصاص وَشرب الْخمر,"About his view of the double portion of punishment, our companions said that there must, according to this, be two punishments; for example, in the case of adultery, one punishment is for adultery, which is committed, and the second because he failed to do that which was incumbent on him, i.e., avoiding adultery. The same view holds regarding blasphemy, punishment, and drinking of wine."
وألزموه إِيجَاب كفارتين على الْمُفطر فِي شهر رَمَضَان إِحْدَاهمَا لفطرة الْمُوجب لِلْكَفَّارَةِ وَالثَّانيَِة بِأَن لم يفعل مَا وَجب عَلَيْهِ من الصَّوْم والكف عَن الْفطر فَلَمَّا رأى ابْن الجبائي توجه هَذَا الالزام عَلَيْهِ فِي بدعته هَذِه ارْتكب مَا هُوَ أشنع مِنْهَا فِرَارًا من إيجاب حَدَّيْنِ وكفارتين فِي فعل وَاحِد,"They said that it also necessarily follows that two atonements are incumbent upon him who breaks the fast in the month of Ramadan, one for a breaking of the fast, which necessitates atonement, and the other because he did not do that which was incumbent on him, i.e., fasting and withholding from food. When ibn-al-Jubbai saw the trend that his conclusion was taking against him, because of these heresies of his, he committed something still more hateful than these heresies, in order to escape the necessity of two punishments and two atonements in connection with one deed."
فَقَالَ إِنَّمَا نهى عَن الزِّنَى وَالشرب وَالْقَذْف فَأَما ترك هَذِه الافعال فَغير وَاجِب عَلَيْهِ وألزموه أيضا القَوْل بثلاثة أقساط واكثر لَا إلى نِهَايَة لأنه اثْبتْ قسطين فِيمَا هُوَ متولد عِنْده قسطا لأنه لم يَفْعَله وقسطا لأنه لم يفعل سَببه وَقد وجدنَا من المسببات مَا يتَوَلَّد عِنْده من اسباب كَثِيرَة يتقدمه كإصابة الهدف بِالسَّهْمِ فإنها يتَوَلَّد عِنْده من حركات كَثِيرَة يَفْعَلهَا الرمي فِي السهْم,"So he said: ""He simply forbade adultery and drinking and blasphemy. But as for the avoiding of these deeds, it is not compulsory for man."" Furthermore, they said that he must conclude that there are three punishments and more ad infinitum, because he asserted that there are two punishments for that which is committed by man, one because he did not commit the act, and one because he did not commit its cause. According to him, we may find causes produced by many preceding causes. For example, take the hitting of the target with an arrow, this is produced by many motions accomplished by the throwing of the arrow."
وكل حَرَكَة مِنْهَا سَبَب لما يَليهَا إلى الاصابة وَلَو كَانَت مائَة حَرَكَة فالمائة مِنْهَا سَبَب الاصابة فَيبقى على أَصله إذا أمره الله تَعَالَى بالإصابة فَلم يَفْعَلهَا أن يسْتَحق مائَة قسط وقسطا آخر الْوَاحِد مِنْهَا أن لم يفعل الاصابة وَالْمِائَة لأنه لم يفعل تِلْكَ الحركات,"Everyone of these motions is a cause for that which follows until the actual hitting of the target takes place. If there were a hundred motions, the hundredth of them would be the cause of the hitting. One should therefore conclude that if Allah commanded a man to hit, and he does not do so, he deserves a hundred punishments and one more, the latter because he did not make the hit, and the hundred because he did not make the necessary motions."
وَمن أصله أيضا انه إذا كَانَ مَأْمُورا بالْكلَام فَلم يَفْعَله اسْتحق عَلَيْهِ قسطين قسطا لأنه لم يفعل الْكَلَام وقسطا لأنه لم يفعل سَببه وَلَو انه فعل ضد سَبَب الْكَلَام لَا يسْتَحق قسطين وَقَامَ هَذَا عِنْده مقَام السَّبَب الَّذِي لم يَفْعَله,"One must also conclude that if a man was commanded to speak, and did not do so, he deserves two punishments, one because he did not say the word, and one because he did not produce its cause; but if he performed something opposite to the cause of the word, he does not deserve both punishments, for this would take the place of the cause which he did not produce."
فَقُلْنَا لَهُ هَل اسْتحق ثَلَاثَة اقساط قسطا لأنه لم يفعل الْكَلَام وقسطا لأنه لم يفعل سَببه وقسطا لأنه ضد سَبَب الْكَلَام وَقد حكى بعض أَصْحَابنَا عَنهُ انه لم يكن يثبت القسطين إِلَّا فِي ترك سَبَب الْكَلَام وَحده وَقد نَص فِي كتاب اسْتِحْقَاق الذِّمَّة على خِلَافه,"We said to him: “Would one deserve three punishments, one because he does not say the word, another because he does not produce its cause, and a third because of the performance of the opposite of the cause of the word?"" Some of our companions report of him that he did not assert that there were two punishments except in the case of his not having produced the cause of speaking a word. But he had pointed out the opposite view in his book Istihkak al-Dhimmah (The Demanding of Protection)."
وَقَالَ فِيهِ كل مَاله ترك مَخْصُوص فَحكمه حكم سَبَب الْكَلَام وَمَا لَيْسَ لَهُ ترك مَخْصُوص فَحكمه حكم ترك الْعَطِيَّة الْوَاجِبَة كَالزَّكَاةِ وَالْكَفَّارَة وَقَضَاء الدّين ورد الْمَظَالِم واراد بِهَذَا أن الزَّكَاة وَالْكَفَّارَة وَمَا اشبههما لَا تقع بجارحة مَخْصُوصَة وَلَا لَهُ ترك وَاحِد مَخْصُوص,"In this he said that every thing that could have a special neglect is in the same category as the cause of a spoken word. But those things which cannot have special neglect are in the same category as the neglecting of giving an obligatory gift, such as alms, and atonement, as the payment of a debt and the return of unlawful possessions. What he meant was that alms and atonement and the like are not performed by a special organ and that there is not a special organ of neglect in connection with each one."
بل لَو صلى اَوْ حج أَو فعل غير ذَلِك كَانَ جَمِيعه تركا لِلزَّكَاةِ وَالْكَلَام سَبَب تَركه مَخْصُوص فَكَانَ تَركه قبيحا فإذا ترك سَبَب الْكَلَام اسْتحق لأجله قسطا وَلَيْسَ للعطية ترك قَبِيح فَلم يسْتَحق عَلَيْهِ قسطا آخر اكثر من أن يسْتَحق الذَّم لأنه لم يود,"For if a man prays or goes on the pilgrimage, or does other things of the kind, it will occasion a neglect of alms. As to speaking a word, the cause for its neglect must be special, and therefore to neglect it is hateful. Therefore, if he neglect the cause of speaking a word, he deserves one portion of punishment. But in the matter of giving there is no hateful neglect. Therefore, one who does not give does not deserve another portion of punishment in addition to the blame he deserves."
فَيُقَال لَهُ أن لم يكن ترك الصَّلَاة وَالزَّكَاة قبيحا وَجب أن يكون حسنا وَهَذَا خُرُوج عَن الدّين فَمَا يُؤَدِّي اليه مثله وَمن مناقضاته فِي هَذَا الْبَاب انه سمى من لم يفعل مَا وَجب عَلَيْهِ ظَالِما وان لم يُوجد مِنْهُ ظلم وَكَذَلِكَ سَمَّاهُ كَافِرًا وفاسقا وَتوقف فِي تَسْمِيَته إِيَّاه عَاصِيا فَأجَاز أن يخلد الله فِي النَّار عبدا لم يسْتَحق اسْم عَاص,"And so they said to him: ""If the neglect of prayer and alms is not hateful, then it must be beautiful."" Such a view is a departure from religion and all that is connected with it. Among the inconsistencies he committed in this chapter is the fact that he called him who did not do what he ought a wrongdoer, even though he were not actually doing wrong. He thus called him unbeliever and heretic, but hesitated to call him disobedient. He thus considered it possible for Allah to consign a man to fire forever, even though he did not deserve the appellation of disobedient."
وتسميته اياه فَاسِقًا وكافرا يُوجب عَلَيْهِ تَسْمِيَته بالعاصي وامتناعه من هَذِه التَّسْمِيَة يمنعهُ من تَسْمِيَته فَاسِقًا وكافرا وَمن مناقضاته فِيهِ أيضا مَا خَالف فِيهِ الاجماع بفرقة بَين الْجَزَاء وَالثَّوَاب حَتَّى انه قَالَ يجوز أن يكون فِي الْجنَّة ثَوَاب كثير لَا يكون جَزَاء وَيكون فِي النَّار عِقَاب كثير لَا يكون جَزَاء,"But if he called him unbeliever and heretic, he must call him disobedient; whereas, if he refrains from calling him disobedient he should not call him heretic and unbeliever. Another inconsistency is his disagreement with the consensus of opinion by making distinction between recompense and reward, according to which he said: ""It follows that there may be much reward in heaven which is not recompense, and that in hell there may be much retribution that is not recompense."
وإنما امْتنع من تَسْمِيَته جَزَاء لأن الْجَزَاء لَا يكون إلا على فعل وَعِنْده أنه قد يكون عِقَاب لَا على فعل وَقيل لَهُ إذا لم يكن جَزَاء إلا على فعل مَا تنكر أنه لَا ثَوَاب وَلَا عِقَاب إِلَّا على فعل,"He refused to call it recompense, because recompense is only for an act, and according to him there may be punishment without there having been any act. It might well be said of him: ""Since there can be no recompense save for an act, then why do you deny that there is no reward and retribution except for an act?”"
والفضيحة الثَّانِيَة من فضائح أَبى هَاشم قَوْله بِاسْتِحْقَاق الذَّم وَالشُّكْر على فعل الْغَيْر فَزعم أن زيدا لَو أَمر عمرا بِأَن يعْطى غَيره فَأعْطَاهُ اسْتحق الشُّكْر على فعل الْغَيْر من قَابض الْعَطِيَّة على الْعَطِيَّة الَّتِي هي فعل غَيره وَكَذَلِكَ لَو أمره بِمَعْصِيَة ففعلها لَا يسْتَحق الذَّم على نفس الْمعْصِيَة الَّتِي هِيَ فعل غَيره,"Abu-Hashim’s second heresy was his view that one could deserve blame and praise for the act of another. For example, if Zaid commands ‘Amr to give something to someone else, and he does so, he deserves thanks from the recipient of the gift for the act which was really due to the act of someone else. In the same way if he commanded him a sin, and he committed it, he does not himself deserve the blame for the sin which is due to the act of another."
وَلَيْسَ قَوْله فِي هَذِه كَقَوْل سَائِر فرق الإمامة أنه يسْتَحق الشُّكْر أَوْ الذَّم على أمْرَهْ إياه بِهِ لَا على الْفِعْل الْمَأْمُور بِهِ الذي هُوَ فعل غَيره وَهَذَا المبتدع يُوجب لَهُ شكرين أَو ذمين أَحدهمَا على الأمر الذي هُوَ فعله وَالْآخر على الْمَأْمُور بِهِ الذي هُوَ فعل غَيره وَكَيف يَصح هَذَا القَوْل على مذْهبه مَعَ إنكاره على أصحاب الْكسْب قَوْلهم بِأَن الله تَعَالَى يخلق إكساب عباده ثمَّ يثيبهم أَوْ يعاقبهم عَلَيْهَا,"This view of his is not like the view of the rest of the community, in that he claims that one deserves thanks or blame according to the command given, not according to the act commanded him, and which was done for another. This view forced him to say that there was double praise and double blame, one of them for the command which is performed, and the other for the thing commanded, which is in reality the act of another. How can this view of his be true, when he denies the truth of what those say who live for gain, i.e. to the effect that Allah created the gains of his servants, and then either rewards or punishes them for it."
وَيُقَال لَهُ مَا أنْكرت على هَذَا الأصل الذي هُوَ فعل غَيره انْفَرَدت بِهِ من قَول الأزارقة أن الله تَعَالَى يعذب طِفْل الْمُشرك على فعل أَبِيه وَقيل إذا أجزت ذَلِك فأجز أن يسْتَحق العَبْد الشُّكْر وَالثَّوَاب على فعل فعله الله تَعَالَى عِنْد فعل العَبْد مثل أن يسقي أَوْ يطعم من قد أشرف على الْهَلَاك فيعيش وَيحيى فَيسْتَحق الشُّكْر وَالثَّوَاب على نفس الْحَيَاة والشبع والري الذي هُوَ من فعل الله تَعَالَى,"It might be said to him: ""What you deny on this basis, which is the act of another, separates you from the view of the Azarikah that Allah torments the child of the polytheist for the deed of his fathers."" Furthermore, it might be said :""If you conclude this, then you must conclude that man deserves praise and reward for a deed done by Allah in conjunction with the deed of man, e. g. a man who is on his deathbed, is given food and drink, and as a result lives and breathes again, according to this conclusion he deserves praise and reward for his own life and for the satisfaction of his hunger and thirst, which, after all, is really an act of Allah."
والفضيحة الثَّالِثَة من فضائحه قَوْله فِي التَّوْبَة لأنها لَا تصح مَعَ ذَنْب مَعَ الإصرار على قَبِيح آخر يُعلمهُ قبيحا اَوْ يَعْتَقِدهُ قبيحا وان كَانَ حسنا وَزعم أيضا أن التَّوْبَة من الفضائح لَا تصح مَعَ الاصرار على منع حَبَّة تجب عَلَيْهِ وعول فِيهِ على دَعْوَاهُ فِي الشَّاهِد أن من قتل ابْنا لغيره وزنى بحرمته يحسن مِنْهُ قبُوله تَوْبَة من اُحْدُ الذنبين مَعَ إصراره على الآخر وَهَذِه دَعْوَى غير مسلمة لَهُ فِي الشَّاهِد,"His third heresy is his view that repentance is not accepted as long as the sinner adheres to some other evil thing which he knows is evil or which he believes to be evil, even if it is good in itself. He also claims that repentance of heresy cannot be accepted if the sinner still persists in withholding the smallest item due by him. In support of his assertion he gave the following illustration, that he who kills another man’s son and commits adultery with the latter's wife, his repentance for one of the sins may be accepted even if he persists in the other. But such an example can not be admitted as illustration."
بل يحسن فِي الشَّاهِد قبُوله التَّوْبَة من ذَنْب مَعَ الْعقَاب على الآخر كَالْإِمَامِ يعقه ابْنه وَيسْرق أَمْوَال النَّاس ويزنى بجواريه ثمَّ يعْتَذر إلى أَبِيه فِي العقوق فَيقبل تَوْبَته فِي العقوق عقوقه وَفِيمَا خانه فِيهِ من مَاله وَيقطع يَده فِي مَال غَيره ويجلده فِي الزِّنَى,"The acceptance of his repentance (for the one sin) is all right, if he is punished for the other, just as in the case of the son who is ungrateful to his father the Imam, steals from various persons, and commits adultery with his maids, then asks forgiveness of the father for the ungratefulness, and the repentance of his ungratefulness is accepted for the money he stole from him (his father), but his hand is cut off for the rest of the property (stolen), and he is flogged for the adultery."
وَمِمَّا عول عَلَيْهِ فِي هَذَا الْبَاب قَوْله أَنما وَجب عَلَيْهِ ترك الْقَبِيح لقبحه فإذا اصر على قبح آخر لم يكن تَارِكًا للقبح الْمَتْرُوك من أجل قبحه وَقُلْنَا لَهُ مَا تنكر أن يكون وجوب ترك الْقَبِيح لإزالة عِقَابه عَن نَفسه فَيصح خلاصه من عِقَاب مَا تَابَ عَنهُ وإن عُوقِبَ على مَال يتب عَنهُ,"For his proof in this case he asserted that the only necessity for his forsaking what was evil was the fact of its being evil; but if he persisted in some other evil, it would show that the reason for his forsaking the first was not simply because it was evil. We say to him: ""That which you deny is the abandoning of evil in order to escape retribution."" Is it possible for a man to escape retribution for the sin of which he repents, and at the same time be punished for the sin of which he does not repent?"
وَقُلْنَا لَهُ اكثر مَا في هَذَا الْبَاب أن يكون التائب عَن بعض ذنُوبه قد نَاقض وَتَابَ عَن ذَنبه لقبحه وأصر على قَبِيح آخر فَلم لَا تصح تَوْبَته من الذي تَابَ مِنْهُ كَمَا أن الْخَارِجِي وَغَيره مِمَّن يعْتَقد اعتقادات فَاسِدَة وَعِنْده انها حَسَنَة يَصح عنْدك من التَّوْبَة عَن قبائح يعلم قبحها مَعَ اصراره على قبائح قد اعْتقد حسنها,"Here is what we said further to him: ""The essence of what is in this chapter, is that he who repents of some of his sins, renouncing and repenting these sins because they are vile, but still persists in some other vile sin; why is this one’s repentance not accepted on what he repented; as in the case of the Khawarij and others who have held corrupt beliefs considered good by them, and whose repentance you accept with regard to some evil they know to be evil, even when it is connected with persistence in some other evil which they had believed was good?"
ويلزمك على أصلك هَذَا إذا قلت انه مَأْمُور باجتناب كل مَا اعتقده قبيحا أن تَقول فِي الْوَاحِد منا إذا اعْتقد قبح مَذَاهِب أَبى هَاشم وزنى وسرق أن لَا يَصح تَوْبَته الا بترك جَمِيع مَا اعتقده قبيحا فَيكون مَأْمُورا باجتناب الزِّنَى وَالسَّرِقَة وباجتناب مَذَاهِب أَبى هَاشم كلهَا لاعْتِقَاده قبحها,"According to this you must conclude that if you say that he is commanded to avoid everything which he believes is evil, then you say of the man among us who believes in the evil of the school of abu-Hashim, and commits adultery and theft, that his repentance cannot be accepted except by his forsaking everything which he believes is evil. He is then commanded to avoid adultery and theft, and to avoid the school of abu-Hashim, because of his belief in their evil."""
وَقد سَأَلَهُ أَصْحَابنَا عَن يهودي اسْلَمْ وَتَابَ عَن جَمِيع القبائح غير انه أصر على منع حَبَّة فضَّة من مستحقها عَلَيْهِ من غير استحلالها وَلَا جحود لَهَا هَل صحت تَوْبَته من الْكفْر فان قَالَ نعم نقض اعتلاله وان قَالَ لَا عاند اجماع الإمامة وَمن قَوْله أَنه لم يَصح اسلامه وانه كَافِر على يَهُودِيَّته الَّتِي كَانَت قبل تَوْبَته ثمَّ أنه لم تجر عَلَيْهِ أحكام الْيَهُود,"Our followers asked him about a Jew who becomes a Moslem and repents of all evil except that he persists in keeping a small piece of silver away from the one who justly deserved it, although he knows such an act is illegal; in such a case is the man s repentance of heresy to be accepted? If he said yes to this, he would be breaking down his own excuse, and if he said no he would be opposing the whole of the community, both because of his view that his Islamism was not true, and because he was heretical about his Judaism which he had held before his repentance; lastly, because the regulations of the Jews are not binding on him."
فَزعم انه غير تائب من الْيَهُودِيَّة بل هُوَ مصر عَلَيْهَا وَهُوَ مَعَ ذَلِك لَيْسَ يَهُودِيّا وَهَذِه مناقضة بَيِّنَة وَقيل لَهُ أن كَانَ مصرا على يَهُودِيَّته فأبح ذَبِيحَته وَخذ الْجِزْيَة مِنْهُ وَذَلِكَ خلاف قَول الأمة,"He claimed, therefore, that he did not repent of his Judaism, but persisted in it, but is nevertheless no Jew. This is very evidently contradictory, and it might be said to him that if the man persisted in his Judaism, then you should recognize his sacrifice as legal and take tax from him. This view differs from that of the community."
والفضيحة الرَّابِعَة من فضائحه قَوْله فِي التَّوْبَة أيضا إِنَّهَا لَا تصح عَن الذَّنب بعد الْعَجز عَن مثله فَلَا يَصح عِنْده تَوْبَة من خرس لِسَانه عَن الْكَذِب وَلَا تَوْبَة من جب ذكره عَن الزِّنَى وَهَذَا خلاف قَول جَمِيع الإمامة قبله وَقيل لَهُ أَرَأَيْت لَو اعْتقد أَنه لَو كَانَ لَهُ لِسَان وَذكر لكذب وزنى كَانَ ذَلِك من مَعْصِيَته فإذا قَالَ نعم قيل فَكَذَلِك إذا اعْتقد انه لَو كَانَ لَهُ آلَة الْكَذِب والزنى لم يعْص الله تَعَالَى بهما وَجب أن يكون ذَلِك من طَاعَة وتوبة,"His fourth heresy is his view that repentance from sin after inability to sin is not acceptable. Nor, according to him, is repentance for lying acceptable when the tongue becomes unable to speak, nor repentance for adultery when the man is a eunuch. This is contradictory to the view of all of the community before him. It might be said to him: ""Do you believe that a man who has a tongue and tells a lie, who can and does commit adultery, is a sinner?"" And if he says yes, then it can be said: ""In like manner, he must believe that if one can lie and commit adultery and yet does not disobey Allah, then obedience and repentance are necessarily present."""
وَكَانَ أبو هَاشم مَعَ إفراطه فِي الْوَعيد أفسق أهل زَمَانه وَكَانَ مصرا على شرب الْخمر وَقيل انه مَاتَ فِي سكره حَتَّى قَالَ فِيهِ بعض المرجئة,"With his excesses in threats, abu-Hashim was the most dissolute of the men of his time. He was also given to drinking wine. And it was said that he died when drunk, so that some Murji’ite said:"
… يعيب القَوْل بالإرجاء حَتَّى,"""He says shameful things about the Murji’ah until He sees some hope in the sins, And the greatest sinner among the people are the Murji’ah And my servant persisted in the major sins (?)"
يرى بعض الرَّجَاء من الجرائر … واعظم من ذَوي الارجاء جرما,
وعبدي كَذَا أصر على الْكَبَائِر …,
والفضيحة الْخَامِسَة من فضائحه قَوْله فِي الارادة الْمَشْرُوطَة واصلها عِنْده قَوْله بانه لَا يجوز أن يكون شيء وَاحِد مرَادا من وَجه مَكْرُوها من وَجه آخر والذي الجأه إلى ذَلِك أن تكلم على من قَالَ بالجهات فِي الْكسْب والخلق فَقَالَ لَا تَخْلُو الوجهة الَّتِي هي الْكسْب من أن تكون مَوْجُودَة أَو مَعْدُومَة فان كَانَ ذَلِك الْوَجْه مَعْدُوما كَانَ فِيهِ إِثْبَات شيء وَاحِد مَوْجُودا ومعدوما وَإِن كَانَ مَوْجُودا لم يخل من أن يكون مخلوقا أم لَا,"His fifth heresy was his view on the conditioned will. The chief point in this is his view that it is not possible for one thing to be desired from one standpoint and abominated from another. What forced him to this is that he spoke against him who believes in different standpoints regarding acquisition and creation; he said that the standpoint of acquisition is necessarily either real or unreal. If the standpoint is unreal, we should have proof of the existence of a thing that is both real and unreal. If it is real, it is necessarily either created or non-created."
فإن كَانَ مخلوقا ثَبت أَنه مَخْلُوق من كل وَجه وان لم يكن مخلوقا صَار الْعقل قَدِيما من وَجه خلقا من وَجه آخر وَهَذَا محَال فألزم على هَذَا كَون الشيء مرَادا من وَجه مَكْرُوها من وَجه آخر وَقيل لَهُ أن الْإِرَادَة عنْدك لَا تتَعَلَّق بالشيء إِلَّا على وجهة الْحُدُوث وَكَذَلِكَ الْكَرَاهَة فإذا كَانَ مرَادا من جِهَة مَكْرُوها من جِهَة أُخْرَى وَجب أن يكون المريد قد أراد مَا أراد وَكره مَا أراد وَهَذَا متناقض,"If it is created, it proves that it is created from all standpoints, while if it is not created, the mind becomes eternal (non-created) from one standpoint and created from another, which is an impossibility. He was led to this view by his thought that a thing must be desired from one standpoint and abominated from another. It may be said to him: “Then will, according to you, is not related to a thing, except from the standpoint of its occurrence, which is also an abomination. And if a thing is willed from one standpoint, and abominated from another, it follows that the one who Wills has willed what he wills and abominated what he wills, which is a contradiction.’"
فَقَالَ لَا يكون المريد للشيء مرِيدا لَهُ إِلَّا من جَمِيع وجوهه حَتَّى لَا يجوز أن يكرههُ من وَجه فألزم عَلَيْهِ الْمَعْلُوم والمجهول اذ لَا يُنكر كَون شيء وَاحِد مَعْلُوما من وَجه مَجْهُولا من وَجه آخر وَلما ارْتكب قَوْله بِأَن الشيء الْوَاحِد لَا يكون مرَادا من جِهَة مَكْرُوها من جِهَة أُخْرَى حلت على نَفسه مسَائِل فِيهَا هدم أصول الْمُعْتَزلَة,"But he said: “The one willing, wills nothing except from all standpoints, so that it is not possible for him to abominate it from another standpoint."" This view is necessarily followed by the question of the known and the unknown, since he does not deny that a thing can be known from one standpoint and unknown from the other, by committing himself to the view that the same thing cannot be willed from one standpoint and abominated from another, he laid himself open to problems which destroy the basis of the Mu'tazilah creed."
وَقد ارْتكب اكثرها مِنْهَا انه يلْزمه أن يكون من القبائح الْعِظَام مَا لم يكرههُ الله تَعَالَى وَمن الْحسن الْجَمِيل مالم يردهُ وَذَلِكَ أنه إذا كَانَ السُّجُود لله تَعَالَى عبَادَة الصَّنَم مَعَ أن السُّجُود للصنم قَبِيح عَظِيم وَكَذَلِكَ إذا أراد أن يكون القَوْل بِأَن مُحَمَّدًا رَسُول الله إِخْبَارًا عَن مُحَمَّد بن عبد الله وَجب أن لَا يكرههُ أن يكون إِخْبَارًا عَن مُحَمَّد آخر مَعَ كَون ذَلِك كفرا,"In fact, he had committed himself to most of these, and thus had to conclude that among the greatest heresies there were some that Allah did not abominate, and, on the other hand, among the beautiful truths, there were some that Allah did not will. The explanation of this is that if to kneel before Allah is worship of idols, although to kneel lief ore an idol is a great evil. And thus if he should wish that his description of Muhammad as the prophet of Allah should refer to ibn-Abdallah, it would be necessary for him not to dislike it to be a description of another Muhammad, although this is heresy."
وَلَزِمَه إذا كره الله تَعَالَى أن يكون السُّجُود عبَادَة للصنم أن لَا يُرِيد كَونه عبَادَة لله تَعَالَى مَعَ كَونه عبَادَة لله طَاعَة حَسَنَة وَركب هَذَا كُله وَذكر في جَامعه الْكَبِير أن السُّجُود للصنم لم يكرههُ الله تَعَالَى وأبى أن يكون الشيء الْوَاحِد مرَادا مَكْرُوها من وَجْهَيْن مُخْتَلفين,"It also follows that if Allah hates to have kneeling used as a worship of idols then he does not wish it to be a worship of Allah, even though fin such a case) it be the worship of Allah and beautiful obedience. To all this, he committed himself, and moreover he mentioned in his great Collection that kneeling to idols is not abominated by Allah; at the same time he rejected the fact that the same thing could be willed and abominated from two different standpoints."
وَقَالَ فِيهِ أما أبو علي يعْني أَبَاهُ فإنه يُجِيز ذَلِك وَهُوَ عندي غير مُسْتَمر على الاصول لِأَن الإرادة لَا تتَنَاوَل الشيء إِلَّا على طَرِيق الْحُدُوث عندنَا وَعِنْده فَلَو أراد حُدُوثه وَكره لوَجَبَ أن يكون قد كره مَا اراد اللَّهُمَّ إِلَّا أن يكون لَهُ حدوثان وَهُوَ الذي عول عَلَيْهِ على أصلنا بَاطِل لأن الإرادة عندنَا قد تتَعَلَّق بالمراد على وَجه الْحُدُوث وعَلى غير وَجه الْحُدُوث وَلَيْسَ أما أباه مَا ألزمهُ وَله عَن إِلْزَامه جَوَاب وقلب,"This view he said abu-'Ali, his father, considered to be right. According to me, this view is not based upon proper principles, for will has nothing to do with the thing,, except in the matter of occurrence, according to us and to him. If he wills the occurrence of a thing, and at the same time abominates it, it follows that what he abominates is what he wills, unless there were two occurrences of the thing. According to us, he who relies on him is wrong because we hold that will has to do with the willed from the standpoint of occurrence, as well as from other standpoints. This conclusion which is forced on him is not forced on his father, and for forcing this conclusion there is an answer and a reversal."
أما الْجَواب فان اباه لم يرد بقوله أن الْإِرَادَة تتَعَلَّق بالشيء على وَجه الْحُدُوث مَا ذهب إليه أَبُو هَاشم وانما أَرَادَ بذلك أنها تتَعَلَّق بِهِ في حَال حُدُوثه بحدوثه أَوْ بِصفة يكون عَلَيْهَا في حَال الْحُدُوث مثل أن يُرِيد حُدُوثه وَيُرِيد كَونه طَاعَة لله تَعَالَى وهى صفة عَلَيْهَا يكون في حَال الْحُدُوث,"As to the answer, his father in his view does not mean that will has to do with the thing from the standpoint of occurrence, as abu-Hashim held; in reality the father meant that the will is related to the thing while it was occurring, or to an attribute which it has while occurring; such as willing an act and willing that it should be an act of obedience to Allah, this (obedience) being an attribute that develops at the time of the occurrence."
وَهَذَا كَقَوْلِهِم أن الْأَمر وَالْخَبَر لَا يكونَانِ أمرا وخبرا إِلَّا بالإرادة إِمَّا إِرَادَة الْمَأْمُور بِهِ على أصل أَبى هَاشم وَغَيره اَوْ إِرَادَة كَونه أمرا وخبرا كَمَا قَالَه ابْن الإخشيد مِنْهُم لِأَن الله تَعَالَى قد قَالَ {فَمن شَاءَ فليؤمن} وَقد أراد حُدُوث كَلَامه وَأَرَادَ الإيمان مِنْهُم وَلَيْسَ قَوْلهم فليؤمن مَعَ ذَلِك أمرا بل هُوَ تهديد لأنه لم يرد كَون هَذَا القَوْل أمرا,"This resembles the view that command and report are not command and report except through the will, either the will of the one commanding, according to abu-Hashim and others, or its inherent will to be a command and a report, as ibn-al-Ikhshid among them said, because Allah had said, “And let him then who will, believe’’ (Surah 18, v. 28). He has, therefore, willed the occurrence of his word, as well as the belief from them, but the words, “Let him believe,"" is not, in this case, a command; rather is it a threat, because he did not will this word to be a command."
وَكَذَلِكَ الْخَبَر لَا يكون خَبرا عِنْدهم وَحَتَّى يُرِيد كَونه خَبرا عَن زيد دون عَمْرو مَعَ أن هَذَا السَّبَب بِإِرَادَة لحدوث الشيء وَبَان بِهَذَا أن كَرَاهَة الله تَعَالَى أن يكون السُّجُود عبَادَة للصنم غير ارادته لحدوثه فَلم يلْزم مَا ذكره ابو هَاشم من كَونه مرَادا من الْوَجْه الذي كرهه وَوجه الْقلب عَلَيْهِ أن يُقَال أن الله تَعَالَى قد نهى عَن السُّجُود للصنم وَقد نَص عَلَيْهِ وَقد ثَبت من أصل الْمُعْتَزلَة أن الله تَعَالَى لَا يَأْمر إِلَّا بحدوث الشيء وَلَا ينْهَي إِلَّا عَن حُدُوثه,"The report, according to them, is not a report until he wills it to be a report about this man and not that man. Although this is the reason for the willing of the occurrence of a thing, and although it has been proved that Allah’s dislike of having kneeling made a worship of idols is different from his will about its occurrence, yet what abu-Hashim said about its being willed from the standpoint which he abominated, does not follow. And as for the reversal, it is said Allah forbids kneeling to idols, and has given a command about it, and it has been firmly held by the Mu‘tazilah that Allah commanded only the occurrence of the thing, and also forbids only its occurrence."
وَقد ثَبت أَنه أَمر بِالسُّجُود عبَادَة لَهُ فَيلْزمهُ أن يكون قد نهى عَنهُ من الْوَجْه الذي امْر بِهِ لأنه لَا ينْهَى الا عَن إِحْدَاث الشيء وَلَيْسَ للسُّجُود الا حُدُوث وَاحِد وَلَو كَانَ لَهُ حدوثان لزمَه أن يكون مُحدثا من وَجه غير مُحدث من وَجه آخر فَلَزِمَهُ في الامر والنهى مَا ألزم إِيَّاه والتجار في الارادة وَالْكَرَاهَة,"Moreover, as they have held that Allah commanded kneeling as an act of worship to him, it must therefore follow that he forbids something from the standpoint which he commanded; for he forbids only the occurrence of the thing, and kneeling is only one occurrence. If, however, it had two occurrences, it would be necessary for it to be created from one standpoint and uncreated from another, whereupon the same conclusion about commanding and forbidding is forced upon him which was forced upon his father and the merchants( ?) with regard to willing and abominating."
والفضيحة السَّادِسَة من فضائحه قَوْله بالأحوال الَّتِي كفره فِيهَا مشاركوه في الاعتزال فضلا عَن سَائِر الْفرق والذي أَلْجَأَهُ اليها سُؤال أَصْحَابنَا قدماء الْمُعْتَزلَة عَن الْعَالم منا هَل فَارق الْجَاهل بِمَا علمه لنَفسِهِ اَوْ لعِلَّة وأبطلوا مُفَارقَته إِيَّاه لنَفسِهِ مَعَ كَونهمَا من جنس وَاحِد وَبَطل أن تكون مُفَارقَته إِيَّاه لَا لنَفسِهِ وَلَا لعِلَّة لأنه لَا يكون حِينَئِذٍ بمفارقته لَهُ أولى من آخر سواهُ فَثَبت أَنه إِنَّمَا فَارقه في كَونه عَالما لِمَعْنى مَا,"His sixth heresy is his view regarding ""the status"" (Ahwal), which view was considered heretic by his fellow Mu‘tazilites, as well as the other sects. What forced him to this heresy was the question put by our followers, the old Mu‘tazilites, as to whether the learned among us differs from the ignorant by his knowledge in himself or for some other reason. They rejected the view that he differed from him in himself because both are of one kind. It is impossible that his difference with himself should be neither because of himself nor for some other reason, because then, in differing from himself, he would not be superior to anyone else."
وَوَجَب أيضا أن يكون لله تَعَالَى في مُفَارقَة الْجَاهل معنى اَوْ صفة بهَا فَارقه فَزعم أَنه إِنَّمَا فَارقه لحَال كَانَ عَلَيْهَا فَأثْبت الْحَال في ثَلَاثَة مَوَاضِع,"It necessarily follows, too, that Allah has in his difference from the ignorant a significance {ma'na) or an attribute by which he is differentiated. He thus claims that Allah differs from the ignorant only for being in a special state (hal). Therefore the state exists in three situations."
أَحدهَا الْمَوْصُوف الذي يكون مَوْصُوفا لنَفسِهِ فَاسْتحقَّ ذَلِك الْوَصْف لحَال كَانَ عَلَيْهَا والثاني الْمَوْصُوف بالشيء لِمَعْنى صَار مُخْتَصًّا بذلك الْمَعْنى لحَال وَالثَّالِث مَا يسْتَحقّهُ لَا لنَفسِهِ وَلَا لِمَعْنى فَيخْتَص بذلك الْوَصْف دون غَيره عِنْده لحَال,"The first is the one in which the subject (mausuf) itself receives the attribute and deserves the attribute because of the state in which it is. The second situation is that the subject to which an attribute is given becomes attached to that attribute as its state (hal). The third situation is that the subject deserves an attribute neither for itself nor for an attribute, and becomes attached to that quality rather than anything else attached to the subject as its state."
وأحوجه إلى هَذَا سُؤال معمر في الْمعَاني لما قَالَ أن علم زيد اخْتصَّ بِهِ دون عمر ولنفسه اَوْ لِمَعْنى اولا لنَفسِهِ اولا لِمَعْنى فان كَانَ لنَفسِهِ وَجب أن يكون لجَمِيع الْعُلُوم بِهِ اخْتِصَاص لكَونهَا علوما وان كَانَ لِمَعْنى صَحَّ قَول معمر في تعلق كل معنى بِمَعْنى لَا إلى نِهَايَة وان كَانَ لَا لنَفسِهِ وَلَا لِمَعْنى لم يكن اخْتِصَاصه بِهِ أولى من اخْتِصَاصه بِغَيْرِهِ,"What forced him into this was a question put by Mu‘ammar regarding ""the significances"": ""Did the learning of Zaid belong to him rather than ‘Amr, for himself or for some significance, or neither for himself nor some significance?"" If it is for himself, then it follows that all branches of learning belong to him, for they are all learning. If it is for some significance, then Mu'ammar is right in holding that each significance is attached to another significance endlessly. If it is neither for himself nor for some significance, then the fact that it belongs to him or to some one else is immaterial."
وَقَالَ أبو هَاشم إنما اخْتصَّ بِهِ لحَال وَقَالَ أصحابنا أن علم زيد اخْتصَّ بِهِ لعَينه لَا لكَونه علما وَلَا لكَون زيدكما تَقول أن السوَاد سَواد لعَينه لَا لأن لَهُ نفسا وعينا ثمَّ قَالُوا لأبي هَاشم هَل تعلم الأحوال اولا تعلمهَا فَقَالَ لَا من قبل أنه لَو قَالَ انها مَعْلُومَة لزمَه إثباتها أشياء إذ لَا يعلم عِنْده إِلَّا مَا يكون شَيْئا ثمَّ أن لم يقل بأنها أحوال مُتَغَايِرَة لأن التغاير إِنَّمَا يَقع بَين الأشياء والذوات,"According to abu-Hashim, Zaid’s learning belongs to him for some state (hal). But our followers say that his learning belongs to him by its essence, and neither because it was knowledge nor because it was Zaid; which is like saying that black is black because of its essence and not because it has a self or a being. They then said to abu-Hashim, ""Do you know the status or not?"" And he said no, because if he had said that they were known, he would have had to prove that they were objects, because, according to him, nothing is known unless it is an object. Nor could he say that they were changing status, because changes occur only in the case of objects and substances."
ثمَّ إنه لَا يَقُول في الأحوال انها مَوْجُودَة وَلَا انها مَعْدُومَة وَلَا انها قديمَة وَلَا محدثة وَلَا مَعْلُومَة وَلَا مَجْهُولَة وَلَا تَقول انها مَذْكُورَة مَعَ ذكره لَهَا بقوله انها غير مَذْكُورَة وَهَذَا متناقض,"Moreover, he does not say that status exist, nor does he say that they are non-existent, nor that they are eternal, nor that they are created, nor that they are known, nor that they are unknown, nor does he say that they are mentioned, although he mentioned them, holding that they are unmentioned, which is a contradiction."
وَزعم أيضا أن الْعَالم لَهُ في كل مَعْلُوم حَال لَا يُقَال فِيهَا انها حَالَة مَعَ الْمَعْلُوم الآخر ولأجل هَذَا زعم أن احوال الباري عز وجل في معلوماته لَا نِهَايَة لَهَا وَكَذَلِكَ أحواله في مقدوراته لَا نِهَايَة لَهَا كَمَا أن مقدوراته لَا نِهَايَة لَهَا وَقَالَ لَهُ اصحابنا مَا انكرت أن يكون لمعلوم وَاحِد أحوال بِلَا نِهَايَة لصِحَّة تعلق الْمَعْلُوم بِكُل عَالم يُوجد لَا إلى نِهَايَة,"He claimed, moreover, that the learned has in each known thing a condition which cannot be said to be his condition in another known thing. To this end, he claimed that the conditions of the creator as to what he knows are endless; the same thing being true about his conditions in his own capabilities, that they are endless just as his capabilities are endless. Our companions say to him: ""You did not deny that for one known thing there are endless conditions, for the known can be dependent on any existent knower ad infinitum."
وَقَالُوا لَهُ هَل احوال الباري من عمل غَيره ام هي هُوَ فأجاب بانها لَا هي هُوَ وَلَا غَيره فَقَالُوا لَهُ فَلم أنكرت على الصفاتية قَوْلهم في صِفَات الله عز وجل في الأزل انها لَا هي وَلَا غَيره,"Furthermore, are the conditions of the creator brought about by others, or are they he himself?"" To this he answered, ""They are neither he nor another."" They then said to him, ""Why do you deny the view of the Sifatiyah that the attributes of Allah are endless, since they are neither he nor another?"""
والفضيحة السَّابِعَة من فضائحه قَوْله نبغي جملَة من الأعراض الَّتِي أثبتها أكثر مثبتي الأعراض كالبقاء والإدراك والكدرة والألم وَالشَّكّ وَقد زعم أن الْأَلَم الذي يلْحق الأنسان عِنْد الْمُصِيبَة والألم الذي يجده عِنْد شرب الدَّوَاء الكريه لَيْسَ بِمَعْنى أكثر من إدراك مَا ينفر عَنهُ الطَّبْع والأدراك لَيْسَ بِمَعْنى عِنْده وَمثله أدراك جَوَاهِر أهل النَّار,"His seventh heresy is the denial of certain phenomena [accidentals], the existence of which has been established 183 by almost everyone, such as continuance, perception, grief, pain, and doubt. He claims that pain which has been inflicted on man by an accident, and pain which comes from drinking distasteful medicines, does not mean more than the perception of something which temperament shuns; therefore perception, according to him, is not a reality. The same is true of the perception of the substances of people condemned to fire while they are in fire."
وَكَذَلِكَ اللَّذَّات عِنْده لَيست بِمَعْنى وَلَا هي اكثر من ادراك المشتهى والادراك لَيْسَ بِمَعْنى وَقَالَ في الْأَلَم الذي يحدث عِنْد الوباء إِنَّه معنى كالألم عِنْد الضَّرْب وَاسْتدلَّ على ذَلِك بانه وَاقع تَحت الْحسن وَهَذَا من عجائبه لِأَن ألم الضَّرْب بالخشب والألم بسعوط الْخَرْدَل والتلدع بالنَّار وَشرب الصَّبْر سَوَاء في الْحسن,"In the same way, according to him, pleasures are not realities, they are not more than perceptions of a desired thing, and perception is not a reality. Of the pain which comes from the plague, he said it is a reality like that which comes from a blow. For proof of this he gave the view that it was included under sensation, which is a strange view, because the pain due to a blow with a stick, and the pain from mustard medicine, and the sting that comes from fire and from the drinking of bitter herbs are the same as regards sensation."
وَيلْزمهُ إذا نفى كَون الملذة معنى أَلا يزِيد لذات أهل الثَّوَاب في الْجنَّة على لذات الأطفال الَّتِي نالوها بِالْفَضْلِ لِاسْتِحَالَة أن يكون لَا شيء اكثر من لَا شيء وَقد قَالَ أن اللَّذَّة في نَفسهَا نفع وَحسن فَاثْبتْ نفعا وحسنا لَيْسَ بشيء وَقَالَ كل ألم ضَرَر وَجَاء من هَذَا أن الضَّرَر مَا لَيْسَ شيء عِنْده,"Moreover, if he rejects the existence of pleasures as a reality, he cannot then consider the pleasures of the people of heaven more than the pleasures of infants which are given to them for well-doing, for nothing cannot be more than nothing. But he claimed that pleasure in itself is a benefit and a sensation, and yet he asserted that benefit and sensation are nothing. Moreover, he claims that all pain is harm, from which it follows that according to him harm also is nothing."
والفضيحة الثَّامِنَة من فضائحه قَوْله في بَاب الفناء أن الله تَعَالَى لَا يقدر على أن يفنى من الْعَالم ذرة مَعَ بَقَاء السَّمَاوَات والأرض وبناه على أصله في دَعْوَاهُ أن الأجسام لَا تفنى إلا بِفنَاء يخلقه الله تَعَالَى لَا في مَحل يكون ضدا لجَمِيع الأجسام لأنه لَا يخْتَص بِبَعْض الْجَوَاهِر دون بعض اذ لَيْسَ هُوَ قَائِما بشيء مِنْهَا فإذا كَانَ ضدا لَهَا نفاها كلهَا وحسبه من الفضيحة في هَذَا قَوْله بِأَن الله يقدر على إفناء جملَة لَا يقدر على إفناء بَعْضهَا,"His eighth heresy is his view in his chapter on annihilation, to the effect that Allah has no power to annihilate an atom from the world and still preserve the integrity of heaven and earth. This claim he founded on the basis of his assertion that bodies cannot be annihilated except by an annihilation created by Allah in no particular place and one that is opposed to all existing things because it is not peculiar to some of the substances, exclusive of others, since it does not pertain to any of them. If it is opposed to them, it annihilates them all. Regarding this heresy, it is sufficient to note that he says that Allah was able to annihilate a whole, but was not able to annihilate a part."
والفضيحة التَّاسِعَة قَوْله بِأَن الطَّهَارَة غير وَاجِبَة والذي الجأه إلى ذَلِك أن سَأَلَ نَفسه عَن الطَّهَارَة بِمَاء مَغْصُوب على قَوْله وَقَول ابيه بِأَن الصَّلَاة في الارض الْمَغْصُوبَة فَاسِدَة واجاب بِأَن الطَّهَارَة بِالْمَاءِ الْمَغْصُوب صَحِيحَة وَفرق بَينهَا وَبَين الصَّلَاة في الدَّار الْمَغْصُوبَة بِأَن قَالَ أن الطَّهَارَة غير وَاجِبَة وانما امْر الله تَعَالَى العَبْد بِأَن يصلي إذا كَانَ متطهرا ثمَّ اسْتدلَّ على أن الطَّهَارَة غير وَاجِبَة بَأن غَيره لَو طهره مَعَ كَونه صَحِيحا أجازه,"His ninth heresy is his view that ablution is not a necessity. What drove him to this was that he asked himself about ablutions with water illegally acquired (his view and that of his father being that prayer is illegal if performed on ground illegally acquired). He came to the conclusion about ablutions with water illegally acquired; (his view and able). The distinction he made between the latter and prayer performed in a house illegally acquired, was that ablutions are not necessary. Thus, although Allah commands his followers to pray only after ablutions, this man inferred that ablutions are not a necessity, because one may perform the ablutions for another, and it will be acceptable."
ثمَّ إنه طرد هَذَا الاعتلال في الْحَج فَزعم أن الْوُقُوف والطوف والسعي غير وَاجِب في الْحَج لأن ذَلِك كُله مجزيه إذا اتى بِهِ رَاكِبًا وَلَزِمَه على هَذَا الأصل أَلا تكون الزَّكَاة وَاجِبَة وَلَا الْكَفَّارَة وَالنُّذُور وَقَضَاء الدُّيُون لأن وَكيله يَنُوب عَنهُ فِيهَا وفى هَذَا ارْفَعْ احكام الشَّرِيعَة وَبَان بِمَا ذَكرْنَاهُ في هَذَا الْفَصْل تَكْفِير زعماء الْمُعْتَزلَة بَعْضهَا لبَعض واكثرهم يكفرون اتباعهم المقلدين لَهُم,"He then carried this reasoning into the matter of the pilgrimage, claiming that standing and going [around the Ka'bah] and running are not necessary to the pilgrimage, because he can acquit himself of all duties when riding. According to this view, he must hold the required alms not obligatory, as well as the atonement, and vows, and the payment of debts, because these can be done by proxy. Yet these are the most important regulations of the religious law. It becomes evident by what we have mentioned in this chapter that the leaders of the Mu‘tazilah condemned each other as heretics. Most of them also condemned their followers who imitated them."
وَمثلهمْ في ذَلِك كَمَا قَالَه الله تَعَالَى {فأغرينا بَينهم الْعَدَاوَة والبغضاء} واما مثل اتباعهم مَعَهم فَقَوْل الله تَعَالَى {إِذْ تَبرأ الَّذين اتبعُوا من الَّذين اتبعُوا وَرَأَوا الْعَذَاب وتقطعت بهم الْأَسْبَاب} {وَقَالَ الَّذين اتبعُوا لَو أن لنا كرة فنتبرأ مِنْهُم كَمَا تبرؤوا منا},"So to them we can apply the following saying of Allah: ""We have aroused enmity and hatred among them"" (Surah 5, v. 15). The following applies to the relation of their followers to them. ""When those who have had followers shall declare themselves free from their followers, after that they have seen the chastisement, and when the ties between them shall be cut asunder"" (Surah 2, v. 167). And further: ""The followers shall say, ‘Could we but return to life, we would keep ourselves clear from them, as they have declared themselves clear of us’"" (Surah 5, v. 168)."
وَمن مكابرات زعمائهم مُكَابَرَة النظام في الطفرة وَقَوله بِأَن الْجِسْم يصير من الْمَكَان الأول إلى الثَّالِث اَوْ الْعَاشِر من غير ضَرُورَة بالوسط ومكابرة أصحاب التوالد مِنْهُم في دَعوَاهُم أن الْمَوْتَى يقتلُون الاحياء على الحقيقة ومكابرة جمهورهم فِي دَعوَاهُم أن الذي يقدر على أن يرْتَفع من الارض شبْرًا قَادر على أن يرْتَفع فَوق السَّمَاوَات السَّبع وان الْمُقَيد المغلول يَدَاهُ قَادر على صُعُوده إلى السَّمَاء وان البقه الصَّغِيرَة تقدر على شرب الْقرَان كَذَا بِمثلِهِ وَبِمَا هُوَ أفصح مِنْهُ,"Among the obstinacies of their leaders is that of al- Nazzam regarding the ""leap ""and his view that the body passes from the first place to the third or the tenth, without need of a medium. We find here also the obstinacies of that class of perjurers who' assert that the dead really kill those who are alive. We also find the obstinacies of many of them in which they assert that he who is able to arise above the earth one span has also the power to rise above the seven heavens, and that those who have chained and bound hands are able to scale the steeps of the heavens, and that a small bug is able to drink the whole bottle (?)."
وَزعم الْمَعْرُوف مِنْهُم بقاسم الدمشقي أن حُرُوف الصدْق هي حُرُوف الْكَذِب وان الْحُرُوف الَّتِي في قَول الْقَائِل لَا أَله إِلَّا الله هي الَّتِي في قَول من يَقُول الْمَسِيح اله وان الْحُرُوف الَّتِي في الْقرَان هي الَّتِي في كتاب زردشت الْمَجُوس بأعيانها لَا على معنى انها مثلهَا وَمن لم يعد هَذِه الْوُجُوه مكابرات للعقول لم يكن لَهُ أن يعد انكار السوفسطائية للمحسوسات مُكَابَرَة,"Another of them, known as Kasim al-Dimashki claims that letters of truth may form an untruth, and that the letters which are in the creed, “there is no God but Allah,"" are the same as those used in saying that Christ is a God; also that the letters which are in the Koran are the same as those in the book of Zoroaster of the Magians, being actually the same and not simply alike in one sense. He who does not consider such views as these mental arrogance, cannot consider the denial of the tangible by the Sophists an arrogance."
وَقد حكى أَصْحَاب المقالات أن سَبْعَة من زعماء الْقَدَرِيَّة اجْتَمعُوا في مجْلِس وَتَكَلَّمُوا في قدرَة الله تَعَالَى على الظُّلم وَالْكذب وافترقوا عَن تَكْفِير كل وَاحِد مِنْهُم لسائرهم وَذَلِكَ أن قَائِلا مِنْهُم قَالَ للنظام في ذَلِك الْمجْلس هَل يقدر الله تَعَالَى على مَا وَقع مِنْهُ لَكَانَ جورا وكذبا مِنْهُ فَقَالَ لَو قدر عَلَيْهِ لم ندر لَعَلَّه قد جَار أَوْ كذب فِيمَا مضى أَوْ يجوز ويكذب في الْمُسْتَقْبل اَوْ جَار في بعض أطراف الأرض,"The Ashab al-Makalat (the writers of sayings) report that seven of the leaders of the Kadariyah gathered together in a meeting and talked of Allah’s power to oppress and lie. When they separated, each one was condemning the other. One of them said to al-Nazzam in this meeting: ""Has Allah [sufficient] power over what comes forth from him to turn it into oppression and lying?"" He replied: ""If he has such power, we cannot tell whether he has oppressed or has lied in what has already come to pass, or whether he may oppress or lie in the future, or may even have oppressed in some parts of the earth [and not others]."
وَلم يكن لنا من جوره وَكذبه أمان إلا من جِهَة حسن الظَّن بِهِ قَالَ مَا دَلِيل يؤمننا من وُقُوع ذَلِك مِنْهُ فَلَا سَبِيل اليه فَقَالَ لَهُ عَليّ الاسواري يلزمك على هَذَا الاعتلال أن لَا يكون قَادِرًا على مَا علم أنه لَا يَفْعَله أَو أخبر بانه لَا يَفْعَله لأنه لَو قدر على ذَلِك لم يَأْمَن وُقُوعه مِنْهُ فِيمَا مضى أَوْ في الْمُسْتَقْبل فَقَالَ النظام هَذَا الإلزام فَمَا قَوْلك فِيهِ,"The only security we have against his oppression and his lying is by our having a good opinion of him."" The questioner went on: ""What evidence then makes us secure from such behaviour on his [Allah’s] part; but to find this out there is no way. To this ‘AIT al-Aswari answered: “According to this reasoning of yours it necessarily follows that Allah has no power over what he knows he does not do, or over what he said he would not do, because if he had power over it, he might have brought it about [after all] in the past or he may cause it in the future. ""Al-Nazzam said: “This does necessarily follow,—what, then, is your view of it ?"""
فَقَالَ أَنا أسوى بَينهمَا وَأَقُول انه لَا يقدر على مَا علم أن لَا يَفْعَله اَوْ اخبر بانه لَا يَفْعَله كَمَا أَقُول أَنا وَأَنت انه لَا يقدر على الظُّلم وَالْكذب فَقَالَ النظام للأسواري قَوْلك الحاد وَكفر وَقَالَ أَبُو الْهُذيْل للأسواري مَا تَقول في فِرْعَوْن وَمن علم الله تَعَالَى مِنْهُم أنهم لَا يُؤمنُونَ هَل كَانُوا قَادِرين على الإيمان أم لَا فإن زعمت أنهم لم يقدروا عَلَيْهِ فقد كلفهم الله تَعَالَى مَا لم يطيقوه وَهَذَا عنْدك كفر,"He replied: ""I compromise between the two views, and say that Allah has no power over what he knows he will not do, or over what he said he would not do, just as you and I say that he has no> power to oppress and lie."" Al-Nazzam then said to al-Aswari: ""Your view is apostate and heretical. ""Abu-al-Hudhail said to al-Aswari: “What do you say of Pharaoh, and of those whom Allah knew would not believe—were they able to believe or not? If you claim that they were not able to believe, then Allah would have laid upon them what they were unable to bear, and this, according to you, is heretical."
وإن قلت أنهم كَانُوا قَادِرين عَلَيْهِ فَمَا يُؤمنك من أن يكون قد وَقع من بَعضهم مَا علم الله تَعَالَى أن لَا يَقع أَوْ أخبر بأنه لَا يَقع مِنْهُ على قَول اعتلالك واعتلال النظام إنكار كَمَا أنكر قدرَة الله تَعَالَى على الظُّلم وَالْكذب فَقَالَ لأبي الْهُذيْل هَذَا الإلزام لنا فَمَا جوابك عَنهُ فَقَالَ أنا أَقُول أن الله تَعَالَى قَادر على أن يظلم ويكذب وعَلى أن يفعل مَا علم أنه لَا يَفْعَله,"On the other hand, if you say that they were able to believe, then how do you escape the fact that things occurred through them, which Allah knew would not occur, or that he said would not occur. According to your reasoning and that of al-Nazzam this is a denial similar to denying Allah’s power to oppress and lie."" He replied to abu-al-Hudhail: ""Since this necessarily follows, how would you answer it?"" And he replied: ""My view is that Allah has power to oppress and to lie, and to do what he knows he would not do."""
فَقَالَا لَهُ أَرَأَيْت لَو فعل الظُّلم وَالْكذب كَيفَ يكون مَكْنُون حَال الدَّلَائِل الَّتِي دلّت على أن الله تَعَالَى لَا يظلم وَلَا يكذب فَقَالَ هَذَا محَال فَقَالَا لَهُ كَيفَ يكون الْمحَال مَقْدُورًا لله تَعَالَى وَلم احلت وُقُوع ذَلِك مِنْهُ مَعَ كَونه مَقْدُورًا لَهُ فَقَالَ لأنه لَا يَقع الا عَن آفَة تدخل عَلَيْهِ ومحال دُخُول الآفات على الله تَعَالَى,"And both of them said to him: ""If he oppresses and lies, do you see what is to be made of the principles of the essence of the evidence which tries to prove that Allah does not oppress or lie?"" He replied: ""This is impossible."" Whereupon they both said to him: ""How can the impossible be within the power of Allah, and why did you consider it impossible for such a thing to occur from him, if you consider it within his power?"" His reply was: ""Because it does not occur until misfortune comes to one, and it is impossible for misfortune to come upon Allah."""
فَقَالَا لَهُ ومحال أيضا أن يكون قَادِرًا على مَا يَقع مِنْهُ إلا عَن آفَة تدخل عَلَيْهِ فبهت الثَّلَاثَة فَقَالَ لَهُم بشر كل مَا أنتم فِيهِ تَخْلِيط فَقَالَ لَهُ أَبُو الْهُذيْل فَمَا تَقول أَنْت تزْعم أن الله تَعَالَى يقدر أن يعذب الطِّفْل ام تَقول هَذَا يَقُول هَذَا يعْني النظام فَقَالَ أَقُول بأنه قَادر على ذَلِك فَقَالَ أَرَأَيْت لَو فعل مَا قدر عَلَيْهِ من تَعْذِيب الطِّفْل ظَالِما لَهُ في تعذيبه لَكَانَ الطِّفْل بَالغا عَاقِلا عَاصِيا مُسْتَحقّا للعقاب الَّذِي أوقعه الله تَعَالَى بِهِ,"They said to him: ""It is also impossible for him to have power over what takes place through him, except when misfortune comes upon him."" And the three were amazed. Bishr said to them that everything which they held was nonsense. Abu-al-Hudhail replied: ""And what do you say? Do you claim that Allah is able to torment a child, or do you merely say, ‘This man (i.e. al-Nazzam) holds that view’?"" He replied: “I hold that Allah has power to do this."" And he said: ""If he does that which he is able to do, namely torment a child, and oppress it, then the child must be an adult, intelligent, sinful, and deserving of the punishment which Allah imposes upon it."
وَكَانَت الدَّلَائِل بِحَالِهَا في دلالتها على عدله فَقَالَ لَهُ أبو الْهُذيْل سخنت عَيْنك كَيفَ تكون عبَادَة لَا تفعل مَا تقدر عَلَيْهِ من الظُّلم فَقَالَ لَهُ المردار أنك قد انكرت على أستاذي فكرا وَقد غلط الاستاذ فَقَالَ لَهُ بشر فَكيف تَقول قَالَ أقول أن الله تَعَالَى قَادر على الظُّلم وَالْكذب وَلَو فعل ذَلِك لَكَانَ الها ظَالِما كَاذِبًا,"The evidences in themselves would be evidences of his justice."" Abu-al- Hudhail said to him: ""May your eyes weep. How can it be an act of virtue not to do what you can do along the line of oppression?"" And al-Mirdar said: “Verily you have denied an opinion of my preceptor, and my preceptor was wrong."" Bishr said to him: ""How do you say?"" And he replied: ""I say that Allah has the power to oppress and to lie, and if he does this, he becomes an oppressive and a lying God."""
فَقَالَ لَهُ بشر فَهَل كَانَ مُسْتَحقّا لِلْعِبَادَةِ ام لَا فان اسْتحقَّهَا فالعبادة شكر للمعبود وإذا ظلم اسْتحق الذَّم لَا الشُّكْر وإن لم يسْتَحق الْعِبَادَة فَكيف يكون رَبًّا لَا يسْتَحق الْعِبَادَة فَقَالَ لَهُم الأشبح انا أَقُول انه قَادر على أن يظلم ويكذب وَلَو ظلم وَكذب لَكَانَ عادلا كَمَا انه قَادر على أن يفعل مَا علم انه لَا يَفْعَله علم لَو فعله كَانَ عَالما بَأن يَفْعَله,"Bishr then said to him: ""Does he deserve worship or not? If he deserves it, then worship is an act of praise toward the worshipped, and if he practises oppression, then he deserves blame and not praise. If, on the other hand, he does not deserve worship, how can he be a lord without it?” Al-Ashbah said to them: “I hold that Allah has the power to oppress and to lie; and even if he oppresses and lies, he is upright, just as he has the power to do that which he knows he is not going to do. If he does it, he knows he will do it."""
فَقَالَ لَهُ  الإسكافي  كَيفَ يَنْقَلِب الْجور عدلا فَقَالَ كَيفَ تَقول انت فَقَالَ أَقُول لَو فعل الْجور وَالْكذب مَا كَانَ الْفِعْل مَوْجُودا وَكَانَ ذَلِك وَاقعا لمَجْنُون أَو مَنْقُوص فَقَالَ لَهُ جَعْفَر بن حَرْب كأنك تَقول أن الله تَعَالَى انما يقدر على ظلم المجانين وَلَا يقدر على ظلم الْعُقَلَاء فافترق الْقَوْم يَوْمئِذٍ عَن انْقِطَاع كل وَاحِد مِنْهُم وَلما انْتَهَت نوبَة الاعتزال إلى الجبائي وَابْنه أمسكا عَن الْجَواب في هَذِه الْمَسْأَلَة بنصح,"Al-Iskafi said to him: How does tyranny change into justice?"" And he replied: ""What do YOU say?"" And he said: ""I hold that if Allah commits tyranny and lying, his act does not exist, for it is done to an insane or defective man.""  Ja'far ibn-Harb said to him: This amounts to saying that Allah has the power to oppress the insane, but no power to oppress the wise.' At that time, the people differed over the reason for the different opinion held by each one of them. And when the turn to answer came to al-Jubba’i and his son, they refrained from answering in this matter, with advisedness."
وَلَا ذكر بعض أَصْحَاب أَبى هَاشم في كِتَابه هَذِه الْمَسْأَلَة فَقَالَ من قَالَ لنا أيصح وُقُوع مَا يقدر الله تَعَالَى عَلَيْهِ من الظُّلم وَالْكذب قُلْنَا لَهُ يَصح ذَلِك لأنه لَو لم يَصح وُقُوعه مِنْهُ مَا كَانَ قَادِرًا عَلَيْهِ لأن الْقُدْرَة على الْمحَال محَال فان قَالَ أفيجوز وُقُوعه مِنْهُ قُلْنَا لَا يجوز وُقُوعه مِنْهُ لقبحه وغناه عَنهُ وَعلمه بغناه عَنهُ,"One of the followers of abu-Hashim does not mention this question in his book. And he said: ""If we are asked, Can what Allah is able to do in the line of oppression and lying occur?’ we reply, This can occur, because if its occurrence were not possible, he would have no power over it, because power over the impossible is an impossibility.’ And if he says, ""Is such an occurrence from Allah possible?’ we answer, Its occurrence through him is not possible, because of the hatefulness of such a deed, the fact that Allah can do without it, and that he knows he can."
فان قَالَ أخبرونا لَو وَقع مقدوره من الظُّلم وَالْكذب كَيفَ كَانَ يكون حَاله في نَفسه هَل كَانَ يدل وُقُوع الظُّلم مِنْهُ على جَهله اَوْ حَاجته قُلْنَا محَال ذَلِك لانا قد علمناه عَالما غَنِيا فان قَالَ فَلَو وَقع مِنْهُ الظُّلم وَالْكذب هَل كَانَ يجوز أن يُقَال أن ذَلِك لَا يدل على جَهله وَحَاجته قُلْنَا لَا يُوصف بذلك لأنا قد عرفنَا دلَالَة الظُّلم على جهل فَاعله أَوْ حَاجته,"If one says, Tell us if his ability to oppress and lie is applied, what would be his own condition? Does the occurrence of his oppression prove his ignorance or his need?”, we say, ‘This is impossible because we have known him to be wise and rich.’ And if he says, ‘If oppression and lying come from him, is it then possible to say that this does not 189 prove his ignorance or his need?’, we then say, he cannot be described in this manner because we know that oppression proves the ignorance of its author or his need.’"
فإن قَالَ فكأنكم لَا تجيبون عَن سُؤال من سألكم عَن دلَالَة وُقُوع الظُّلم وَالْكذب مِمَّن على جهل وحاجة بإثبات وَلَا نفى قُلْنَا كَذَلِك تَقول فَهَؤُلَاءِ زعماء قدرية عصرنا قد اقروا بعجزهم وَعجز أسلافهم عَن الْجَواب في هَذِه الْمَسْأَلَة وَلَو وفقوا للصَّوَاب فِيهَا لرجعوا إلى قَول أَصْحَابنَا بَان الله قَادر على كل مَقْدُور وان كل مَقْدُور لَهُ لَو وَقع مِنْهُ لم يكن ظلما مِنْهُ,"And if he then says, ‘Indeed, you do not answer the question asked of you regarding the evidence of the occurrence of oppression and lies through him who is ignorant and needy, either by yes or no,’ we say, ‘ So you say These leaders of the Kadariyah of our age acknowledge their inability, and the inability of their predecessors, to answer this question. If they should succeed in finding out the truth about it, they would accept the view of our followers that Allah has power over everything subject to power, and that everything which is subject to his power, if it comes from him, is not tyrannical on his part."
وَلَو أحالوا الْكَذِب عَلَيْهِ كَمَا أَحَالهُ أَصْحَابنَا لتخلصوا عَن الإلزام الذي توجه عَلَيْهِم في هَذِه الْمَسْأَلَة وَكَانَ الجبائي يعْتَذر في امْتِنَاعه عَن الْجَواب في هَذِه الْمَسْأَلَة بنعم اَوْ لَا بَان يَقُول مِثَال هَذَا أن قَائِلا لَو قَالَ أخبروني عَن النبي لَو فعل الْكَذِب لَكَانَ يدل على انه لَيْسَ بنبي اَوْ لَا يدل على ذَلِك وَزعم أن الْجَواب في ذَلِك مُسْتَحِيل وَهَذَا ظن مِنْهُ على لأصله,"And if they consider it impossible for him to lie, as our companions did, they would escape from the conclusions which were advanced against them in this matter. One of the excuses given by al-Jubba’i for not being able to answer this question by yes or no was something like this: If someone were to say: Tell me about the Prophet, if he lied, would that be or would it not be a proof that he was not a prophet? He claimed that the answer to this was impossible. This is private guess on his part."
فأما على أصل أهل السّنة فأن النبي كَانَ مَعْصُوما عَن الْكَذِب وَالظُّلم وَلم يكن قَادِرًا عَلَيْهِمَا والمعتزلة غير النظام والأسواري قد وصفوا الله تَعَالَى بِالْقُدْرَةِ على الظُّلم وَالْكذب فلزمهم الْجَواب عَن سُؤال من سَأَلَهُمْ عَن وُقُوع مقدوره مِنْهُمَا هَل يدل على الْجَهْل وَالْحَاجة أَولا يدل على ذَلِك بنعم اولا وَأيهمَا أجابوا بِهِ نقضوا بِهِ أصولهم وَالْحَمْد لله الذي أنقذنا من ضلالتهم المؤدية إلى مناقضاتهم,"As for the Sunnites, they hold to the principle that the prophet was free from lying and oppression, and had no power to perform them. And the Mu‘tazilah, aside from al-Nazzam and al-Aswan, ascribed to Allah the power to oppress and lie. And they had to find an answer for the question of him who asked them about the occurrence of those things subject to his power that came from them (lying and oppression) if they were a proof of ignorance and need or not, by yes or no. Whoever of them tries to answer this, belies their principles in his answer. And praise be to Allah who saved us from this heresy of theirs which leads to such contradictions."
,
,